﻿World Rank,Institution,Location,National Rank,Education Rank,Employability Rank,Faculty Rank,Publications Rank,Influence,Citations,Broad Impact,Patents,Score,Year
1,Harvard University,USA,1,1,1,1,1,1,1,1,2,100,2017
2,Stanford University,USA,2,8,2,2,5,3,2,3,7,96.86,2017
3,Massachusetts Institute of Technology,USA,3,2,12,3,14,2,3,2,1,95.72,2017
4,University of Cambridge,United Kingdom,1,3,10,6,10,7,17,13,52,93.14,2017
5,University of Oxford,United Kingdom,2,7,14,9,6,6,4,9,19,92.2,2017
6,Columbia University,USA,4,13,6,10,13,12,13,14,4,90.8,2017
7,"University of California, Berkeley",USA,5,6,24,5,12,4,7,7,22,88.26,2017
8,University of Chicago,USA,6,11,13,8,23,17,11,16,85,87.13,2017
9,Princeton University,USA,7,4,15,4,99,26,23,39,122,86.04,2017
10,Yale University,USA,8,9,27,11,17,10,32,18,48,81.2,2017
11,California Institute of Technology,USA,9,5,339,7,82,13,23,28,13,80.46,2017
12,Cornell University,USA,10,10,17,16,22,15,37,22,12,79.73,2017
13,University of Tokyo,Japan,1,14,3,29,16,22,29,33,8,76.8,2017
14,University of Pennsylvania,USA,11,24,4,27,11,18,12,11,11,73.9,2017
15,"University of California, Los Angeles",USA,12,37,28,12,8,14,9,8,6,71.83,2017
16,Johns Hopkins University,USA,13,17,91,18,4,11,4,4,3,67.15,2017
17,Northwestern University,USA,14,150,11,43,27,37,29,25,46,65.02,2017
18,"University of California, San Diego",USA,15,23,616+,17,15,5,18,17,15,64.87,2017
19,New York University,USA,16,35,21,20,48,29,32,32,51,64.36,2017
20,"University of California, San Francisco",USA,17,383+,616+,14,21,8,16,9,60,64.36,2017
21,Kyoto University,Japan,2,18,18,23,43,49,103,93,14,64.06,2017
22,University of Michigan,USA,18,27,20,141,3,20,10,12,10,63.9,2017
23,Seoul National University,South Korea,1,383+,9,240+,40,159,153,113,9,62.23,2017
24,Swiss Federal Institute of Technology in Zurich,Switzerland,1,19,52,19,44,25,50,81,50,61.18,2017
25,University of Washington,USA,19,46,115,24,9,9,6,5,25,60.66,2017
26,University of Wisconsin–Madison,USA,20,32,30,36,24,28,20,30,18,60.46,2017
27,Hebrew University of Jerusalem,Israel,1,16,217,15,133,119,278,168,37,59.12,2017
28,University of Toronto,Canada,1,44,71,22,2,16,8,6,205,59.09,2017
29,Duke University,USA,21,85,32,49,19,23,13,15,26,58.84,2017
30,University of Texas at Austin,USA,22,71,29,28,60,57,27,66,31,58.3,2017
31,University College London,United Kingdom,3,20,439,35,7,19,26,22,77,58.14,2017
32,Keio University,Japan,3,308,5,240+,315,256,415,286,72,57.63,2017
33,Rockefeller University,USA,23,36,616+,13,412,33,302,105,255,57.53,2017
34,Imperial College London,United Kingdom,4,60,68,39,18,24,18,21,33,57.23,2017
35,École Polytechnique,France,1,107,7,187,394,334,234,313,209,56.63,2017
36,University of Illinois at Urbana–Champaign,USA,24,26,77,26,49,59,45,75,56,56.1,2017
37,Waseda University,Japan,4,311,8,240+,466,439,576,375,221,55.67,2017
38,University of North Carolina at Chapel Hill,USA,25,144,70,62,28,31,15,20,40,55.19,2017
39,Weizmann Institute of Science,Israel,2,21,616+,21,282,71,234,162,35,54.75,2017
40,University of Virginia,USA,26,147,19,133,108,90,97,108,65,54.28,2017
41,McGill University,Canada,2,33,38,56,37,52,40,41,99,54.17,2017
42,École normale supérieure - Paris,France,2,12,514,75,413,172,576,317,913+,54.01,2017
43,University of Pittsburgh,USA,27,87,147,240+,25,55,21,24,42,53.55,2017
44,University of Edinburgh,United Kingdom,5,31,158,32,55,30,45,38,161,53.52,2017
45,University of Southern California,USA,28,143,58,37,62,63,73,56,29,53.49,2017
46,University of Minnesota,USA,29,67,141,69,20,34,34,28,57,53.41,2017
47,Dartmouth College,USA,30,54,16,240+,248,179,213,182,78,53.35,2017
48,Ohio State University,USA,31,83,97,60,30,51,35,35,47,53.33,2017
49,Rutgers University,USA,32,106,41,31,74,62,66,61,66,53.31,2017
50,Osaka University,Japan,5,51,35,78,77,68,167,103,16,53.22,2017
51,"University of California, Davis",USA,33,41,280,66,33,38,38,51,53,52.73,2017
52,National Taiwan University,Taiwan,1,74,22,240+,54,202,167,182,726,52.64,2017
53,Washington University in St. Louis,USA,34,118,96,81,41,21,29,19,112,52.6,2017
54,Peking University,China,1,174,34,240+,46,99,144,104,30,52.34,2017
55,University of British Columbia,Canada,3,75,329,97,26,36,28,31,75,52.24,2017
56,Pierre-and-Marie-Curie University,France,3,25,464,98,31,32,62,46,138,52.08,2017
57,Boston University,USA,35,328,56,92,72,45,22,37,91,52.07,2017
58,Pennsylvania State University,USA,36,172,61,72,39,42,43,51,68,52.07,2017
59,University of Florida,USA,37,234,219,99,42,88,55,55,5,52.05,2017
60,University of Copenhagen,Denmark,1,146,166,73,29,27,35,27,255,51.58,2017
61,National University of Singapore,Singapore,1,383+,79,240+,34,107,81,84,26,51.56,2017
62,University of Manchester,United Kingdom,6,111,92,80,45,67,23,43,134,51.55,2017
63,Vanderbilt University,USA,38,94,76,116,59,54,38,46,69,51.23,2017
64,Purdue University,USA,39,78,44,52,86,100,126,130,34,51.06,2017
65,Tsinghua University,China,2,334,53,240+,52,130,89,113,28,51.04,2017
66,"University of California, Santa Barbara",USA,40,112,335,38,145,73,45,68,57,50.89,2017
67,Carnegie Mellon University,USA,41,29,106,25,225,233,138,154,122,50.89,2017
68,University of Utah,USA,42,95,100,74,101,65,89,88,20,50.87,2017
69,University of Colorado Boulder,USA,43,65,86,42,107,40,50,83,143,50.71,2017
70,University of Paris-Sud,France,4,30,402,33,91,93,105,93,418,50.67,2017
71,Ludwig Maximilian University of Munich,Germany,1,45,123,77,61,50,45,40,186,50.48,2017
72,Karolinska Institute,Sweden,1,116,616+,41,47,46,62,33,613,50.42,2017
73,University of Rochester,USA,44,70,49,117,137,133,60,84,49,50.41,2017
74,University of Sydney,Australia,1,123,274,167,35,77,40,57,83,50.3,2017
75,University of Arizona,USA,45,102,63,68,88,41,55,61,137,50.3,2017
76,University of Texas Southwestern Medical Center,USA,46,73,616+,34,142,35,105,41,145,50.23,2017
77,Katholieke Universiteit Leuven,Belgium,1,383+,194,240+,32,80,54,49,82,50.18,2017
78,King's College London,United Kingdom,7,28,167,109,68,83,62,58,199,50.17,2017
79,Emory University,USA,47,383+,127,131,64,53,70,36,63,50.17,2017
80,"University of Maryland, College Park",USA,48,59,203,54,75,44,40,71,201,50.13,2017
81,Brown University,USA,49,80,39,46,120,87,97,105,208,50.12,2017
82,University of Melbourne,Australia,2,88,133,141,38,60,50,50,240,50.11,2017
83,Utrecht University,Netherlands,1,91,185,118,36,43,55,51,286,49.97,2017
84,Sapienza University of Rome,Italy,1,52,200,30,100,181,105,127,306,49.78,2017
85,Erasmus University Rotterdam,Netherlands,2,383+,42,207,81,118,97,46,166,49.68,2017
86,Ruprecht Karl University of Heidelberg,Germany,2,48,370,64,69,58,70,44,214,49.66,2017
87,Tel Aviv University,Israel,3,72,82,53,109,122,183,146,45,49.61,2017
88,Tohoku University,Japan,6,49,131,195,95,152,183,141,21,49.57,2017
89,Swiss Federal Institute of Technology in Lausanne,Switzerland,2,383+,72,119,129,115,55,84,62,49.49,2017
90,University of Texas MD Anderson Cancer Center,USA,50,383+,616+,87,90,72,59,26,67,49.46,2017
91,University of Zurich,Switzerland,3,135,388,93,63,47,43,59,143,49.46,2017
92,University of Geneva,Switzerland,4,39,220,40,132,82,97,84,379,49.42,2017
93,University of Notre Dame,USA,51,246,25,157,271,263,252,236,275,49.3,2017
94,University of Queensland,Australia,3,295,269,146,51,69,73,82,70,49.3,2017
95,Georgia Institute of Technology,USA,52,130,75,128,113,173,105,108,43,49.29,2017
96,"University of California, Irvine",USA,53,252,616+,48,94,61,66,71,89,49.19,2017
97,Lomonosov Moscow State University,Russia,1,15,206,59,309,259,302,363,766,49.19,2017
98,Tufts University,USA,54,76,43,185,185,171,81,113,71,48.94,2017
99,University of Oslo,Norway,1,61,322,47,98,114,89,93,201,48.64,2017
100,Ghent University,Belgium,2,149,325,152,71,95,60,80,114,48.6,2017
101,Texas A&M University,USA,55,359,89,51,92,132,81,154,89,48.58,2017
102,University of Groningen,Netherlands,3,190,237,111,56,86,66,69,382,48.56,2017
103,University of Barcelona,Spain,1,383+,236,240+,50,92,89,51,250,48.56,2017
104,Yonsei University,South Korea,2,383+,50,240+,127,341,415,221,24,48.53,2017
105,University of New South Wales,Australia,4,200,60,215,84,157,73,129,136,48.45,2017
106,University of Alberta,Canada,4,187,163,156,67,117,73,98,100,48.44,2017
107,Nanyang Technological University,Singapore,2,383+,591,240+,93,310,105,118,41,48.41,2017
108,Radboud University Nijmegen,Netherlands,4,132,291,240+,83,102,45,61,298,48.4,2017
109,University of Amsterdam,Netherlands,5,126,409,234,57,79,81,60,262,48.36,2017
110,Arizona State University,USA,56,383+,266,95,139,109,105,173,23,48.34,2017
111,Technical University of Munich,Germany,3,47,146,181,102,89,126,90,132,48.3,2017
112,Free University of Berlin,Germany,4,84,551,107,73,75,73,75,355,48.27,2017
113,VU University Amsterdam,Netherlands,6,383+,450,240+,70,120,50,71,482,48.26,2017
114,University of Helsinki,Finland,1,58,507,113,79,78,103,61,482,48.22,2017
115,Leiden University,Netherlands,7,155,583,104,80,84,81,66,151,48.22,2017
116,Baylor College of Medicine,USA,57,383+,616+,119,114,39,73,44,157,48.17,2017
117,Mines ParisTech,France,5,306,23,171,962,863,853+,887,887,48.11,2017
118,Case Western Reserve University,USA,58,50,227,217,146,111,81,90,91,48.09,2017
119,University of Bristol,United Kingdom,8,221,182,67,96,66,89,93,349,48.08,2017
120,Rice University,USA,59,57,95,70,286,162,62,151,72,48.03,2017
121,Aarhus University,Denmark,2,335,184,103,78,81,97,102,151,48,2017
122,Paris Diderot University - Paris 7,France,6,98,616+,88,105,48,81,75,541,47.95,2017
123,Korea University,South Korea,3,383+,45,240+,170,396,252,236,36,47.94,2017
124,Humboldt University of Berlin,Germany,5,319,616+,182,76,76,73,71,499,47.87,2017
125,Uppsala University,Sweden,2,53,278,79,104,70,126,100,842,47.84,2017
126,Kyushu University,Japan,7,298,55,240+,169,220,319,236,38,47.75,2017
127,University of Colorado Denver | Anschutz Medical Campus,USA,60,383+,616+,141,123,104,81,75,84,47.73,2017
128,Lund University,Sweden,3,162,427,171,87,129,70,75,887,47.71,2017
129,University of Montreal,Canada,5,347,197,240+,85,94,119,90,186,47.62,2017
130,Michigan State University,USA,61,113,137,240+,103,141,89,130,85,47.6,2017
131,Georgetown University,USA,62,157,31,240+,319,318,252,221,138,47.59,2017
132,Southern Methodist University,USA,63,205,26,240+,711,580,415,621,766,47.58,2017
133,Nagoya University,Japan,8,42,263,58,161,163,213,205,64,47.54,2017
134,Tokyo Institute of Technology,Japan,9,195,51,82,223,205,213,214,61,47.54,2017
135,Indiana University - Bloomington,USA,64,104,37,179,192,150,252,205,223,47.52,2017
136,Monash University,Australia,5,302,153,240+,66,110,153,136,118,47.47,2017
137,McMaster University,Canada,6,247,328,163,126,126,66,69,217,47.46,2017
138,Icahn School of Medicine at Mount Sinai,USA,65,383+,616+,240+,152,64,89,61,122,47.45,2017
139,University of Iowa,USA,66,137,240,169,112,101,153,111,79,47.34,2017
140,KAIST,South Korea,4,383+,140,240+,197,309,709,260,17,47.34,2017
141,University of Glasgow,United Kingdom,9,140,121,240+,124,112,89,99,387,47.28,2017
142,Shanghai Jiao Tong University,China,3,356,108,240+,58,239,194,168,158,47.14,2017
143,Royal Institute of Technology,Sweden,4,219,33,108,231,315,194,273,842,47.13,2017
144,Technical University of Denmark,Denmark,3,368,475,224,200,207,119,190,32,47.09,2017
145,University of São Paulo,Brazil,1,325,94,145,65,176,167,168,673,47.09,2017
146,University of Nottingham,United Kingdom,10,156,144,89,116,182,119,130,148,47.04,2017
147,University of Basel,Switzerland,5,92,255,50,160,91,126,141,445,47.04,2017
148,Technion – Israel Institute of Technology,Israel,4,55,195,61,215,201,194,236,59,47.03,2017
149,University of Alabama at Birmingham,USA,67,383+,534,240+,148,131,144,88,95,47.03,2017
150,Aix-Marseille University,France,7,243,426,240+,89,74,126,118,219,46.97,2017
151,University of Tübingen,Germany,6,63,504,106,144,124,167,108,142,46.93,2017
152,Western University (University of Western Ontario),Canada,7,242,40,240+,159,200,167,211,250,46.91,2017
153,"University of California, Santa Cruz",USA,68,197,616+,71,267,56,105,93,299,46.91,2017
154,Wake Forest University,USA,69,291,67,240+,259,236,144,141,103,46.85,2017
155,University of Miami,USA,70,383+,204,240+,167,134,126,111,87,46.83,2017
156,University of Leeds,United Kingdom,11,56,190,240+,130,138,126,133,245,46.82,2017
157,University of Bonn,Germany,7,62,251,91,156,116,116,127,349,46.82,2017
158,University of Hong Kong,Hong Kong,1,233,87,240+,128,185,105,162,210,46.77,2017
159,Oregon Health & Science University,USA,71,383+,616+,135,193,113,97,100,128,46.75,2017
160,Albert Ludwig University of Freiburg,Germany,8,171,119,223,155,127,144,125,127,46.75,2017
161,University of Southampton,United Kingdom,12,350,125,192,111,123,119,141,199,46.74,2017
162,Grenoble Alpes University,France,8,163,605,128,110,97,153,113,176,46.7,2017
163,Australian National University,Australia,6,134,350,45,138,98,144,185,382,46.68,2017
164,University of Padua,Italy,2,305,610,240+,106,140,105,107,404,46.67,2017
165,Stony Brook University,USA,72,206,616+,55,196,105,167,154,96,46.59,2017
166,Zhejiang University,China,4,383+,277,240+,53,244,415,197,148,46.58,2017
167,University of Birmingham,United Kingdom,13,81,165,228,119,160,194,141,186,46.53,2017
168,University of Hamburg,Germany,9,339,169,138,147,128,144,122,333,46.42,2017
169,University of Milan,Italy,3,182,357,185,122,186,126,113,355,46.39,2017
170,University of Sheffield,United Kingdom,14,168,231,218,143,151,105,146,168,46.37,2017
171,University of Göttingen,Germany,10,40,161,180,165,142,278,176,320,46.36,2017
172,Fudan University,China,5,383+,143,240+,97,210,234,168,175,46.35,2017
173,"University of Maryland, Baltimore",USA,73,383+,616+,240+,175,148,167,121,91,46.32,2017
174,Yeshiva University,USA,74,227,616+,208,201,96,138,120,110,46.31,2017
175,"Trinity College, Dublin",Ireland,1,309,62,220,290,214,138,185,170,46.28,2017
176,University of Cincinnati,USA,75,133,110,240+,174,183,144,146,232,46.25,2017
177,University of Calgary,Canada,8,383+,105,240+,141,166,213,139,842,46.24,2017
178,Stockholm University,Sweden,5,152,98,206,198,103,73,190,887,46.22,2017
179,University of South Florida,USA,76,383+,368,240+,232,249,194,199,54,46.17,2017
180,University of Strasbourg,France,9,69,616+,44,194,156,234,226,262,46.15,2017
181,University of the Witwatersrand,South Africa,1,79,36,174,389,199,302,385,292,46.13,2017
182,University of Massachusetts Medical School,USA,77,383+,616+,86,304,85,167,133,112,46.12,2017
183,University of Ottawa,Canada,9,244,198,240+,153,168,194,125,521,46.03,2017
184,Cardiff University,United Kingdom,15,342,238,147,173,146,119,151,201,46.01,2017
185,University of Illinois at Chicago,USA,78,383+,544,240+,140,194,126,185,91,45.99,2017
186,Goethe University Frankfurt,Germany,11,97,276,94,199,153,213,136,373,45.99,2017
187,University of Lausanne,Switzerland,6,96,412,240+,213,125,138,122,541,45.96,2017
188,Indiana University-Purdue University Indianapolis,USA,79,383+,457,240+,187,180,252,133,101,45.93,2017
189,Hokkaido University,Japan,10,228,210,138,166,191,319,283,55,45.92,2017
190,Université libre de Bruxelles,Belgium,3,192,128,76,254,221,153,176,194,45.91,2017
191,Louisiana State University,USA,80,303,152,240+,183,184,126,176,145,45.89,2017
192,Paris Descartes University,France,10,383+,471,240+,134,106,234,136,521,45.87,2017
193,University of Bologna,Italy,4,367,343,240+,131,260,126,159,292,45.84,2017
194,University of Münster,Germany,12,105,386,177,172,188,167,151,219,45.8,2017
195,Queen Mary University of London,United Kingdom,16,119,420,240+,224,164,183,122,280,45.79,2017
196,TU Dresden,Germany,13,383+,616+,240+,184,177,126,166,118,45.77,2017
197,University of Montpellier,France,11,314,513,171,135,135,116,175,592,45.75,2017
198,University of Kansas,USA,81,169,124,240+,214,178,116,210,154,45.74,2017
199,University of Erlangen-Nuremberg,Germany,14,258,600,240+,164,192,144,139,299,45.73,2017
200,University of Cologne,Germany,15,383+,134,221,204,137,153,165,492,45.73,2017
201,Wayne State University,USA,82,383+,142,240+,219,264,138,193,130,45.72,2017
202,Sungkyunkwan University,South Korea,5,383+,135,240+,178,299,153,211,111,45.71,2017
203,University of Bern,Switzerland,7,208,575,235,149,108,119,173,433,45.7,2017
204,Newcastle University,United Kingdom,17,383+,262,204,182,147,194,146,340,45.69,2017
205,North Carolina State University,USA,83,66,230,119,168,227,234,236,101,45.67,2017
206,University of Western Australia,Australia,7,138,338,197,121,154,194,176,438,45.66,2017
207,University of Liverpool,United Kingdom,18,207,239,230,157,143,153,176,401,45.6,2017
208,Hanyang University,South Korea,6,383+,130,240+,280,446,482,385,43,45.56,2017
209,University of Georgia,USA,84,99,157,174,181,155,278,243,98,45.55,2017
210,University of Massachusetts Amherst,USA,85,151,126,161,222,208,183,194,266,45.52,2017
211,Iowa State University,USA,86,315,148,112,188,195,167,194,325,45.5,2017
212,Pohang University of Science and Technology,South Korea,7,383+,616+,240+,318,357,319,327,39,45.48,2017
213,RWTH Aachen University,Germany,16,374,168,193,195,374,138,205,162,45.48,2017
214,University of New Mexico,USA,87,383+,616+,240+,241,174,153,182,108,45.46,2017
215,Maastricht University,Netherlands,8,383+,616+,240+,163,284,153,166,355,45.42,2017
216,University of Missouri–Columbia,USA,88,276,93,101,229,250,194,260,148,45.41,2017
217,Nanjing University,China,6,270,326,240+,115,340,153,221,221,45.41,2017
218,"University of California, Riverside",USA,89,271,616+,240+,235,139,183,162,205,45.39,2017
219,University of Science and Technology of China,China,7,383+,201,240+,125,265,302,199,576,45.39,2017
220,University of Turin,Italy,5,336,458,163,206,257,213,150,477,45.38,2017
221,Claude Bernard University Lyon 1,France,12,383+,553,240+,151,144,234,194,178,45.37,2017
222,University of Texas Health Science Center at Houston,USA,90,383+,616+,157,233,149,213,154,275,45.36,2017
223,University of Kiel,Germany,17,217,451,219,242,170,167,159,404,45.29,2017
224,Paul Sabatier University - Toulouse III,France,13,383+,616+,240+,158,121,213,185,508,45.28,2017
225,Sun Yat-sen University,China,8,383+,259,240+,118,324,194,232,233,45.26,2017
226,University of Leicester,United Kingdom,19,383+,616+,240+,260,136,183,159,347,45.25,2017
227,University of Gothenburg,Sweden,6,279,228,119,186,175,167,199,913+,45.24,2017
228,London School of Hygiene & Tropical Medicine,United Kingdom,20,383+,616+,201,251,145,183,154,663,45.24,2017
229,Autonomous University of Barcelona,Spain,2,383+,616+,240+,136,212,278,197,280,45.24,2017
230,Complutense University of Madrid,Spain,3,89,57,237,211,326,357,356,265,45.23,2017
231,Chinese University of Hong Kong,Hong Kong,2,127,505,119,154,301,213,219,178,45.2,2017
232,Brandeis University,USA,91,38,301,57,606,217,357,348,255,45.18,2017
233,Karlsruhe Institute of Technology,Germany,18,373,191,193,218,327,213,234,114,45.15,2017
234,University of Auckland,New Zealand,1,260,272,240+,237,238,119,243,120,45.12,2017
235,George Washington University,USA,92,214,74,240+,298,230,319,260,410,45.12,2017
236,Julius-Maximilian's University of Würzburg,Germany,19,124,398,170,216,187,278,190,382,45.11,2017
237,University of Houston,USA,93,383+,59,240+,311,275,357,352,128,45.1,2017
238,Laval University,Canada,10,317,254,240+,208,245,213,214,156,45.09,2017
239,National Cheng Kung University,Taiwan,2,383+,48,240+,176,485,482,425,521,45.09,2017
240,University of Connecticut,USA,94,326,218,240+,180,198,213,232,170,45.06,2017
241,University of Texas Health Science Center at San Antonio,USA,95,383+,616+,240+,332,234,167,168,252,45.05,2017
242,Moscow Institute of Physics and Technology,Russia,2,22,381,240+,918,668,709,998,862,45.04,2017
243,University of Manitoba,Canada,11,153,101,157,256,276,302,283,138,45.03,2017
244,Wageningen University and Research Centre,Netherlands,9,320,528,178,179,169,234,199,425,45.01,2017
245,Johannes Gutenberg University of Mainz,Germany,20,313,616+,216,217,193,213,185,427,45,2017
246,Durham University,United Kingdom,21,82,223,85,249,229,252,253,382,45,2017
247,Medical University of Vienna,Austria,1,383+,616+,240+,240,216,234,176,349,45,2017
248,Université catholique de Louvain,Belgium,4,269,268,100,293,307,144,221,247,44.96,2017
249,Florida State University,USA,96,251,324,240+,227,222,105,229,349,44.95,2017
250,University of Vienna,Austria,2,215,205,114,243,158,194,229,521,44.89,2017
251,Drexel University,USA,97,383+,177,240+,367,368,213,293,79,44.87,2017
252,University College Dublin,Ireland,2,267,145,240+,284,295,153,243,266,44.86,2017
253,"University of Tennessee, Knoxville",USA,98,343,138,240+,226,228,252,243,418,44.84,2017
254,University of Florence,Italy,6,237,347,96,219,285,213,229,541,44.82,2017
255,Charles University in Prague,Czech Republic,1,263,607,191,234,225,183,205,627,44.81,2017
256,Delft University of Technology,Netherlands,10,329,252,240+,228,266,357,266,103,44.8,2017
257,Oregon State University,USA,99,165,256,240+,257,167,153,236,282,44.79,2017
258,Northeastern University,USA,100,337,112,240+,362,281,252,337,81,44.78,2017
259,University of Cape Town,South Africa,2,125,164,150,302,197,252,252,314,44.77,2017
260,University of Düsseldorf,Germany,21,212,616+,240+,305,218,183,199,470,44.75,2017
261,University of Warwick,United Kingdom,22,158,202,131,190,203,183,290,247,44.73,2017
262,Virginia Commonwealth University,USA,101,383+,460,153,263,247,357,214,183,44.73,2017
263,University of Waterloo,Canada,12,383+,113,240+,189,332,357,278,726,44.71,2017
264,University of Naples Federico II,Italy,7,351,446,240+,177,331,234,226,842,44.7,2017
265,University of Duisburg-Essen,Germany,22,383+,476,240+,292,226,234,204,349,44.7,2017
266,University of Lisbon,Portugal,1,357,447,227,162,282,194,243,638,44.69,2017
267,Norwegian University of Science and Technology,Norway,2,287,174,83,276,325,234,278,289,44.69,2017
268,Virginia Polytechnic Institute and State University,USA,102,307,150,240+,207,278,415,290,158,44.68,2017
269,University of Oklahoma,USA,103,383+,171,240+,250,262,234,256,262,44.65,2017
270,University of Aberdeen,United Kingdom,23,377,340,176,277,213,234,219,355,44.65,2017
271,University of Ulm,Germany,23,383+,435,136,289,206,482,205,564,44.64,2017
272,University of Dundee,United Kingdom,24,191,616+,240+,360,189,213,213,240,44.63,2017
273,University of Bergen,Norway,3,383+,616+,240+,239,190,213,221,508,44.61,2017
274,Thomas Jefferson University,USA,104,180,616+,240+,351,320,167,214,314,44.6,2017
275,University of Sussex,United Kingdom,25,117,232,63,363,267,183,323,492,44.58,2017
276,University of Kentucky,USA,105,352,290,240+,203,252,278,253,299,44.57,2017
277,University at Buffalo,USA,106,257,403,240+,210,283,252,258,183,44.56,2017
278,Colorado State University,USA,107,167,557,198,247,231,213,243,255,44.56,2017
279,University of Reading,United Kingdom,26,280,64,240+,373,380,319,368,649,44.55,2017
280,University of Adelaide,Australia,8,245,428,240+,205,211,194,266,306,44.48,2017
281,Hannover Medical School,Germany,24,383+,616+,240+,321,219,357,214,373,44.47,2017
282,Leipzig University,Germany,25,348,616+,231,273,241,278,226,418,44.46,2017
283,University of Tsukuba,Japan,11,225,616+,110,270,258,278,258,205,44.45,2017
284,Nankai University,China,9,355,111,240+,262,449,319,296,438,44.45,2017
285,Lehigh University,USA,108,203,46,240+,664,525,357,565,465,44.43,2017
286,London School of Economics,United Kingdom,27,64,83,84,490,642,194,586,913+,44.43,2017
287,University of Valencia,Spain,4,383+,531,240+,238,370,234,243,450,44.41,2017
288,Ruhr University Bochum,Germany,26,383+,170,240+,265,271,357,266,741,44.41,2017
289,University of Pisa,Italy,8,296,452,240+,253,337,234,236,564,44.4,2017
290,Okayama University,Japan,12,383+,298,240+,398,369,415,346,72,44.36,2017
291,Queen's University,Canada,13,344,188,119,269,296,357,286,325,44.36,2017
292,National and Kapodistrian University of Athens,Greece,1,383+,216,240+,252,409,278,266,913+,44.36,2017
293,Xiamen University,China,10,383+,90,240+,281,465,709,348,445,44.35,2017
294,University of Rome Tor Vergata,Italy,9,383+,606,240+,283,291,213,243,576,44.34,2017
295,Umeå University,Sweden,7,383+,616+,189,268,196,213,253,913+,44.34,2017
296,Medical University of South Carolina,USA,109,383+,616+,240+,327,333,194,243,397,44.32,2017
297,University of Delaware,USA,110,341,355,138,294,322,357,286,160,44.3,2017
298,University of Exeter,United Kingdom,28,289,378,240+,272,165,357,256,441,44.3,2017
299,Vrije Universiteit Brussel,Belgium,5,120,616+,240+,310,261,252,260,329,44.3,2017
300,Huazhong University of Science and Technology,China,11,383+,149,240+,150,571,482,385,233,44.28,2017
301,Rensselaer Polytechnic Institute,USA,111,109,156,240+,472,385,194,324,194,44.27,2017
302,Dalhousie University,Canada,14,139,176,240+,295,223,278,302,429,44.27,2017
303,University of Louisville,USA,112,265,449,240+,382,418,278,302,105,44.26,2017
304,Autonomous University of Madrid,Spain,5,383+,468,240+,244,269,252,266,425,44.26,2017
305,University of Antwerp,Belgium,6,383+,493,240+,266,302,194,266,465,44.25,2017
306,Tulane University,USA,113,346,172,240+,384,294,415,278,320,44.24,2017
307,University of Chinese Academy of Sciences,China,12,383+,479,240+,117,330,357,352,807,44.21,2017
308,Chulalongkorn University,Thailand,1,383+,54,240+,579,603,482,586,887,44.2,2017
309,University of South Carolina,USA,114,383+,315,200,274,379,167,296,340,44.2,2017
310,Hong Kong University of Science and Technology,Hong Kong,3,383+,318,240+,261,474,357,296,177,44.19,2017
311,Queen's University Belfast,United Kingdom,29,204,385,240+,302,274,278,286,214,44.19,2017
312,University of St Andrews,United Kingdom,30,177,474,240+,314,204,357,273,252,44.18,2017
313,University of Porto,Portugal,2,103,330,155,246,353,252,321,400,44.18,2017
314,Vita-Salute San Raffaele University,Italy,10,383+,616+,240+,426,251,482,234,913+,44.16,2017
315,University of Liège,Belgium,7,189,616+,148,328,240,252,283,306,44.16,2017
316,University of Nebraska–Lincoln,USA,115,194,208,240+,291,280,278,306,410,44.15,2017
317,University of Genoa,Italy,11,383+,616+,240+,316,336,252,260,556,44.14,2017
318,University of York,United Kingdom,31,383+,616+,240+,279,209,167,296,320,44.14,2017
319,CentraleSupélec,France,14,383+,47,240+,729,840,853+,764,794,44.14,2017
320,Kyungpook National University,South Korea,8,383+,376,240+,378,652,319,385,76,44.13,2017
321,Hiroshima University,Japan,13,383+,616+,240+,356,298,576,306,122,44.12,2017
322,University of Jena,Germany,27,383+,616+,236,258,272,357,273,456,44.11,2017
323,City College of New York,USA,116,34,243,240+,752,478,576,621,379,44.1,2017
324,Tianjin University,China,13,383+,84,240+,285,816,482,495,282,44.1,2017
325,University of East Anglia,United Kingdom,32,222,616+,183,341,224,153,293,592,44.08,2017
326,University of Navarra,Spain,6,383+,66,240+,555,650,709,495,663,44.08,2017
327,Dalian University of Technology,China,14,383+,122,240+,287,673,482,356,240,44.07,2017
328,Medical College of Wisconsin,USA,117,383+,616+,240+,361,254,278,266,673,44.05,2017
329,University of Regensburg,Germany,28,383+,353,240+,331,248,319,278,482,44.05,2017
330,Stellenbosch University,South Africa,3,383+,81,240+,509,429,357,469,240,44.05,2017
331,University of Trieste,Italy,12,383+,494,240+,452,297,252,260,649,44.04,2017
332,Rush University,USA,118,383+,616+,240+,435,401,194,273,410,44.04,2017
333,University of Vermont,USA,119,220,296,240+,369,288,278,302,286,44.01,2017
334,Harbin Institute of Technology,China,15,383+,247,240+,191,738,415,348,306,44.01,2017
335,University of Bordeaux,France,15,371,616+,240+,358,303,357,273,387,44,2017
336,Shandong University,China,16,383+,380,240+,171,592,357,340,541,43.98,2017
337,Hong Kong Polytechnic University,Hong Kong,4,383+,162,240+,245,828,482,363,255,43.97,2017
338,Kobe University,Japan,14,100,264,119,400,308,278,346,286,43.96,2017
339,University of Pavia,Italy,13,321,351,237,349,410,278,290,686,43.95,2017
340,Federal University of Rio de Janeiro,Brazil,2,148,154,240+,313,342,415,356,333,43.95,2017
341,National Autonomous University of Mexico,Mexico,1,259,566,240+,221,242,415,324,366,43.92,2017
342,Jilin University,China,17,230,275,240+,202,460,709,340,627,43.92,2017
343,University of Otago,New Zealand,2,383+,418,240+,301,289,357,302,499,43.91,2017
344,University of Perugia,Italy,14,383+,616+,240+,410,300,576,278,713,43.89,2017
345,Pontifical Catholic University of Chile,Chile,1,170,117,188,430,314,357,383,410,43.88,2017
346,Colorado School of Mines,USA,120,383+,69,240+,703,588,482,601,663,43.88,2017
347,York University,Canada,15,383+,104,240+,390,412,234,405,913+,43.88,2017
348,Xi'an Jiaotong University,China,18,383+,114,240+,212,469,576,495,275,43.88,2017
349,Versailles Saint-Quentin-en-Yvelines University,France,16,383+,616+,240+,424,235,252,293,887,43.87,2017
350,Simon Fraser University,Canada,16,383+,616+,240+,296,268,319,311,422,43.87,2017
351,Wuhan University,China,19,383+,186,240+,230,511,853+,363,604,43.86,2017
352,University of Stuttgart,Germany,29,90,180,189,433,373,319,375,314,43.86,2017
353,Justus Liebig University Giessen,Germany,30,383+,616+,240+,355,363,278,306,373,43.85,2017
354,Boston College,USA,121,383+,102,240+,584,362,302,399,391,43.85,2017
355,University of Victoria,Canada,17,383+,616+,240+,343,367,252,306,754,43.83,2017
356,South China University of Technology,China,20,383+,189,240+,275,627,357,405,173,43.83,2017
357,Washington State University,USA,122,383+,342,136,308,279,357,352,214,43.82,2017
358,University of Oulu,Finland,2,300,371,240+,394,311,278,311,592,43.81,2017
359,University of Turku,Finland,3,383+,582,240+,320,286,319,313,613,43.8,2017
360,Chinese Academy of Medical Sciences & Peking Union Medical College,China,21,383+,616+,240+,322,243,319,331,226,43.79,2017
361,University of Eastern Finland,Finland,4,383+,616+,240+,366,347,302,306,862,43.79,2017
362,Kansas State University,USA,123,154,242,240+,399,350,252,352,314,43.79,2017
363,University of Southern Denmark,Denmark,4,383+,616+,240+,334,338,302,317,401,43.79,2017
364,"St George's, University of London",United Kingdom,33,383+,616+,240+,593,402,252,296,627,43.78,2017
365,University of Marburg,Germany,31,330,616+,239,346,246,482,317,320,43.78,2017
366,City University of Hong Kong,Hong Kong,5,383+,580,240+,236,818,415,337,410,43.77,2017
367,Technical University of Berlin,Germany,32,86,248,240+,376,479,415,394,239,43.77,2017
368,Pompeu Fabra University,Spain,7,383+,616+,240+,387,161,576,313,649,43.76,2017
369,University of Iceland,Iceland,1,383+,616+,240+,590,277,319,296,807,43.75,2017
370,Linköping University,Sweden,8,383+,287,240+,326,389,319,331,913+,43.75,2017
371,University of Innsbruck,Austria,3,218,393,115,445,237,252,331,477,43.74,2017
372,Ben-Gurion University of the Negev,Israel,5,383+,616+,240+,297,411,415,425,109,43.74,2017
373,University of Granada,Spain,8,383+,616+,240+,288,477,194,375,194,43.73,2017
374,Saint Louis University,USA,124,383+,257,224,491,312,482,327,382,43.73,2017
375,College of William and Mary,USA,125,383+,88,240+,691,520,319,522,807,43.72,2017
376,Eindhoven University of Technology,Netherlands,11,383+,389,203,329,536,415,331,329,43.71,2017
377,San Diego State University,USA,126,274,226,240+,492,343,302,340,470,43.71,2017
378,University of Oregon,USA,127,363,616+,240+,423,270,415,313,499,43.71,2017
379,Tokyo Medical and Dental University,Japan,15,383+,616+,240+,467,354,482,331,183,43.7,2017
380,Miami University,USA,128,383+,73,240+,775,653,482,667,862,43.7,2017
381,Grenoble Institute of Technology,France,17,164,616+,204,352,541,278,337,404,43.69,2017
382,University of Buenos Aires,Argentina,1,142,523,211,300,359,415,340,913+,43.69,2017
383,University of Ferrara,Italy,15,383+,616+,240+,465,399,302,317,726,43.67,2017
384,Kyung Hee University,South Korea,9,268,550,240+,353,586,415,437,105,43.66,2017
385,Renmin University of China,China,22,383+,65,240+,878,856,853+,842,825,43.66,2017
386,National Tsing Hua University,Taiwan,3,179,568,240+,255,459,709,348,825,43.66,2017
387,University of Alabama - Tuscaloosa,USA,129,173,120,240+,530,518,319,449,306,43.66,2017
388,Catholic University of the Sacred Heart,Italy,16,383+,511,240+,416,417,357,321,766,43.65,2017
389,University of Lorraine,France,18,240,183,210,324,313,319,415,325,43.65,2017
390,University of Milan - Bicocca,Italy,17,383+,616+,240+,377,386,357,324,445,43.65,2017
391,Central South University,China,23,383+,116,240+,299,651,482,485,598,43.64,2017
392,Aalto University,Finland,5,383+,192,240+,344,394,415,385,377,43.64,2017
393,Pusan National University,South Korea,10,383+,369,240+,335,488,482,415,138,43.62,2017
394,Saarland University,Germany,33,383+,327,240+,402,432,357,340,427,43.62,2017
395,Beijing Normal University,China,24,68,578,240+,335,498,576,415,754,43.62,2017
396,Temple University,USA,130,297,414,240+,323,292,576,372,217,43.61,2017
397,University of Delhi,India,1,261,85,240+,608,809,853+,655,794,43.61,2017
398,University of Verona,Italy,18,383+,616+,240+,521,407,213,331,726,43.6,2017
399,Indian Institute of Technology Delhi,India,2,383+,78,240+,633,899,853+,728,627,43.6,2017
400,University of Bari Aldo Moro,Italy,19,383+,616+,240+,396,335,482,327,604,43.59,2017
401,Southeast University,China,25,201,478,240+,312,622,709,399,173,43.58,2017
402,Darmstadt University of Technology,Germany,34,77,391,240+,428,535,357,415,387,43.57,2017
403,Innsbruck Medical University,Austria,4,383+,616+,240+,471,406,357,327,613,43.56,2017
404,George Mason University,USA,131,383+,616+,101,468,372,357,368,410,43.56,2017
405,Polytechnic University of Milan,Italy,20,121,244,212,347,550,415,449,236,43.56,2017
406,University of Central Florida,USA,132,383+,497,240+,404,443,576,375,169,43.56,2017
407,Sichuan University,China,26,383+,611,240+,209,382,576,405,438,43.55,2017
408,Tongji University,China,27,188,136,240+,278,421,482,539,445,43.54,2017
409,Wesleyan University,USA,133,108,80,240+,994,572,853+,920,862,43.54,2017
410,West Virginia University,USA,134,349,139,240+,456,466,357,445,613,43.54,2017
411,University of Texas Medical Branch at Galveston,USA,135,383+,616+,240+,432,339,319,356,255,43.53,2017
412,University of New Hampshire,USA,136,383+,302,105,582,321,302,385,592,43.53,2017
413,University of Twente,Netherlands,12,383+,473,240+,354,494,278,368,366,43.52,2017
414,University of Santiago de Compostela,Spain,9,383+,454,240+,401,537,319,399,166,43.52,2017
415,National Chiao Tung University,Taiwan,4,383+,221,240+,264,649,576,431,913+,43.52,2017
416,East China University of Science and Technology,China,28,383+,616+,240+,375,752,709,375,201,43.51,2017
417,Saint Petersburg State University,Russia,3,43,241,240+,636,561,853+,728,842,43.51,2017
418,University College Cork,Ireland,3,383+,486,240+,434,441,319,375,210,43.51,2017
419,University of Savoy,France,19,383+,616+,240+,516,419,302,340,766,43.5,2017
420,University of Texas at Dallas,USA,137,216,222,240+,430,404,482,399,391,43.5,2017
421,Jagiellonian University,Poland,1,383+,616+,240+,407,416,482,356,299,43.49,2017
422,Lancaster University,United Kingdom,34,383+,363,240+,386,430,252,372,556,43.49,2017
423,University of Bath,United Kingdom,35,383+,373,240+,385,371,357,368,401,43.49,2017
424,"University at Albany, SUNY",USA,138,202,533,165,447,395,252,375,541,43.47,2017
425,University of Campinas,Brazil,3,383+,616+,240+,307,504,482,405,228,43.46,2017
426,Gwangju Institute of Science and Technology,South Korea,11,383+,616+,240+,605,628,415,539,88,43.46,2017
427,University of Nebraska Medical Center,USA,139,383+,616+,240+,479,364,415,356,355,43.45,2017
428,University of Siena,Italy,21,383+,537,240+,442,387,319,356,508,43.45,2017
429,Vienna University of Technology,Austria,5,380,401,240+,419,375,357,415,186,43.45,2017
430,University of Modena and Reggio Emilia,Italy,22,383+,535,240+,469,481,252,363,741,43.44,2017
431,Chonnam National University,South Korea,12,383+,615,240+,411,611,357,455,135,43.44,2017
432,Aristotle University of Thessaloniki,Greece,2,383+,616+,240+,364,610,278,372,766,43.44,2017
433,Scuola Normale Superiore di Pisa,Italy,23,290,616+,65,696,512,415,539,887,43.42,2017
434,Macquarie University,Australia,9,383+,356,240+,348,306,415,394,482,43.41,2017
435,University of Tampere,Finland,6,383+,383,240+,518,377,482,363,686,43.41,2017
436,University of Wollongong,Australia,10,383+,273,240+,388,403,319,415,456,43.4,2017
437,University of Guelph,Canada,18,383+,543,240+,338,304,278,405,410,43.39,2017
438,Illinois Institute of Technology,USA,140,122,99,240+,790,749,482,705,825,43.39,2017
439,Chiba University,Japan,16,383+,616+,240+,408,365,709,425,186,43.38,2017
440,Ewha Womans University,South Korea,13,383+,616+,240+,463,560,709,469,130,43.38,2017
441,Swedish University of Agricultural Sciences,Sweden,9,166,616+,240+,370,287,357,394,913+,43.38,2017
442,University of Chile,Chile,2,266,207,240+,414,316,576,449,482,43.38,2017
443,Syracuse University,USA,141,160,181,240+,517,502,576,469,422,43.38,2017
444,University of Seville,Spain,10,383+,612,240+,340,581,415,539,122,43.38,2017
445,University of KwaZulu-Natal,South Africa,4,383+,151,240+,523,349,319,502,649,43.36,2017
446,University of Hawaii at Manoa,USA,142,383+,495,90,438,232,482,469,445,43.36,2017
447,University of the Basque Country,Spain,11,383+,556,240+,317,328,482,431,306,43.35,2017
448,University of Arkansas for Medical Sciences,USA,143,383+,616+,240+,531,569,709,383,282,43.35,2017
449,Chalmers University of Technology,Sweden,10,378,311,240+,383,480,576,405,842,43.34,2017
450,University of Strathclyde,United Kingdom,36,383+,235,240+,403,539,357,469,299,43.34,2017
451,University of Ulsan,South Korea,14,383+,417,240+,381,497,576,405,340,43.34,2017
452,University of Rostock,Germany,35,381,616+,240+,483,554,709,385,292,43.34,2017
453,Brigham Young University,USA,144,322,365,240+,507,452,357,469,164,43.33,2017
454,University of Mississippi,USA,145,383+,616+,240+,421,413,357,385,482,43.33,2017
455,Polytechnic University of Valencia,Spain,12,383+,616+,240+,359,568,576,455,180,43.33,2017
456,University of Zaragoza,Spain,13,382,440,240+,345,605,482,437,266,43.33,2017
457,University of Coimbra,Portugal,3,376,539,240+,418,415,357,394,499,43.32,2017
458,University of Newcastle,Australia,11,383+,616+,240+,372,420,576,415,333,43.31,2017
459,Oklahoma State University,USA,146,275,211,240+,470,640,357,495,333,43.31,2017
460,University of Tennessee Health Science Center,USA,147,383+,616+,240+,565,366,576,399,272,43.3,2017
461,Loyola University Chicago,USA,148,383+,413,240+,566,405,357,385,766,43.3,2017
462,Polytechnic University of Catalonia,Spain,14,383+,320,240+,368,617,482,574,145,43.3,2017
463,Kanazawa University,Japan,17,383+,394,240+,523,473,576,425,252,43.3,2017
464,University of Warsaw,Poland,2,110,517,153,461,414,415,455,673,43.3,2017
465,University of Denver,USA,149,333,118,240+,873,513,709,574,521,43.29,2017
466,University of Udine,Italy,24,383+,616+,240+,611,391,576,375,576,43.29,2017
467,University of Ljubljana,Slovenia,1,383+,616+,240+,370,390,357,415,592,43.28,2017
468,University of Nice Sophia Antipolis,France,20,292,616+,240+,444,255,576,399,576,43.28,2017
469,University of Nantes,France,21,383+,616+,240+,493,463,415,394,541,43.27,2017
470,Indian Institute of Science,India,3,383+,423,240+,337,632,482,455,306,43.27,2017
471,Lanzhou University,China,29,383+,547,240+,325,662,709,431,713,43.26,2017
472,University of Saskatchewan,Canada,19,358,332,240+,339,458,415,469,349,43.26,2017
473,University of Tasmania,Australia,12,383+,616+,240+,397,253,576,415,766,43.25,2017
474,Brunel University,United Kingdom,37,383+,297,240+,567,679,576,431,521,43.25,2017
475,Soochow University (Suzhou),China,30,383+,616+,240+,306,722,415,455,508,43.24,2017
476,University of Wisconsin–Milwaukee,USA,150,254,212,240+,538,431,709,485,913+,43.24,2017
477,University of Tartu,Estonia,1,318,616+,240+,576,290,482,405,470,43.23,2017
478,University of Parma,Italy,25,383+,367,240+,458,500,319,437,713,43.22,2017
479,University of Science and Technology Beijing,China,31,383+,107,240+,477,935,482,744,541,43.22,2017
480,École normale supérieure de Lyon,France,22,383+,616+,213,460,215,576,431,541,43.21,2017
481,James Cook University,Australia,13,383+,581,240+,451,273,302,437,673,43.21,2017
482,University of Rennes 1,France,23,383+,616+,240+,342,360,576,464,340,43.21,2017
483,University of Wyoming,USA,151,383+,316,240+,537,323,357,464,366,43.21,2017
484,Kumamoto University,Japan,18,331,392,240+,532,475,709,522,162,43.21,2017
485,University of Crete,Greece,3,383+,616+,240+,542,486,576,405,887,43.2,2017
486,Medical University of Graz,Austria,6,383+,616+,240+,523,455,853+,415,521,43.2,2017
487,NUI Galway,Ireland,4,383+,573,240+,555,467,415,455,240,43.19,2017
488,University of Brescia,Italy,26,383+,616+,240+,588,577,709,405,754,43.19,2017
489,Nihon University,Japan,19,323,559,240+,678,565,709,728,96,43.19,2017
490,Martin Luther University of Halle-Wittenberg,Germany,36,375,616+,209,420,355,709,437,649,43.19,2017
491,Auburn University,USA,152,198,173,240+,499,585,415,630,296,43.19,2017
492,Technical University of Dortmund,Germany,37,383+,616+,240+,552,573,415,437,366,43.18,2017
493,University of Canterbury,New Zealand,3,175,199,119,591,437,482,586,887,43.18,2017
494,Concordia University,Canada,20,383+,132,240+,534,804,853+,655,726,43.18,2017
495,Ohio University,USA,153,241,175,240+,669,553,853+,661,198,43.18,2017
496,Augusta University,USA,154,383+,616+,240+,512,427,709,425,638,43.18,2017
497,Clemson University,USA,155,383+,499,240+,450,529,576,449,373,43.18,2017
498,Middle East Technical University,Turkey,1,383+,155,240+,607,861,415,586,913+,43.17,2017
499,Griffith University,Australia,14,383+,616+,240+,391,397,252,469,613,43.17,2017
500,Texas Tech University,USA,156,383+,213,240+,473,583,319,539,515,43.17,2017
501,Technical University of Madrid,Spain,15,235,267,240+,459,696,576,728,132,43.17,2017
502,University of Sherbrooke,Canada,21,383+,553,240+,475,393,319,445,638,43.17,2017
503,Plymouth University,United Kingdom,38,383+,584,240+,533,454,415,431,604,43.17,2017
504,University of Tromsø - The Arctic University of Norway,Norway,4,383+,616+,240+,457,398,482,437,726,43.16,2017
505,Baylor University,USA,157,383+,282,240+,655,544,357,469,623,43.16,2017
506,Bar-Ilan University,Israel,6,304,431,240+,429,384,576,469,355,43.16,2017
507,University of Akron,USA,158,383+,390,240+,692,681,415,715,107,43.16,2017
508,Ajou University,South Korea,15,383+,482,240+,620,747,853+,655,116,43.16,2017
509,Chonbuk National University,South Korea,16,383+,616+,240+,507,771,709,661,116,43.16,2017
510,Bielefeld University,Germany,38,383+,616+,240+,519,392,415,437,686,43.15,2017
511,Lille 2 University of Health and Law,France,24,383+,616+,240+,662,453,709,425,649,43.15,2017
512,Hunan University,China,32,383+,310,240+,427,873,482,485,713,43.15,2017
513,East China Normal University,China,33,383+,261,240+,405,615,853+,514,673,43.15,2017
514,Georgia State University,USA,159,383+,345,240+,446,424,415,502,320,43.15,2017
515,Eötvös Loránd University,Hungary,1,101,616+,119,611,491,319,539,794,43.15,2017
516,University of Hull,United Kingdom,39,324,246,162,587,547,709,535,556,43.13,2017
517,Gyeongsang National University,South Korea,17,383+,616+,240+,656,741,482,655,120,43.13,2017
518,Mahidol University,Thailand,2,383+,616+,240+,443,317,709,449,887,43.13,2017
519,University of Oviedo,Spain,16,383+,503,240+,449,423,319,464,604,43.13,2017
520,University of Surrey,United Kingdom,40,231,300,240+,455,524,709,522,347,43.13,2017
521,Federal University of Minas Gerais,Brazil,4,383+,314,240+,415,532,482,586,210,43.13,2017
522,"University of Maryland, Baltimore County",USA,160,383+,616+,240+,621,388,482,445,456,43.13,2017
523,University of Malaya,Malaysia,1,383+,178,240+,417,784,709,682,271,43.12,2017
524,University of Catania,Italy,27,238,616+,240+,462,727,415,455,862,43.12,2017
525,University of Bremen,Germany,39,383+,616+,240+,464,293,319,469,499,43.12,2017
526,National Chung Hsing University,Taiwan,5,383+,224,240+,436,669,576,552,913+,43.12,2017
527,Catholic University of Korea,South Korea,18,383+,616+,240+,536,712,709,586,154,43.12,2017
528,China Agricultural University,China,34,383+,492,240+,350,376,853+,495,598,43.12,2017
529,University of Lübeck,Germany,40,383+,616+,240+,639,344,576,445,627,43.11,2017
530,University of Dayton,USA,161,365,103,240+,998,901,576,864,521,43.11,2017
531,"Royal Holloway, University of London",United Kingdom,41,239,525,240+,643,358,357,455,686,43.11,2017
532,Aalborg University,Denmark,5,383+,419,240+,487,545,357,495,391,43.11,2017
533,Shinshu University,Japan,20,383+,564,240+,659,677,415,469,299,43.1,2017
534,Osaka City University,Japan,21,115,387,240+,643,624,415,522,433,43.1,2017
535,Curtin University,Australia,15,383+,608,240+,365,346,709,495,564,43.1,2017
536,Deakin University,Australia,16,383+,430,240+,406,542,302,509,576,43.1,2017
537,Nagasaki University,Japan,22,327,215,240+,638,648,576,644,226,43.09,2017
538,Tokyo University of Science,Japan,23,250,616+,240+,601,600,709,522,210,43.09,2017
539,Juntendo University,Japan,24,383+,616+,240+,654,543,576,449,649,43.08,2017
540,"University of Nevada, Reno",USA,162,383+,448,240+,586,461,576,464,521,43.08,2017
541,University Lille 1: Sciences and Technologies,France,25,383+,616+,240+,393,434,415,502,482,43.08,2017
542,University of Potsdam,Germany,41,383+,616+,240+,486,319,482,469,638,43.08,2017
543,Niigata University,Japan,25,312,337,240+,626,472,853+,552,224,43.08,2017
544,University of Belgrade,Serbia,1,301,616+,240+,379,528,319,509,862,43.08,2017
545,Creighton University,USA,163,383+,616+,240+,884,694,415,455,456,43.07,2017
546,University of Trento,Italy,28,383+,616+,240+,500,482,576,464,887,43.07,2017
547,University of Missouri–Kansas City,USA,164,332,372,240+,651,435,709,469,713,43.07,2017
548,University of Windsor,Canada,22,383+,109,240+,806,947,853+,851,686,43.07,2017
549,University of Konstanz,Germany,42,383+,616+,240+,505,351,482,485,450,43.07,2017
550,Panjab University,India,4,353,214,240+,847,775,415,565,825,43.06,2017
551,Chang Gung University,Taiwan,6,383+,616+,240+,330,614,853+,522,887,43.06,2017
552,Fuzhou University,China,35,383+,399,240+,682,989,482,485,515,43.06,2017
553,University of Palermo,Italy,29,383+,616+,240+,481,556,482,485,623,43.05,2017
554,Tokyo Metropolitan University,Japan,26,181,472,240+,695,509,319,502,627,43.05,2017
555,University of Arkansas - Fayetteville,USA,165,229,284,240+,592,645,482,565,391,43.04,2017
556,Yokohama City University,Japan,27,383+,271,240+,707,381,709,552,387,43.04,2017
557,University of La Laguna,Spain,17,383+,616+,240+,511,348,319,502,741,43.04,2017
558,National Yang-Ming University,Taiwan,7,383+,616+,240+,333,516,853+,535,825,43.04,2017
559,Wuhan University of Technology,China,36,383+,520,240+,631,945,576,469,741,43.04,2017
560,King Saud University,Saudi Arabia,1,383+,193,240+,448,490,709,667,441,43.04,2017
561,University of Texas at Arlington,USA,166,383+,593,240+,520,563,415,522,299,43.03,2017
562,University of Cagliari,Italy,30,383+,616+,240+,541,613,576,485,741,43.03,2017
563,National Polytechnic Institute of Toulouse,France,26,383+,234,240+,488,688,415,621,465,43.03,2017
564,Utah State University,USA,167,185,364,240+,562,425,357,539,450,43.03,2017
565,Nara Institute of Science and Technology,Japan,28,383+,616+,240+,836,383,576,612,164,43.03,2017
566,Kent State University,USA,168,383+,616+,240+,673,457,576,485,470,43.03,2017
567,University of Bayreuth,Germany,43,383+,616+,240+,501,345,319,509,663,43.03,2017
568,Central China Normal University,China,37,383+,588,240+,684,787,576,469,807,43.03,2017
569,University of Alaska Fairbanks,USA,169,383+,397,240+,646,408,415,502,766,43.03,2017
570,Federal University of Rio Grande do Sul,Brazil,5,383+,590,240+,409,501,415,514,807,43.02,2017
571,National Central University,Taiwan,8,249,616+,240+,422,433,482,514,887,43.02,2017
572,Florida International University,USA,170,383+,558,240+,497,508,415,509,499,43.02,2017
573,International School for Advanced Studies,Italy,31,383+,616+,240+,772,456,415,485,807,43.02,2017
574,Queensland University of Technology,Australia,17,383+,555,240+,392,548,482,535,456,43.02,2017
575,University of Hertfordshire,United Kingdom,42,383+,616+,240+,801,464,576,485,807,43,2017
576,Shanghai University,China,38,383+,469,240+,454,940,576,514,842,43,2017
577,King Abdullah University of Science and Technology,Saudi Arabia,2,383+,616+,133,498,445,709,667,191,43,2017
578,University of Hanover,Germany,44,383+,502,240+,551,562,415,539,314,43,2017
579,Inha University,South Korea,19,383+,352,240+,581,826,482,574,282,43,2017
580,Tokyo University of Agriculture and Technology,Japan,29,383+,616+,240+,725,847,482,682,151,42.99,2017
581,University of Aveiro,Portugal,4,383+,616+,240+,425,728,576,552,355,42.99,2017
582,University of Portsmouth,United Kingdom,43,383+,496,240+,803,682,319,509,842,42.99,2017
583,Beijing University of Chemical Technology,China,39,383+,542,240+,504,989,709,586,236,42.99,2017
584,University of Toledo,USA,171,383+,616+,240+,637,567,576,612,192,42.99,2017
585,University of Ioannina,Greece,4,383+,616+,240+,641,762,482,502,913+,42.99,2017
586,University of Tokushima,Japan,30,114,562,240+,719,527,853+,655,228,42.99,2017
587,Konkuk University,South Korea,20,383+,407,240+,514,789,576,621,224,42.98,2017
588,University of Zagreb,Croatia,1,383+,616+,240+,572,495,357,514,766,42.98,2017
589,University of Salamanca,Spain,18,383+,461,240+,570,487,357,522,713,42.98,2017
590,SUNY Downstate Medical Center,USA,172,383+,616+,157,792,462,709,522,541,42.98,2017
591,University of South Australia,Australia,18,383+,279,240+,506,647,576,630,355,42.97,2017
592,University of Minho,Portugal,5,383+,616+,240+,546,654,302,565,366,42.97,2017
593,Otto-von-Guericke University Magdeburg,Germany,45,383+,616+,240+,529,587,482,522,521,42.97,2017
594,Universidade Nova de Lisboa,Portugal,6,383+,616+,166,474,519,576,552,623,42.97,2017
595,"University of Eastern Piedmont ""Amedeo Avogadro""",Italy,32,383+,616+,240+,685,616,415,514,726,42.96,2017
596,Mississippi State University,USA,173,176,233,240+,625,574,576,667,564,42.96,2017
597,American University of Beirut,Lebanon,1,136,160,240+,831,721,853+,828,913+,42.96,2017
598,Graduate University for Advanced Studies,Japan,31,383+,616+,240+,687,305,853+,514,913+,42.96,2017
599,University of Angers,France,27,383+,616+,240+,674,549,709,514,604,42.95,2017
600,"Palacký University, Olomouc",Czech Republic,2,383+,616+,240+,726,531,415,522,541,42.95,2017
601,Second University of Naples,Italy,33,383+,616+,240+,558,631,709,522,887,42.95,2017
602,University of Rhode Island,USA,174,383+,283,240+,692,400,576,621,410,42.94,2017
603,University of Montana,USA,175,370,490,240+,723,352,302,552,649,42.94,2017
604,University of Fribourg,Switzerland,8,262,289,240+,714,482,709,601,825,42.94,2017
605,China Medical University (Taiwan),Taiwan,9,383+,616+,240+,380,630,853+,574,825,42.94,2017
606,Montana State University,USA,176,383+,540,240+,611,329,482,539,521,42.94,2017
607,Indian Institute of Technology Madras,India,5,383+,196,240+,569,951,709,764,391,42.93,2017
608,Paris-Est Créteil Val-de-Marne University,France,28,383+,411,240+,700,638,576,539,862,42.93,2017
609,University of Cantabria,Spain,19,383+,572,240+,662,552,319,552,564,42.93,2017
610,Federal University of São Paulo,Brazil,6,383+,616+,240+,482,557,357,565,794,42.93,2017
611,Semmelweis University,Hungary,2,383+,616+,240+,650,442,576,535,704,42.92,2017
612,King Fahd University of Petroleum and Minerals,Saudi Arabia,3,383+,129,240+,871,902,576,936,913+,42.92,2017
613,University of Clermont Auvergne,France,29,383+,616+,222,578,589,709,539,521,42.92,2017
614,Flinders University,Australia,19,131,616+,240+,484,471,576,612,713,42.92,2017
615,New York Medical College,USA,177,383+,616+,240+,830,732,709,522,686,42.92,2017
616,Indian Institute of Technology Kharagpur,India,6,383+,260,240+,495,980,853+,661,704,42.92,2017
617,Indian Institute of Technology Roorkee,India,7,383+,306,240+,862,945,319,612,913+,42.92,2017
618,Beijing Institute of Technology,China,40,383+,603,240+,440,973,709,574,556,42.92,2017
619,University of Graz,Austria,7,366,462,226,596,575,709,552,704,42.91,2017
620,New Mexico State University,USA,178,383+,491,240+,758,634,482,539,913+,42.91,2017
621,Yokohama National University,Japan,32,93,249,195,968,889,853+,920,340,42.91,2017
622,University of Patras,Greece,5,383+,616+,240+,553,830,576,552,794,42.91,2017
623,"UNESP, São Paulo State University",Brazil,7,383+,616+,240+,357,595,482,630,598,42.9,2017
624,Memorial University of Newfoundland,Canada,23,383+,489,240+,580,505,482,565,673,42.9,2017
625,National Technical University of Athens,Greece,6,211,433,240+,560,958,576,586,913+,42.9,2017
626,Donghua University,China,41,383+,616+,240+,736,967,357,552,766,42.9,2017
627,Polytechnic University of Bari,Italy,34,383+,616+,240+,917,514,415,539,825,42.9,2017
628,Gunma University,Japan,33,383+,616+,240+,706,590,709,630,236,42.9,2017
629,La Trobe University,Australia,20,383+,508,240+,496,426,709,574,754,42.9,2017
630,Örebro University,Sweden,11,383+,484,240+,807,685,415,552,913+,42.9,2017
631,Tata Institute of Fundamental Research,India,8,383+,616+,240+,545,440,357,574,825,42.9,2017
632,Beihang University,China,42,383+,354,240+,374,801,853+,661,477,42.9,2017
633,"Birkbeck, University of London",United Kingdom,44,210,616+,168,748,356,709,586,887,42.9,2017
634,Hacettepe University,Turkey,2,383+,616+,240+,653,551,482,552,913+,42.9,2017
635,Massey University,New Zealand,4,383+,466,240+,567,503,576,574,726,42.89,2017
636,University of Greifswald,Germany,46,383+,616+,233,675,492,576,565,492,42.89,2017
637,Tokyo Women's Medical University,Japan,34,383+,616+,240+,819,619,576,552,521,42.89,2017
638,University of Jyväskylä,Finland,7,383+,597,240+,514,499,709,574,754,42.89,2017
639,Carleton University,Canada,24,383+,587,240+,527,765,357,586,913+,42.89,2017
640,University of Los Andes (Colombia),Colombia,1,383+,187,240+,897,522,415,775,862,42.88,2017
641,Bangor University,United Kingdom,45,283,437,240+,618,582,576,601,477,42.88,2017
642,Capital Medical University,China,43,383+,616+,240+,439,618,415,612,794,42.88,2017
643,Istanbul University,Turkey,3,236,425,240+,698,517,709,586,913+,42.88,2017
644,Uniformed Services University of the Health Sciences,USA,179,383+,616+,240+,645,489,853+,565,913+,42.88,2017
645,Northern Illinois University,USA,180,383+,293,240+,757,705,252,694,741,42.87,2017
646,Northeast Normal University,China,44,383+,616+,240+,632,805,853+,565,913+,42.87,2017
647,Rovira i Virgili University,Spain,20,383+,616+,240+,535,559,576,586,576,42.87,2017
648,Sharif University of Technology,Iran,1,128,616+,240+,563,962,482,644,913+,42.87,2017
649,University of Québec at Montreal,Canada,25,383+,421,240+,527,538,482,612,913+,42.87,2017
650,Open University (UK),United Kingdom,46,383+,616+,240+,661,422,482,574,794,42.87,2017
651,Braunschweig University of Technology,Germany,47,255,576,240+,599,361,709,630,340,42.87,2017
652,University of Texas at San Antonio,USA,181,383+,616+,240+,633,496,709,601,404,42.87,2017
653,Cranfield University,United Kingdom,47,383+,179,240+,796,913,709,828,456,42.87,2017
654,University of Paris 13,France,30,383+,616+,240+,677,735,576,574,704,42.86,2017
655,Tokai University,Japan,35,383+,616+,240+,793,698,709,586,429,42.86,2017
656,Hong Kong Baptist University,Hong Kong,6,383+,565,240+,617,867,576,586,686,42.85,2017
657,Polytechnic University of Turin,Italy,35,383+,410,240+,494,854,709,667,325,42.85,2017
658,Comenius University in Bratislava,Slovak Republic,1,383+,616+,240+,763,655,576,574,862,42.85,2017
659,University of Burgundy,France,31,248,616+,240+,540,558,576,612,627,42.85,2017
660,Old Dominion University,USA,182,383+,616+,240+,784,612,482,601,429,42.85,2017
661,Czech Technical University in Prague,Czech Republic,3,364,616+,240+,712,763,482,586,638,42.85,2017
662,Louisiana Tech University,USA,183,383+,209,240+,996,897,482,764,704,42.85,2017
663,Keele University,United Kingdom,48,383+,616+,240+,681,526,415,601,627,42.85,2017
664,Southern Illinois University Carbondale,USA,184,224,574,240+,615,564,709,612,576,42.85,2017
665,City University London,United Kingdom,49,383+,159,240+,770,908,709,920,482,42.84,2017
666,Warsaw University of Technology,Poland,3,362,548,240+,737,768,302,621,862,42.84,2017
667,University of the Balearic Islands,Spain,21,383+,616+,240+,689,597,576,601,564,42.84,2017
668,University of Idaho,USA,185,383+,616+,240+,680,506,576,601,613,42.84,2017
669,Portland State University,USA,186,383+,253,240+,789,636,709,715,521,42.84,2017
670,Heriot-Watt University,United Kingdom,50,383+,295,240+,623,591,709,694,450,42.84,2017
671,Liverpool John Moores University,United Kingdom,51,383+,616+,240+,697,428,576,601,649,42.84,2017
672,Second Military Medical University,China,45,383+,616+,240+,509,584,576,630,477,42.83,2017
673,Banaras Hindu University,India,9,264,299,240+,760,920,709,667,913+,42.83,2017
674,State University of New York Upstate Medical University,USA,187,383+,616+,240+,810,602,576,601,541,42.83,2017
675,Tilburg University,Netherlands,13,383+,270,240+,543,872,576,715,913+,42.83,2017
676,Istanbul Technical University,Turkey,4,383+,408,240+,676,860,415,630,794,42.83,2017
677,Swinburne University of Technology,Australia,21,383+,616+,240+,635,484,482,612,686,42.83,2017
678,Marche Polytechnic University,Italy,36,383+,616+,240+,686,690,853+,601,726,42.83,2017
679,University of Salerno,Italy,37,383+,616+,240+,573,780,576,621,576,42.83,2017
680,Kitasato University,Japan,36,383+,616+,128,772,710,853+,744,245,42.82,2017
681,Swansea University,United Kingdom,52,383+,483,240+,522,448,576,644,541,42.82,2017
682,Binghamton University,USA,188,383+,245,240+,722,689,709,744,663,42.82,2017
683,Indian Institute of Technology Bombay,India,10,383+,522,240+,523,815,709,667,329,42.82,2017
684,Chongqing University,China,46,383+,286,240+,478,907,709,728,807,42.82,2017
685,Ankara University,Turkey,5,383+,361,240+,785,664,482,644,913+,42.82,2017
686,Masaryk University,Czech Republic,4,383+,616+,240+,614,436,709,621,663,42.81,2017
687,University of Vigo,Spain,22,383+,616+,240+,571,843,576,630,613,42.81,2017
688,Loughborough University,United Kingdom,53,383+,616+,240+,561,837,482,644,508,42.81,2017
689,"University François Rabelais, Tours",France,32,223,616+,240+,671,515,853+,630,673,42.81,2017
690,Tampere University of Technology,Finland,8,383+,250,240+,841,678,482,764,754,42.8,2017
691,University of Toyama,Japan,37,383+,308,240+,733,849,709,682,842,42.8,2017
692,Kagoshima University,Japan,38,383+,358,240+,778,700,709,775,228,42.8,2017
693,Ehime University,Japan,39,383+,526,240+,660,578,709,644,456,42.8,2017
694,University of Debrecen,Hungary,3,383+,616+,240+,742,626,482,630,564,42.8,2017
695,Norwegian University of Life Sciences,Norway,5,383+,616+,240+,616,520,709,630,766,42.8,2017
696,University of Insubria,Italy,38,383+,616+,240+,745,570,709,621,913+,42.8,2017
697,University of Girona,Spain,23,383+,616+,240+,640,829,576,630,673,42.8,2017
698,Kindai University,Japan,40,383+,616+,240+,728,699,482,644,456,42.8,2017
699,Chungnam National University,South Korea,21,383+,616+,240+,489,606,853+,682,397,42.79,2017
700,Osaka Prefecture University,Japan,41,383+,384,240+,765,836,853+,744,247,42.79,2017
701,"University of Science, Malaysia",Malaysia,2,383+,616+,240+,597,881,482,764,228,42.79,2017
702,Albany Medical College,USA,189,193,616+,240+,935,766,853+,644,713,42.79,2017
703,University of New Orleans,USA,190,383+,616+,240+,991,865,319,644,825,42.79,2017
704,University of L'Aquila,Italy,39,383+,616+,240+,712,734,709,630,766,42.79,2017
705,University of Mons,Belgium,8,383+,616+,240+,855,680,576,630,604,42.79,2017
706,University of Missouri–St. Louis,USA,191,383+,281,240+,927,629,576,728,576,42.78,2017
707,University of Kent,United Kingdom,54,383+,415,240+,603,438,576,667,627,42.78,2017
708,University of Alicante,Spain,24,383+,616+,240+,690,851,709,694,292,42.78,2017
709,Rio de Janeiro State University,Brazil,8,383+,586,240+,732,659,482,644,807,42.78,2017
710,University of Electronic Science and Technology of China,China,47,383+,346,240+,437,865,709,744,521,42.78,2017
711,University of Picardie Jules Verne,France,33,383+,616+,240+,856,726,357,655,598,42.78,2017
712,Victoria University of Wellington,New Zealand,5,340,309,240+,594,450,709,744,470,42.78,2017
713,Northeastern University (China),China,48,383+,258,240+,626,980,853+,810,604,42.77,2017
714,"University of Technology, Sydney",Australia,22,383+,509,240+,480,608,853+,694,470,42.77,2017
715,University of Essex,United Kingdom,55,145,366,240+,705,748,415,764,913+,42.77,2017
716,University of Maine,USA,192,383+,616+,141,793,468,576,744,379,42.76,2017
717,Johannes Kepler University of Linz,Austria,8,383+,416,240+,816,717,709,667,515,42.76,2017
718,University of Alabama in Huntsville,USA,193,383+,616+,240+,952,447,709,644,766,42.76,2017
719,University of Córdoba (Spain),Spain,25,383+,616+,240+,539,756,415,682,613,42.76,2017
720,Kaiserslautern University of Technology,Germany,48,383+,481,240+,767,594,576,661,649,42.76,2017
721,Cairo University,Egypt,1,310,465,184,624,625,482,694,913+,42.76,2017
722,Jawaharlal Nehru Centre for Advanced Scientific Research,India,11,383+,616+,149,910,729,709,705,470,42.76,2017
723,University of Tehran,Iran,2,213,616+,198,441,904,853+,728,913+,42.76,2017
724,University of North Carolina at Charlotte,USA,194,383+,305,240+,744,671,576,744,576,42.76,2017
725,National University of La Plata,Argentina,2,383+,563,240+,577,598,576,667,913+,42.75,2017
726,University of Pretoria,South Africa,5,383+,312,240+,563,566,482,775,576,42.75,2017
727,Kaohsiung Medical University,Taiwan,10,383+,616+,240+,513,846,709,682,726,42.75,2017
728,Florida Institute of Technology,USA,195,383+,616+,240+,977,718,278,694,913+,42.75,2017
729,"University of Natural Resources and Life Sciences, Vienna",Austria,9,383+,616+,240+,771,686,415,667,638,42.75,2017
730,Gifu University,Japan,42,383+,518,240+,766,785,853+,705,355,42.75,2017
731,Zhengzhou University,China,49,383+,459,240+,548,715,853+,694,766,42.74,2017
732,Hasselt University,Belgium,9,383+,344,240+,809,875,709,705,825,42.74,2017
733,National Research Nuclear University MEPhI,Russia,4,338,616+,240+,927,643,482,661,913+,42.74,2017
734,Graz University of Technology,Austria,10,383+,616+,240+,692,777,415,705,404,42.74,2017
735,"University of Nevada, Las Vegas",USA,196,383+,455,240+,665,534,853+,682,686,42.74,2017
736,University of North Texas,USA,197,383+,552,240+,683,658,482,682,564,42.74,2017
737,Nagoya City University,Japan,43,383+,424,240+,829,621,576,694,499,42.74,2017
738,University of Salento,Italy,40,383+,616+,240+,724,693,482,667,754,42.74,2017
739,Rochester Institute of Technology,USA,198,383+,445,240+,936,601,482,682,598,42.74,2017
740,Sogang University,South Korea,22,383+,400,240+,850,794,853+,903,180,42.74,2017
741,Ege University,Turkey,6,383+,616+,240+,783,786,357,682,825,42.74,2017
742,Vilnius University,Lithuania,1,360,616+,240+,812,607,482,667,713,42.74,2017
743,Jichi Medical University,Japan,44,383+,616+,240+,932,576,482,667,604,42.74,2017
744,Boğaziçi University,Turkey,7,383+,404,240+,821,755,415,705,862,42.73,2017
745,University of Málaga,Spain,26,383+,616+,240+,622,845,576,775,272,42.73,2017
746,Ulsan National Institute of Science and Technology,South Korea,23,383+,616+,240+,746,892,709,728,314,42.73,2017
747,New Jersey Institute of Technology,USA,199,284,436,240+,839,666,357,851,233,42.73,2017
748,Dublin City University,Ireland,5,383+,477,240+,820,937,576,793,255,42.73,2017
749,Royal College of Surgeons in Ireland,Ireland,6,383+,616+,240+,887,639,576,682,492,42.73,2017
750,Kangwon National University,South Korea,24,383+,594,240+,672,714,482,744,340,42.73,2017
751,University of Évry Val d'Essonne,France,34,383+,616+,240+,974,378,853+,667,913+,42.73,2017
752,East Carolina University,USA,200,383+,395,240+,720,692,853+,715,541,42.73,2017
753,Nanjing Medical University,China,50,383+,616+,240+,485,672,853+,715,825,42.72,2017
754,University of Haifa,Israel,7,383+,444,240+,550,510,853+,728,564,42.72,2017
755,Roma Tre University,Italy,41,383+,616+,240+,665,646,576,694,794,42.72,2017
756,University of Poitiers,France,35,281,616+,151,648,579,482,775,741,42.72,2017
757,Loma Linda University,USA,201,383+,616+,240+,873,774,853+,705,418,42.72,2017
758,University of Messina,Italy,42,383+,616+,240+,651,832,709,694,913+,42.72,2017
759,Jacobs University Bremen,Germany,49,383+,616+,240+,900,720,576,694,499,42.71,2017
760,University of Calabria,Italy,43,383+,616+,240+,595,818,415,715,673,42.71,2017
761,Nanjing University of Aeronautics and Astronautics,China,51,383+,545,240+,602,966,709,705,862,42.71,2017
762,University of Szeged,Hungary,4,383+,616+,228,701,760,853+,705,492,42.71,2017
763,University of Augsburg,Germany,50,383+,616+,240+,950,763,709,682,766,42.71,2017
764,Yamaguchi University,Japan,45,383+,616+,240+,814,883,709,887,192,42.71,2017
765,Institut national des sciences Appliquées de Lyon,France,36,383+,616+,240+,559,719,709,728,508,42.71,2017
766,University of Castilla–La Mancha,Spain,27,383+,616+,240+,610,827,709,715,556,42.71,2017
767,University of Ulster,United Kingdom,56,383+,616+,240+,749,853,576,744,377,42.71,2017
768,University of Yamanashi,Japan,46,293,616+,240+,912,888,853+,793,272,42.7,2017
769,Dongguk University,South Korea,25,383+,323,240+,881,940,853+,996,172,42.7,2017
770,North Dakota State University,USA,202,196,616+,240+,735,825,853+,820,296,42.7,2017
771,University of Stirling,United Kingdom,57,383+,360,240+,752,663,482,764,887,42.7,2017
772,Nanjing University of Science and Technology,China,52,383+,362,240+,628,952,482,775,686,42.7,2017
773,Missouri University of Science and Technology,USA,203,383+,285,240+,803,927,709,842,521,42.7,2017
774,Université de Namur,Belgium,10,184,429,240+,916,687,853+,764,766,42.7,2017
775,Jiangnan University,China,53,383+,616+,240+,609,935,853+,728,521,42.69,2017
776,Huazhong Agricultural University,China,54,383+,616+,240+,553,540,709,744,576,42.69,2017
777,Ocean University of China,China,55,383+,595,240+,585,736,853+,728,649,42.69,2017
778,Yeungnam University,South Korea,26,383+,304,240+,698,978,853+,887,333,42.69,2017
779,University of Neuchâtel,Switzerland,9,369,616+,240+,892,711,853+,705,686,42.69,2017
780,Aberystwyth University,United Kingdom,58,383+,524,240+,856,604,576,715,673,42.69,2017
781,Tehran University of Medical Sciences,Iran,3,383+,616+,240+,716,733,709,715,887,42.69,2017
782,Jaume I University,Spain,28,383+,616+,240+,781,960,709,715,638,42.69,2017
783,Northwest University (China),China,56,383+,616+,240+,823,842,319,744,887,42.69,2017
784,"G. d'Annunzio University, Chieti-Pescara",Italy,44,383+,616+,240+,734,723,853+,715,887,42.68,2017
785,University of Concepción,Chile,3,383+,616+,240+,739,507,853+,728,541,42.68,2017
786,Aston University,United Kingdom,59,383+,396,240+,835,886,709,842,289,42.68,2017
787,"Putra University, Malaysia",Malaysia,3,383+,616+,240+,708,922,853+,957,180,42.68,2017
788,Michigan Technological University,USA,204,361,519,240+,812,783,482,744,508,42.68,2017
789,University of Caen Normandy,France,37,232,616+,240+,668,813,853+,744,825,42.68,2017
790,"All India Institute of Medical Sciences, New Delhi",India,12,383+,616+,240+,880,641,576,715,862,42.68,2017
791,Western Sydney University,Australia,23,383+,616+,240+,544,451,709,764,673,42.68,2017
792,University of Brighton,United Kingdom,60,383+,616+,240+,854,751,853+,715,741,42.68,2017
793,University of Orléans,France,38,383+,571,240+,751,444,709,728,887,42.68,2017
794,Yamagata University,Japan,47,383+,616+,240+,837,770,853+,728,564,42.67,2017
795,Åbo Akademi University,Finland,9,383+,616+,240+,788,637,576,728,741,42.67,2017
796,University of Salzburg,Austria,11,383+,307,240+,909,758,853+,828,862,42.67,2017
797,University of Bradford,United Kingdom,61,383+,225,240+,892,807,853+,967,564,42.67,2017
798,University of Memphis,USA,205,383+,331,240+,791,782,853+,828,499,42.67,2017
799,Federico Santa María Technical University,Chile,4,383+,616+,240+,989,948,234,828,686,42.67,2017
800,Marquette University,USA,206,285,229,240+,933,806,853+,967,704,42.67,2017
801,Northern Arizona University,USA,207,383+,546,240+,912,476,482,744,673,42.67,2017
802,University of Siegen,Germany,51,383+,577,240+,901,787,415,744,766,42.67,2017
803,Miguel Hernández University of Elche,Spain,29,383+,616+,240+,755,691,853+,744,598,42.67,2017
804,Howard University,USA,208,209,616+,240+,948,683,576,793,433,42.67,2017
805,Nanjing Agricultural University,China,57,383+,616+,240+,502,709,709,793,686,42.66,2017
806,National Sun Yat-sen University,Taiwan,11,383+,616+,240+,503,871,576,793,913+,42.66,2017
807,Fourth Military Medical University,China,58,383+,616+,240+,557,660,709,775,704,42.66,2017
808,University of Hohenheim,Germany,52,383+,616+,240+,777,703,576,744,825,42.66,2017
809,University of Sassari,Italy,45,383+,616+,240+,786,609,576,744,825,42.66,2017
810,Sapporo Medical University,Japan,48,383+,616+,240+,990,823,853+,764,429,42.66,2017
811,Murdoch University,Australia,24,383+,443,240+,795,530,576,775,663,42.66,2017
812,Chung-Ang University,South Korea,27,383+,510,240+,575,858,415,903,275,42.66,2017
813,École normale supérieure Paris-Saclay,France,39,141,336,240+,898,757,357,936,887,42.66,2017
814,Saga University,Japan,49,383+,616+,240+,919,797,853+,793,397,42.65,2017
815,University of Alcalá,Spain,30,383+,616+,240+,709,596,482,775,627,42.65,2017
816,Southwest University,China,59,299,609,240+,574,905,709,793,741,42.65,2017
817,University of Murcia,Spain,31,383+,616+,240+,547,769,576,810,556,42.65,2017
818,Maynooth University,Ireland,7,273,616+,240+,997,670,482,775,515,42.65,2017
819,University of Maribor,Slovenia,2,383+,616+,240+,945,844,709,744,794,42.65,2017
820,China University of Geosciences (Wuhan),China,60,383+,501,240+,797,667,482,775,807,42.65,2017
821,Hefei University of Technology,China,61,383+,317,240+,762,980,853+,851,887,42.65,2017
822,National Polytechnic Institute,Mexico,2,354,616+,240+,604,593,576,793,726,42.65,2017
823,University of Massachusetts Boston,USA,209,383+,487,240+,833,713,415,793,807,42.65,2017
824,Toho University,Japan,50,383+,616+,201,905,812,576,775,842,42.64,2017
825,Kurume University,Japan,51,383+,616+,240+,979,822,853+,851,275,42.64,2017
826,University of Regina,Canada,26,383+,616+,240+,888,661,357,793,663,42.64,2017
827,University of Oldenburg,Germany,53,383+,616+,240+,756,523,576,775,766,42.64,2017
828,Bowling Green State University,USA,210,383+,374,240+,949,742,482,820,766,42.64,2017
829,University of Hyogo,Japan,52,383+,616+,240+,923,533,853+,764,794,42.64,2017
830,Nanjing University of Technology,China,62,383+,616+,240+,642,953,853+,828,391,42.64,2017
831,Indian Institute of Technology Kanpur,India,13,199,561,240+,598,913,853+,842,492,42.64,2017
832,Bilkent University,Turkey,8,383+,480,240+,781,702,576,793,913+,42.64,2017
833,Mie University,Japan,53,383+,616+,240+,889,880,709,793,450,42.64,2017
834,Saitama Medical University,Japan,54,383+,616+,240+,984,635,709,775,521,42.64,2017
835,San Francisco State University,USA,211,294,616+,214,912,620,853+,775,913+,42.64,2017
836,Taipei Medical University,Taiwan,12,383+,616+,240+,453,850,853+,842,766,42.64,2017
837,RMIT University,Australia,25,383+,530,240+,658,940,709,810,604,42.64,2017
838,Jinan University,China,63,383+,303,240+,670,772,853+,903,754,42.64,2017
839,Jean Monnet University,France,40,383+,616+,240+,599,493,853+,810,713,42.64,2017
840,Sejong University,South Korea,28,383+,616+,240+,799,837,709,793,521,42.64,2017
841,Shizuoka University,Japan,55,383+,527,240+,940,791,853+,981,194,42.63,2017
842,Kyoto Prefectural University of Medicine,Japan,56,383+,616+,240+,889,802,576,775,913+,42.63,2017
843,University of Seoul,South Korea,29,383+,616+,240+,979,889,576,828,366,42.63,2017
844,University of Wuppertal,Germany,54,383+,616+,240+,992,898,576,775,754,42.63,2017
845,Showa University,Japan,57,383+,616+,240+,975,803,709,775,766,42.63,2017
846,Chiang Mai University,Thailand,3,383+,592,240+,825,701,576,793,887,42.63,2017
847,Tottori University,Japan,58,383+,382,240+,947,779,576,864,404,42.63,2017
848,University of Cyprus,Cyprus,1,383+,616+,240+,828,855,576,793,862,42.63,2017
849,Nanjing Normal University,China,64,383+,463,240+,710,676,709,820,704,42.63,2017
850,Gazi University,Turkey,9,383+,536,240+,780,931,576,810,913+,42.62,2017
851,Harbin Engineering University,China,65,383+,616+,240+,860,967,709,793,862,42.62,2017
852,Ritsumeikan University,Japan,59,383+,313,240+,942,858,482,920,482,42.62,2017
853,Jikei University School of Medicine,Japan,60,383+,616+,240+,965,745,709,793,842,42.62,2017
854,Isfahan University of Technology,Iran,4,383+,616+,240+,731,902,357,828,913+,42.62,2017
855,University of Rouen,France,41,379,616+,240+,704,731,853+,820,564,42.62,2017
856,Sofia University,Bulgaria,1,282,616+,240+,925,793,576,810,913+,42.62,2017
857,AGH University of Science and Technology,Poland,4,288,334,240+,726,808,576,903,576,42.62,2017
858,University of the Republic (Uruguay),Uruguay,1,383+,613,240+,815,599,576,810,887,42.62,2017
859,University of Veterinary Medicine Vienna,Austria,12,383+,616+,240+,826,644,709,810,649,42.62,2017
860,Makerere University,Uganda,1,226,616+,240+,776,470,709,828,913+,42.61,2017
861,Federal University of ABC,Brazil,9,383+,616+,240+,968,896,576,810,913+,42.61,2017
862,"University of California, Merced",USA,212,383+,616+,240+,858,546,853+,820,576,42.61,2017
863,Magna Græcia University of Catanzaro,Italy,46,383+,616+,240+,934,870,853+,810,766,42.61,2017
864,University of South Alabama,USA,213,383+,616+,240+,982,811,709,820,515,42.61,2017
865,Shanghai Normal University,China,66,383+,515,240+,877,980,853+,820,913+,42.61,2017
866,University of Valladolid,Spain,32,383+,506,240+,688,833,853+,851,482,42.6,2017
867,North China Electric Power University,China,67,383+,265,240+,866,989,709,981,913+,42.6,2017
868,Northwestern Polytechnical University,China,68,383+,341,240+,476,948,709,957,887,42.6,2017
869,University of Cádiz,Spain,33,383+,616+,240+,843,885,709,936,266,42.6,2017
870,Quaid-i-Azam University,Pakistan,1,383+,616+,240+,920,925,576,820,913+,42.6,2017
871,Tarbiat Modares University,Iran,5,383+,616+,240+,717,962,853+,828,913+,42.6,2017
872,Kōchi University,Japan,61,383+,616+,240+,979,814,709,828,515,42.6,2017
873,South China Normal University,China,69,383+,456,240+,619,929,709,864,754,42.59,2017
874,National Taiwan University of Science and Technology,Taiwan,13,383+,616+,240+,583,953,853+,851,862,42.59,2017
875,Yangzhou University,China,70,383+,616+,240+,822,894,853+,828,913+,42.59,2017
876,University of Electro-Communications,Japan,62,183,616+,240+,959,817,709,936,355,42.59,2017
877,University of Perpignan Via Domitia,France,42,178,616+,240+,967,656,482,876,913+,42.59,2017
878,University of Veterinary Medicine Hanover,Germany,55,383+,616+,240+,882,906,853+,828,842,42.59,2017
879,Inje University,South Korea,30,383+,616+,240+,826,887,853+,887,366,42.59,2017
880,University of Southern Mississippi,USA,214,383+,616+,240+,956,830,853+,828,726,42.59,2017
881,Wilfrid Laurier University,Canada,27,383+,292,240+,956,938,853+,967,913+,42.59,2017
882,Amirkabir University of Technology,Iran,6,383+,616+,240+,656,967,709,851,913+,42.58,2017
883,University of Extremadura,Spain,34,383+,616+,240+,808,923,709,842,741,42.58,2017
884,Brock University,Canada,28,383+,616+,240+,895,767,576,842,686,42.58,2017
885,University of Pécs,Hungary,5,383+,616+,240+,960,821,576,842,623,42.58,2017
886,Chungbuk National University,South Korea,31,383+,616+,240+,764,848,853+,876,422,42.58,2017
887,Jiangsu University,China,71,383+,602,240+,649,913,853+,876,465,42.58,2017
888,University of Wrocław,Poland,5,372,596,240+,750,820,576,851,807,42.58,2017
889,Dankook University,South Korea,32,383+,616+,240+,876,959,576,920,329,42.58,2017
890,Ryerson University,Canada,29,383+,616+,240+,743,957,415,864,807,42.58,2017
891,China Medical University (PRC),China,72,383+,616+,240+,718,737,709,851,913+,42.58,2017
892,University of Osnabrück,Germany,56,383+,616+,240+,891,695,709,842,842,42.58,2017
893,Third Military Medical University,China,73,383+,616+,240+,630,708,709,864,713,42.58,2017
894,University of North Dakota,USA,215,383+,569,240+,930,773,853+,851,521,42.58,2017
895,University of New Brunswick,Canada,30,383+,437,240+,798,824,709,876,638,42.58,2017
896,University of Mannheim,Germany,57,383+,567,240+,896,910,482,851,862,42.58,2017
897,Tianjin Medical University,China,74,383+,616+,240+,769,839,853+,851,807,42.58,2017
898,Budapest University of Technology and Economics,Hungary,6,278,616+,240+,834,781,576,864,663,42.57,2017
899,Saitama University,Japan,63,129,432,240+,986,697,709,981,492,42.57,2017
900,University of New England (Australia),Australia,26,383+,294,240+,901,684,853+,981,807,42.57,2017
901,Chung Yuan Christian University,Taiwan,14,272,319,240+,832,967,853+,967,913+,42.57,2017
902,Florida Atlantic University,USA,216,383+,616+,240+,872,716,853+,864,556,42.57,2017
903,University of Central Lancashire,United Kingdom,62,383+,541,240+,926,674,576,864,663,42.57,2017
904,Teikyo University,Japan,64,383+,616+,240+,964,724,709,851,794,42.57,2017
905,Gachon University,South Korea,33,383+,616+,240+,799,834,709,887,441,42.57,2017
906,Beijing University of Posts and Telecommunications,China,75,383+,288,240+,885,980,853+,995,433,42.57,2017
907,Jadavpur University,India,14,383+,529,240+,811,995+,482,876,825,42.57,2017
908,Shenzhen University,China,76,383+,375,240+,768,754,576,992,306,42.57,2017
909,Federal University of Santa Catarina,Brazil,10,383+,616+,240+,589,876,853+,887,754,42.56,2017
910,"Royal Veterinary College, University of London",United Kingdom,63,277,616+,240+,851,555,709,876,649,42.56,2017
911,University of Lleida,Spain,35,383+,616+,240+,846,878,709,864,726,42.56,2017
912,Fukuoka University,Japan,65,383+,616+,240+,972,874,853+,876,465,42.56,2017
913,University of the Ryukyus,Japan,66,383+,616+,240+,946,739,853+,864,613,42.56,2017
914,University of Jaén,Spain,36,383+,616+,240+,904,889,482,876,613,42.56,2017
915,China University of Geosciences (Beijing),China,77,383+,616+,240+,861,800,853+,864,842,42.56,2017
916,Wright State University,USA,217,383+,616+,240+,865,740,853+,864,842,42.56,2017
917,Hamamatsu University School of Medicine,Japan,67,383+,616+,240+,985,919,709,887,433,42.56,2017
918,Novosibirsk State University,Russia,5,186,616+,240+,741,706,576,936,913+,42.56,2017
919,The Catholic University of America,USA,218,383+,467,240+,988,633,576,887,686,42.55,2017
920,Xidian University,China,78,383+,589,240+,629,980,853+,903,627,42.55,2017
921,University of Puerto Rico at Mayagüez,Puerto Rico,1,383+,616+,240+,995,746,482,876,913+,42.55,2017
922,University of Calcutta,India,15,159,321,232,944,913,853+,998,576,42.55,2017
923,University of Miyazaki,Japan,68,316,616+,240+,987,744,709,903,441,42.55,2017
924,Clarkson University,USA,219,383+,422,240+,993,965,853+,903,766,42.55,2017
925,Shantou University,China,79,383+,616+,240+,951,730,576,876,913+,42.55,2017
926,Manchester Metropolitan University,United Kingdom,64,383+,434,240+,955,750,709,903,766,42.55,2017
927,Southern Medical University,China,80,383+,616+,240+,647,707,709,903,726,42.55,2017
928,University of Waikato,New Zealand,6,383+,406,240+,954,900,709,936,576,42.55,2017
929,Hunter College,USA,220,286,498,240+,848,623,853+,903,766,42.55,2017
930,Zhejiang University of Technology,China,81,383+,616+,240+,778,995+,853+,887,704,42.55,2017
931,University of Massachusetts Lowell,USA,221,383+,488,240+,939,973,482,974,333,42.55,2017
932,"University of Wales, Trinity Saint David",United Kingdom,65,383+,616+,240+,1000,973,576,876,913+,42.55,2017
933,Trent University,Canada,31,383+,521,240+,943,809,709,887,741,42.55,2017
934,Xiangtan University,China,82,383+,441,240+,817,948,853+,920,807,42.54,2017
935,University of North Carolina at Greensboro,USA,222,383+,616+,240+,883,864,709,887,686,42.54,2017
936,National Chung Cheng University,Taiwan,15,383+,616+,240+,838,995+,709,887,913+,42.54,2017
937,Nagoya Institute of Technology,Japan,69,383+,560,240+,907,930,853+,981,289,42.54,2017
938,Federal University of Paraná,Brazil,11,383+,512,240+,678,796,853+,920,766,42.54,2017
939,Babeș-Bolyai University,Romania,1,383+,616+,240+,869,879,709,887,913+,42.54,2017
940,University of Thessaly,Greece,7,383+,616+,240+,867,978,709,887,913+,42.54,2017
941,Beijing University of Technology,China,83,383+,616+,240+,714,962,853+,920,541,42.54,2017
942,University of Lethbridge,Canada,32,383+,616+,240+,971,777,576,887,862,42.54,2017
943,Ain Shams University,Egypt,2,383+,616+,240+,853,776,482,903,913+,42.54,2017
944,Nicolaus Copernicus University in Toruń,Poland,6,383+,616+,240+,920,743,853+,887,807,42.54,2017
945,Pukyong National University,South Korea,34,383+,616+,240+,973,967,853+,957,355,42.54,2017
946,University of Jinan,China,84,383+,549,240+,805,934,853+,903,913+,42.54,2017
947,Northwest A&F University,China,85,383+,616+,240+,549,761,853+,947,887,42.54,2017
948,University of Western Brittany,France,43,383+,616+,240+,873,704,853+,903,638,42.54,2017
949,Shiraz University,Iran,7,383+,616+,240+,867,967,576,903,913+,42.53,2017
950,Hallym University,South Korea,35,383+,616+,240+,852,932,853+,903,686,42.53,2017
951,University of Johannesburg,South Africa,6,383+,516,240+,920,675,482,920,766,42.53,2017
952,National Taiwan Normal University,Taiwan,16,383+,532,240+,740,911,853+,920,913+,42.53,2017
953,Chongqing Medical University,China,86,383+,616+,240+,845,868,853+,903,862,42.53,2017
954,Adam Mickiewicz University in Poznań,Poland,7,161,616+,240+,701,790,853+,981,686,42.53,2017
955,"Queens College, City University of New York",USA,223,345,377,240+,976,753,853+,957,713,42.53,2017
956,Charles Darwin University,Australia,27,383+,616+,240+,953,725,709,903,913+,42.53,2017
957,United Arab Emirates University,United Arab Emirates,1,383+,570,240+,977,884,853+,920,556,42.53,2017
958,National Taiwan Ocean University,Taiwan,17,383+,470,240+,839,927,853+,936,913+,42.53,2017
959,University of Almería,Spain,37,383+,616+,240+,965,980,576,920,673,42.52,2017
960,Federal University of São Carlos,Brazil,12,383+,616+,240+,758,912,853+,936,638,42.52,2017
961,National University of Colombia,Colombia,2,383+,349,240+,863,665,709,981,754,42.52,2017
962,Fluminense Federal University,Brazil,13,383+,348,240+,824,913,853+,981,913+,42.52,2017
963,Harbin Medical University,China,87,383+,616+,240+,721,869,709,936,913+,42.52,2017
964,Carlos III University of Madrid,Spain,38,383+,616+,240+,667,955,576,967,456,42.52,2017
965,Qingdao University,China,88,383+,616+,240+,903,980,709,920,862,42.52,2017
966,Oakland University,USA,224,383+,616+,240+,899,857,853+,920,862,42.52,2017
967,University of Pau and Pays de l'Adour,France,44,383+,616+,240+,970,944,853+,920,713,42.52,2017
968,Shimane University,Japan,70,383+,616+,240+,983,799,709,920,766,42.52,2017
969,Iran University of Science and Technology,Iran,8,383+,616+,240+,754,995+,482,947,913+,42.52,2017
970,Chosun University,South Korea,36,383+,616+,240+,938,973,853+,996,266,42.52,2017
971,National University of Córdoba,Argentina,3,383+,616+,240+,738,759,709,947,913+,42.51,2017
972,University of Basilicata,Italy,47,383+,616+,240+,961,882,576,936,842,42.51,2017
973,University of Brasília,Brazil,14,383+,442,240+,787,657,709,967,862,42.51,2017
974,Dokuz Eylül University,Turkey,10,383+,616+,240+,958,943,709,936,842,42.51,2017
975,University of Bucharest,Romania,2,253,616+,240+,879,795,576,957,913+,42.51,2017
976,King Juan Carlos University,Spain,39,383+,616+,240+,864,893,576,947,741,42.51,2017
977,South China Agricultural University,China,89,383+,601,240+,802,835,853+,947,842,42.51,2017
978,University of A Coruña,Spain,40,383+,616+,240+,818,921,853+,947,726,42.51,2017
979,Shanxi University,China,90,383+,585,240+,844,913,709,947,913+,42.51,2017
980,Alexandria University,Egypt,3,256,614,240+,906,895,853+,957,913+,42.5,2017
981,Kyoto Institute of Technology,Japan,71,383+,616+,240+,999,926,853+,992,333,42.5,2017
982,Federal University of Bahia,Brazil,15,383+,599,240+,931,798,853+,947,842,42.5,2017
983,Mansoura University,Egypt,4,383+,616+,240+,908,923,853+,947,913+,42.5,2017
984,Henan Normal University,China,91,383+,616+,240+,929,995+,853+,947,913+,42.5,2017
985,Southwest Jiaotong University,China,92,383+,359,240+,869,989,853+,992,807,42.5,2017
986,Zhejiang Normal University,China,93,383+,616+,240+,849,955,709,957,913+,42.5,2017
987,Feng Chia University,Taiwan,18,383+,379,240+,915,995+,853+,989,862,42.5,2017
988,University of Limerick,Ireland,8,383+,484,240+,858,862,709,989,450,42.49,2017
989,Yuan Ze University,Taiwan,19,383+,616+,240+,937,989,853+,957,913+,42.49,2017
990,Hunan Normal University,China,94,383+,616+,240+,941,909,853+,957,913+,42.49,2017
991,University of Camerino,Italy,48,383+,616+,240+,962,851,853+,957,794,42.49,2017
992,Federal University of Pernambuco,Brazil,16,383+,598,240+,774,841,853+,974,592,42.49,2017
993,Federal University of Santa Maria,Brazil,17,383+,405,240+,910,980,853+,989,913+,42.49,2017
994,Anhui University,China,95,383+,453,240+,924,938,853+,974,913+,42.49,2017
995,University of Texas at El Paso,USA,225,383+,500,240+,885,877,853+,974,649,42.49,2017
996,Nanchang University,China,96,383+,538,240+,747,961,853+,974,842,42.49,2017
997,China Pharmaceutical University,China,97,383+,578,240+,761,973,853+,974,638,42.49,2017
998,Federal University of Ceará,Brazil,18,383+,604,240+,842,792,853+,967,887,42.49,2017
999,Chung Shan Medical University,Taiwan,20,383+,616+,240+,730,933,709,974,913+,42.49,2017
1000,University of Macau,Macau,1,383+,333,240+,892,989,853+,998,862,42.49,2017
