World Rank,Institution,Country,Share,Count,Year,Publication share
1,Harvard University,United States of America (USA),876.04,2290,2016,1.7746297688331616
2,Stanford University,United States of America (USA),603.86,1481,2016,1.147697243511752
3,Massachusetts Institute of Technology (MIT),United States of America (USA),580.33,1749,2016,1.3553831727900434
4,University of Oxford,United Kingdom (UK),466.85,1248,2016,0.9671344766392077
5,University of Cambridge,United Kingdom (UK),438.52,1277,2016,0.9896079540611123
6,The University of Tokyo (UTokyo),Japan,427.14,1096,2016,0.849342457048535
7,Peking University (PKU),China,386.5,1256,2016,0.9733340566176643
8,"University of California, Berkeley (UC Berkeley)",United States of America (USA),384.78,1179,2016,0.9136630993250208
9,Swiss Federal Institute of Technology Zurich (ETH Zurich),Switzerland,355.01,910,2016,0.7052022225494223
10,Yale University,United States of America (USA),349.15,872,2016,0.6757542176517541
11,"University of California, San Diego (UC San Diego)",United States of America (USA),333.41,937,2016,0.7261258049767129
12,"University of California, Los Angeles (UCLA)",United States of America (USA),328.07,888,2016,0.688153377608667
13,University of Michigan (U-M),United States of America (USA),321.43,858,2016,0.6649049526894553
14,Nanjing University (NJU),China,319.47,747,2016,0.5788857804883719
15,Tsinghua University,China,315.87,1019,2016,0.7896714997558915
16,Columbia University in the City of New York (CU),United States of America (USA),313.3,908,2016,0.7036523275548082
17,California Institute of Technology (Caltech),United States of America (USA),307.03,865,2016,0.6703295851706047
18,University of Toronto (U of T),Canada,291.99,788,2016,0.6106586278779613
19,The University of Texas at Austin (UT Austin),United States of America (USA),288.86,652,2016,0.5052657682442014
20,Northwestern University (NU),United States of America (USA),284.07,670,2016,0.5192148231957284
21,University of Science and Technology of China (USTC),China,275.75,732,2016,0.567261568028766
22,University of Washington (UW),United States of America (USA),267.88,820,2016,0.6354569477917871
23,Kyoto University,Japan,264.41,674,2016,0.5223146131849568
24,University of Pennsylvania (Penn),United States of America (USA),260.77,653,2016,0.5060407157415084
25,University of Wisconsin-Madison (UW-Madison),United States of America (USA),259.89,683,2016,0.5292891406607202
26,Cornell University,United States of America (USA),257.65,750,2016,0.5812106229802931
27,University of Illinois at Urbana-Champaign (UIUC),United States of America (USA),251.23,634,2016,0.4913167132926744
28,Johns Hopkins University (JHU),United States of America (USA),244.1,777,2016,0.6021342054075837
29,Nanyang Technological University (NTU),Singapore,234.67,510,2016,0.3952232236265993
30,Swiss Federal Institute of Technology Lausanne (EPFL),Switzerland,234.26,570,2016,0.44172007346502273
31,University of Minnesota (UMN),United States of America (USA),233.72,634,2016,0.4913167132926744
32,Princeton University,United States of America (USA),228.83,590,2016,0.45721902341116394
33,Zhejiang University (ZJU),China,220.35,481,2016,0.37274974620469464
34,Imperial College London (ICL),United Kingdom (UK),216.15,792,2016,0.6137584178671894
35,Duke University,United States of America (USA),210.0,619,2016,0.4796925008330686
36,National University of Singapore (NUS),Singapore,209.52,576,2016,0.4463697584488651
37,The University of Chicago (UChicago),United States of America (USA),208.41,659,2016,0.5106904007253509
38,The Pennsylvania State University (Penn State),United States of America (USA),203.43,521,2016,0.40374764609697694
39,UCL,United Kingdom (UK),203.08,767,2016,0.594384730434513
40,"University of California, San Francisco (UCSF)",United States of America (USA),201.42,559,2016,0.4331956509946451
41,Osaka University,Japan,196.71,525,2016,0.4068474360862052
42,Washington University in St. Louis (WUSTL),United States of America (USA),193.58,426,2016,0.33012763385280647
43,"University of California, Santa Barbara (UCSB)",United States of America (USA),188.13,528,2016,0.4091722785781264
44,Fudan University,China,184.54,454,2016,0.3518261637774041
45,The University of North Carolina at Chapel Hill (UNC),United States of America (USA),182.62,450,2016,0.3487263737881759
46,Ludwig Maximilians University of Munich (LMU),Germany,181.49,602,2016,0.46651839337884854
47,Weizmann Institute of Science (WIS),Israel,181.09,379,2016,0.2937051014793748
48,"University of Maryland, College Park (UMCP)",United States of America (USA),176.21,661,2016,0.512240295719965
49,Tohoku University,Japan,175.48,438,2016,0.3394270038204911
50,McGill University,Canada,174.11,547,2016,0.4238962810269605
51,University of Colorado Boulder (CU-Boulder),United States of America (USA),169.17,627,2016,0.485892080811525
52,New York University (NYU),United States of America (USA),167.13,483,2016,0.37429964119930875
53,Seoul National University (SNU),South Korea,165.97,424,2016,0.32857773885819236
54,"University of California, Irvine (UCI)",United States of America (USA),164.5,461,2016,0.3572507962585535
55,University of Chinese Academy of Sciences (UCAS),China,159.07,880,2016,0.6819537976302106
56,Korea Advanced Institute of Science and Technology (KAIST),South Korea,157.77,321,2016,0.24875814663556545
57,"Rutgers, The State University of New Jersey (RU)",United States of America (USA),156.71,454,2016,0.3518261637774041
58,The University of Manchester (UoM),United Kingdom (UK),156.6,553,2016,0.42854596601080275
59,Nankai University (NKU),China,152.94,419,2016,0.32470300137165703
60,University of Copenhagen (UCPH),Denmark,151.21,589,2016,0.45644407591385683
61,Soochow University,China,150.07,277,2016,0.21466045675405493
62,Georgia Institute of Technology (Georgia Tech),United States of America (USA),145.87,427,2016,0.3309025813501135
63,The Ohio State University (OSU),United States of America (USA),145.71,521,2016,0.40374764609697694
64,Purdue University,United States of America (USA),145.62,398,2016,0.3084291039282089
65,Technical University of Munich (TUM),Germany,145.31,506,2016,0.3921234336373711
66,"University of California, Davis (UC Davis)",United States of America (USA),145.03,467,2016,0.3619004812423958
67,University of Pittsburgh (Pitt),United States of America (USA),144.89,442,2016,0.3425267938097194
68,University of Zurich (UZH),Switzerland,144.15,548,2016,0.4246712285242675
69,Tokyo Institute of Technology (Tokyo Tech),Japan,138.03,361,2016,0.27975604652784775
70,The University of Edinburgh,United Kingdom (UK),136.19,554,2016,0.42932091350810986
71,Texas A&M University (TAMU),United States of America (USA),135.74,391,2016,0.30300447144705944
72,University of Southern California (USC),United States of America (USA),134.66,308,2016,0.23868382917057368
73,Karlsruhe Institute of Technology (KIT),Germany,134.25,386,2016,0.29912973396052417
74,Nagoya University,Japan,132.62,350,2016,0.2712316240574701
75,Monash University,Australia,132.44,430,2016,0.3332274238420347
76,The University of British Columbia (UBC),Canada,130.36,417,2016,0.323153106377043
77,Shanghai Jiao Tong University (SJTU),China,128.21,449,2016,0.3479514262908688
78,The University of Texas Southwestern Medical Center (UT Southwestern Medical Center),United States of America (USA),128.1,274,2016,0.21233561426213374
79,Heidelberg University (Uni Heidelberg),Germany,126.49,515,2016,0.39909796111313456
80,Xiamen University (XMU),China,124.4,228,2016,0.17668802938600908
81,University of New South Wales (UNSW Sydney),Australia,122.29,311,2016,0.24100867166249487
82,Wuhan University (WHU),China,122.07,235,2016,0.1821126618671585
83,Utrecht University (UU),Netherlands,121.72,577,2016,0.4471447059461721
84,Hebrew University of Jerusalem (HUJI),Israel,121.21,274,2016,0.21233561426213374
85,University of Bristol (UoB),United Kingdom (UK),119.03,418,2016,0.32392805387435003
86,The University of Queensland (UQ),Australia,118.91,359,2016,0.27820615153323364
87,Hokkaido University,Japan,118.32,261,2016,0.202261296797142
88,Sun Yat-sen University (SYSU),China,117.48,307,2016,0.23790888167326665
89,University of Geneva (UNIGE),Switzerland,116.98,377,2016,0.2921552064847606
90,Vanderbilt University (VU),United States of America (USA),116.0,366,2016,0.283630784014383
91,Catholic University of Leuven (KU Leuven),Belgium,115.13,343,2016,0.2658069915763207
92,Indiana University (IU),United States of America (USA),114.69,389,2016,0.30145457645244533
93,Kyushu University,Japan,113.98,334,2016,0.2588324641005572
94,University of Florida (UF),United States of America (USA),113.67,453,2016,0.351051216280097
95,Boston University (BU),United States of America (USA),111.01,500,2016,0.38747374865352874
96,The University of Utah (Utah),United States of America (USA),109.49,256,2016,0.1983865593106067
97,King Abdullah University of Science and Technology (KAUST),Saudi Arabia,107.96,246,2016,0.19063708433753615
98,Technion-Israel Institute of Technology (IIT),Israel,106.64,264,2016,0.2045861392890632
99,University of Alberta (U of A),Canada,106.42,331,2016,0.256507621608636
100,Rice University,United States of America (USA),105.57,344,2016,0.26658193907362776
101,Sorbonne University,France,105.52,1057,2016,0.8191195046535596
102,University of Groningen (RUG),Netherlands,104.36,354,2016,0.2743314140466983
103,University of Basel (UB),Switzerland,102.61,287,2016,0.2224099317271255
104,Australian National University (ANU),Australia,102.56,308,2016,0.23868382917057368
105,University of Münster (WWU),Germany,102.36,295,2016,0.22860951170558197
106,Sichuan University (SCU),China,101.98,216,2016,0.16738865941832443
107,Lanzhou University (LZU),China,101.21,180,2016,0.13949054951527035
108,The Hong Kong University of Science and Technology (HKUST),China,101.19,297,2016,0.23015940670019605
109,Emory University,United States of America (USA),101.1,284,2016,0.2200850892352043
110,University of Würzburg (JMU),Germany,100.59,318,2016,0.24643330414364428
111,Pohang University of Science and Technology (POSTECH),South Korea,100.18,223,2016,0.1728132918994738
112,The University of Melbourne (UniMelb),Australia,100.16,485,2016,0.37584953619392286
113,"University of California, Riverside (UCR)",United States of America (USA),99.09,279,2016,0.216210351748669
114,University of Göttingen,Germany,97.99,330,2016,0.25573267411132894
115,Lund University (LU),Sweden,95.93,377,2016,0.2921552064847606
116,Arizona State University (ASU),United States of America (USA),95.65,282,2016,0.2185351942405902
117,Radboud University Nijmegen (RU),Netherlands,95.43,496,2016,0.3843739586643005
118,The Rockefeller University,United States of America (USA),95.4,261,2016,0.202261296797142
119,Aarhus University (AU),Denmark,95.1,243,2016,0.18831224184561496
120,Uppsala University (UU),Sweden,94.95,421,2016,0.3262528963662712
121,Johannes Gutenberg University Mainz (JGU),Germany,94.15,340,2016,0.26348214908439954
122,Baylor College of Medicine (BCM),United States of America (USA),93.45,312,2016,0.24178361915980193
123,The University of Arizona (Arizona),United States of America (USA),92.91,359,2016,0.27820615153323364
124,Durham University,United Kingdom (UK),92.63,262,2016,0.20303624429444905
125,Huazhong University of Science and Technology (HUST),China,91.91,230,2016,0.17823792438062322
126,National Taiwan University (NTU),Taiwan,91.82,285,2016,0.22086003673251137
127,RWTH Aachen University (RWTH Aachen),Germany,91.71,372,2016,0.28828046899822535
128,Yonsei University,South Korea,91.1,226,2016,0.17513813439139497
129,University of Southampton (Soton),United Kingdom (UK),90.76,325,2016,0.25185793662479367
130,Jilin University (JLU),China,89.93,211,2016,0.16351392193178912
131,Shandong University (SDU),China,89.69,292,2016,0.22628466921366078
132,University of Bonn (Uni Bonn),Germany,88.73,325,2016,0.25185793662479367
133,Delft University of Technology (TU Delft),Netherlands,88.33,241,2016,0.18676234685100085
134,Free University of Berlin (FU Berlin),Germany,86.95,460,2016,0.35647584876124644
135,East China University of Science and Technology (ECUST),China,86.9,181,2016,0.1402654970125774
136,Indian Institute of Science (IISc),India,86.77,125,2016,0.09686843716338218
137,The University of Texas MD Anderson Cancer Center,United States of America (USA),85.99,280,2016,0.2169852992459761
138,Dresden University of Technology (TU Dresden),Germany,84.81,370,2016,0.28673057400361124
139,North Carolina State University (NCSU),United States of America (USA),84.0,221,2016,0.1712633969048597
140,Case Western Reserve University (CWRU),United States of America (USA),83.12,223,2016,0.1728132918994738
141,University of Erlangen-Nuremberg (FAU),Germany,82.74,239,2016,0.18521245185638674
142,Hunan University (HNU),China,82.74,140,2016,0.10849264962298805
143,The University of Iowa (UI),United States of America (USA),81.86,332,2016,0.25728256910594305
144,Leiden University,Netherlands,81.25,310,2016,0.24023372416518782
145,State University of New York at Stony Brook (SUNY Stony Brook),United States of America (USA),81.14,335,2016,0.2596074115978642
146,The University of Warwick (Warwick),United Kingdom (UK),81.09,317,2016,0.2456583566463372
147,Brown University,United States of America (USA),80.64,253,2016,0.19606171681868556
148,University of Massachusetts Amherst (UMass Amherst),United States of America (USA),80.19,288,2016,0.22318487922443256
149,The University of Sydney (USYD),Australia,79.34,324,2016,0.2510829891274866
150,The University of Georgia (UGA),United States of America (USA),79.33,197,2016,0.15266465696949033
151,Harbin Institute of Technology (HIT),China,78.45,148,2016,0.1146922296014445
152,University of Rochester (UR),United States of America (USA),77.92,258,2016,0.19993645430522083
153,South China University of Technology (SCUT),China,77.86,150,2016,0.11624212459605862
154,Technical University of Denmark (DTU),Denmark,77.8,203,2016,0.15731434195333266
155,Stockholm University,Sweden,77.43,410,2016,0.31772847389589354
156,University of Amsterdam (UvA),Netherlands,77.27,499,2016,0.3866988011562216
157,East China Normal University (ECNU),China,76.76,164,2016,0.12709138955835741
158,Carnegie Mellon University (CMU),United States of America (USA),76.67,249,2016,0.19296192682945731
159,Autonomous University of Madrid (UAM),Spain,76.44,373,2016,0.2890554164955324
160,King's College London (KCL),United Kingdom (UK),76.15,342,2016,0.26503204407901365
161,Beijing Normal University (BNU),China,76.03,248,2016,0.19218697933215026
162,Tel Aviv University (TAU),Israel,75.8,268,2016,0.2076859292782914
163,University of Regensburg (UR),Germany,75.58,159,2016,0.12321665207182214
164,Sungkyunkwan University (SKKU),South Korea,75.04,248,2016,0.19218697933215026
165,University of Freiburg (Uni Freiburg),Germany,74.76,297,2016,0.23015940670019605
166,University of Hamburg (UHH),Germany,73.98,348,2016,0.26968172906285603
167,Karolinska Institute (KI),Sweden,73.86,323,2016,0.25030804163017956
168,University of Leeds,United Kingdom (UK),73.34,260,2016,0.20148634929983492
169,Xi'an Jiaotong University (XJTU),China,73.28,197,2016,0.15266465696949033
170,The University of Hong Kong (HKU),China,72.87,313,2016,0.24255856665710895
171,"Icahn School of Medicine at Mount Sinai (ISMMS), MSHS",United States of America (USA),72.49,241,2016,0.18676234685100085
172,University of Virginia (UVA),United States of America (USA),72.03,273,2016,0.21156066676482668
173,University of Paris-Sud (UPSud),France,71.87,724,2016,0.5610619880503096
174,University of Barcelona (UB),Spain,71.72,304,2016,0.23558403918134546
175,University of Waterloo,Canada,71.51,155,2016,0.12011686208259391
176,University of Tübingen (Uni Tübingen),Germany,71.47,266,2016,0.20613603428367727
177,University of Glasgow,United Kingdom (UK),71.45,388,2016,0.3006796289551383
178,Humboldt University of Berlin (HU Berlin),Germany,71.35,460,2016,0.35647584876124644
179,University of Nebraska-Lincoln (UNL),United States of America (USA),70.99,213,2016,0.16506381692640323
180,Michigan State University (MSU),United States of America (USA),70.73,327,2016,0.2534078316194078
181,Florida State University (FSU),United States of America (USA),69.72,300,2016,0.23248424919211724
182,University of Cologne (UoC),Germany,69.62,230,2016,0.17823792438062322
183,Tianjin University (TJU),China,69.54,343,2016,0.2658069915763207
184,University of Liverpool,United Kingdom (UK),69.22,347,2016,0.2689067815655489
185,Ghent University (UGent),Belgium,68.87,254,2016,0.1968366643159926
186,University of Illinois at Chicago (UIC),United States of America (USA),68.84,221,2016,0.1712633969048597
187,Keio University,Japan,68.69,158,2016,0.12244170457451507
188,The University of Sheffield,United Kingdom (UK),68.35,288,2016,0.22318487922443256
189,Goethe University Frankfurt (GU),Germany,68.12,219,2016,0.16971350191024556
190,University of Paris,France,67.55,699,2016,0.5416883006176332
191,Eindhoven University of Technology (TU/e),Netherlands,67.2,142,2016,0.11004254461760216
192,University of Bern (UniBE),Switzerland,66.98,326,2016,0.2526328841221007
193,The University of Nottingham (UoN),United Kingdom (UK),66.84,184,2016,0.14259033950449856
194,Southeast University (SEU),China,66.07,125,2016,0.09686843716338218
195,University of Notre Dame (ND),United States of America (USA),65.54,218,2016,0.16893855441293854
196,University of Massachusetts Medical School (UMass Medical School),United States of America (USA),65.06,297,2016,0.23015940670019605
197,"University at Buffalo, The State University of New York (SUNY UB)",United States of America (USA),65.01,197,2016,0.15266465696949033
198,The Chinese University of Hong Kong (CUHK),China,64.95,268,2016,0.2076859292782914
199,University of Strasbourg,France,64.72,433,2016,0.33555226633395585
200,University of Ottawa (uOttawa),Canada,64.44,168,2016,0.13019117954758563
201,University of Montreal (UdeM),Canada,63.53,350,2016,0.2712316240574701
202,Technische Universität Berlin (TU Berlin),Germany,63.33,143,2016,0.11081749211490921
203,Ulsan National Institute of Science and Technology (UNIST),South Korea,63.0,142,2016,0.11004254461760216
204,Korea University,South Korea,62.39,225,2016,0.17436318689408795
205,University of Tsukuba,Japan,61.92,249,2016,0.19296192682945731
206,University of Vienna,Austria,61.46,221,2016,0.1712633969048597
207,University of Oregon (UO),United States of America (USA),61.25,212,2016,0.16428886942909618
208,Iowa State University,United States of America (USA),60.92,240,2016,0.18598739935369377
209,University of Cincinnati (UC),United States of America (USA),60.79,224,2016,0.17358823939678086
210,University of Oslo (UiO),Norway,60.56,310,2016,0.24023372416518782
211,Tongji University,China,59.76,198,2016,0.15343960446679736
212,Colorado State University,United States of America (USA),58.93,173,2016,0.13406591703412093
213,Virginia Polytechnic Institute and State University (Virginia Tech),United States of America (USA),58.75,180,2016,0.13949054951527035
214,National Tsing Hua University (NTHU),Taiwan,58.61,179,2016,0.1387156020179633
215,Grenoble Alpes University (UGA),France,57.95,578,2016,0.44791965344347917
216,Oregon State University,United States of America (USA),57.5,161,2016,0.12476654706643625
217,"University of California, Santa Cruz (UCSC)",United States of America (USA),57.31,302,2016,0.23403414418673138
218,Oregon Health and Science University (OHSU),United States of America (USA),56.7,133,2016,0.10306801714183864
219,University of Hawai'i at Manoa (UH Mānoa),United States of America (USA),56.56,241,2016,0.18676234685100085
220,VU Amsterdam,Netherlands,56.24,353,2016,0.27355646654939125
221,Temple University,United States of America (USA),56.09,136,2016,0.10539285963375983
222,University of the Basque Country (UPV/EHU),Spain,56.09,233,2016,0.18056276687254438
223,University of Houston (UH),United States of America (USA),55.66,188,2016,0.1456901294937268
224,University of Miami (UM),United States of America (USA),55.54,170,2016,0.13174107454219977
225,Ruhr University Bochum (RUB),Germany,55.38,185,2016,0.14336528700180562
226,University of Bayreuth (UBT),Germany,54.99,114,2016,0.08834401469300454
227,University of Calgary (U of C),Canada,54.45,232,2016,0.17978781937523733
228,University of St Andrews,United Kingdom (UK),54.34,211,2016,0.16351392193178912
229,Beijing Institute of Technology (BIT),China,53.84,109,2016,0.08446927720646927
230,Homi Bhabha National Institute (HBNI),India,53.25,164,2016,0.12709138955835741
231,Albert Einstein College of Medicine (Einstein),United States of America (USA),53.07,164,2016,0.12709138955835741
232,Hanyang University (HYU),South Korea,52.14,151,2016,0.11701707209336569
233,University of Helsinki,Finland,51.7,307,2016,0.23790888167326665
234,Indian Institute of Technology Bombay (IIT Bombay),India,50.94,89,2016,0.06897032726032812
235,KTH Royal Institute of Technology,Sweden,50.77,392,2016,0.3037794189443665
236,University of Toulouse,France,50.72,416,2016,0.3223781588797359
237,University of Colorado Anschutz Medical Campus (CU Anschutz),United States of America (USA),50.62,141,2016,0.1092675971202951
238,University of Lausanne (UNIL),Switzerland,50.47,187,2016,0.14491518199641973
239,University of São Paulo (USP),Brazil,50.22,270,2016,0.20923582427290552
240,Beihang University (BUAA),China,50.01,168,2016,0.13019117954758563
241,University of Valencia (UV),Spain,49.71,263,2016,0.2038111917917561
242,University of Birmingham (UB),United Kingdom (UK),49.62,305,2016,0.23635898667865252
243,University of Konstanz,Germany,49.45,94,2016,0.0728450647468634
244,McMaster University,Canada,49.3,116,2016,0.08989390968761866
245,Tufts University,United States of America (USA),49.23,267,2016,0.20691098178098433
246,Wayne State University,United States of America (USA),49.21,190,2016,0.14724002448834092
247,Vienna University of Technology (TU Wien),Austria,48.87,174,2016,0.13484086453142802
248,University of Lyon,France,48.68,438,2016,0.3394270038204911
249,Cardiff University,United Kingdom (UK),48.44,192,2016,0.14878991948295503
250,Beijing University of Chemical Technology (BUCT),China,48.08,95,2016,0.07362001224417046
251,The University of Dublin,Ireland,47.66,141,2016,0.1092675971202951
252,Leipzig University,Germany,47.34,166,2016,0.12864128455297152
253,University of Delaware (UD),United States of America (USA),47.22,129,2016,0.09996822715261042
254,University of Stuttgart,Germany,47.0,127,2016,0.0984183321579963
255,Aix-Marseille University (AMU),France,46.98,456,2016,0.35337605877201816
256,Brandeis University,United States of America (USA),46.8,141,2016,0.1092675971202951
257,University of Connecticut (UConn),United States of America (USA),46.24,141,2016,0.1092675971202951
258,Aalto University,Finland,45.73,218,2016,0.16893855441293854
259,Dalian University of Technology (DUT),China,45.6,98,2016,0.07594485473609162
260,Université Libre de Bruxelles (ULB),Belgium,45.53,196,2016,0.15188970947218325
261,Philipps University of Marburg (Uni Marburg),Germany,45.41,119,2016,0.09221875217953983
262,The University of Kansas (KU),United States of America (USA),44.85,194,2016,0.15033981447756914
263,Queen Mary University of London (QMUL),United Kingdom (UK),44.58,262,2016,0.20303624429444905
264,The City University of New York (CUNY),United States of America (USA),44.42,175,2016,0.13561581202873504
265,Western University (UWO),Canada,44.2,109,2016,0.08446927720646927
266,University of York,United Kingdom (UK),44.13,148,2016,0.1146922296014445
267,City University of Hong Kong (CityU),China,43.65,141,2016,0.1092675971202951
268,University of Exeter,United Kingdom (UK),43.64,159,2016,0.12321665207182214
269,University of South Florida (USF),United States of America (USA),43.54,113,2016,0.08756906719569749
270,Central China Normal University (CCNU),China,43.5,121,2016,0.09376864717415395
271,Friedrich Schiller University Jena (FSU),Germany,43.21,173,2016,0.13406591703412093
272,University of Montpellier,France,43.08,374,2016,0.28983036399283946
273,Southwest University (SWU),China,43.01,65,2016,0.05037158732495873
274,Lomonosov Moscow State University (MSU),Russia,42.63,331,2016,0.256507621608636
275,Ben-Gurion University of the Negev (BGU),Israel,42.48,92,2016,0.07129516975224928
276,Nanjing Tech University (NanjingTech),China,42.45,102,2016,0.07904464472531986
277,The University of New Mexico (UNM),United States of America (USA),41.0,216,2016,0.16738865941832443
278,The University of Alabama at Birmingham (UAB),United States of America (USA),40.44,132,2016,0.1022930696445316
279,The University of Tennessee at Knoxville (UTK),United States of America (USA),40.21,246,2016,0.19063708433753615
280,Technical University of Darmstadt (TU Darmstadt),Germany,40.16,113,2016,0.08756906719569749
281,Chalmers University of Technology (Chalmers),Sweden,40.15,109,2016,0.08446927720646927
282,University of Kiel (CAU),Germany,39.91,171,2016,0.13251602203950683
283,"University of Maryland, Baltimore (UMB)",United States of America (USA),39.8,125,2016,0.09686843716338218
284,The University of Oklahoma (OU),United States of America (USA),39.75,203,2016,0.15731434195333266
285,Dartmouth College,United States of America (USA),39.71,125,2016,0.09686843716338218
286,Newcastle University,United Kingdom (UK),39.64,179,2016,0.1387156020179633
287,University of Lisbon (ULISBOA),Portugal,39.59,220,2016,0.17048844940755264
288,Complutense University of Madrid (UCM),Spain,39.11,176,2016,0.13639075952604213
289,The University of Akron (UAkron),United States of America (USA),38.88,67,2016,0.05192148231957285
290,National Chiao Tung University (NCTU),Taiwan,38.57,91,2016,0.07052022225494223
291,University of Kentucky (UK),United States of America (USA),38.45,120,2016,0.09299369967684688
292,University of Padova (UNIPD),Italy,38.42,269,2016,0.20846087677559846
293,Indian Institute of Science Education and Research Pune (IISER Pune),India,37.81,110,2016,0.08524422470377632
294,Ulm University,Germany,37.68,143,2016,0.11081749211490921
295,Chiba University,Japan,37.65,105,2016,0.08136948721724103
296,University of Innsbruck (LFU),Austria,37.62,195,2016,0.15111476197487622
297,Sapienza University of Rome,Italy,37.41,333,2016,0.25805751660325016
298,Curtin University,Australia,37.35,138,2016,0.10694275462837394
299,China University of Geosciences (CUG),China,37.19,80,2016,0.06199579978456459
300,University of South Carolina - Columbia (SC),United States of America (USA),36.91,122,2016,0.09454359467146102
301,Virginia Commonwealth University (VCU),United States of America (USA),36.87,79,2016,0.061220852287257536
302,Northeastern University (NEU),United States of America (USA),36.83,164,2016,0.12709138955835741
303,National Autonomous University of Mexico (UNAM),Mexico,36.69,145,2016,0.11236738710952332
304,Catholic University of Louvain (UCLouvain),Belgium,36.33,150,2016,0.11624212459605862
305,University of Bath,United Kingdom (UK),35.94,100,2016,0.07749474973070575
306,The Hong Kong Polytechnic University (PolyU),China,35.42,95,2016,0.07362001224417046
307,University of Duisburg-Essen (UDE),Germany,35.15,121,2016,0.09376864717415395
308,Rensselaer Polytechnic Institute (RPI),United States of America (USA),34.99,83,2016,0.06432064227648576
309,University of Potsdam,Germany,34.96,126,2016,0.09764338466068924
310,Shandong Normal University (SDNU),China,34.39,43,2016,0.03332274238420347
311,University of Science and Technology Beijing (USTB),China,34.36,79,2016,0.061220852287257536
312,Louisiana State University (LSU),United States of America (USA),34.26,154,2016,0.11934191458528684
313,University of Missouri (Mizzou),United States of America (USA),34.23,86,2016,0.06664548476840694
314,The University of Adelaide (Adelaide Uni),Australia,34.21,214,2016,0.1658387644237103
315,University of Gothenburg (GU),Sweden,34.17,128,2016,0.09919327965530335
316,Washington State University (WSU),United States of America (USA),34.17,105,2016,0.08136948721724103
317,The University of Western Australia (UWA),Australia,34.09,221,2016,0.1712633969048597
318,University of Warsaw (UW),Poland,33.61,172,2016,0.13329096953681388
319,University of Santiago de Compostela (USC),Spain,33.43,144,2016,0.11159243961221628
320,Simon Fraser University (SFU),Canada,33.41,172,2016,0.13329096953681388
321,Wageningen University & Research (WUR),Netherlands,32.89,142,2016,0.11004254461760216
322,Heinrich Heine University Düsseldorf (HHU),Germany,32.84,136,2016,0.10539285963375983
323,Ewha Womans University (Ewha),South Korea,32.82,98,2016,0.07594485473609162
324,Shanghai University (SHU),China,32.68,92,2016,0.07129516975224928
325,University of Bordeaux,France,32.37,232,2016,0.17978781937523733
326,University of Bologna (UNIBO),Italy,32.21,286,2016,0.22163498422981842
327,Bar-Ilan University (BIU),Israel,32.11,84,2016,0.06509558977379282
328,The University of Texas at Dallas (UT Dallas),United States of America (USA),31.79,163,2016,0.12631644206105036
329,University of Otago,New Zealand,31.78,118,2016,0.09144380468223277
330,University of Saskatchewan (U of S),Canada,31.42,78,2016,0.06044590478995048
331,University of Dundee,United Kingdom (UK),31.38,95,2016,0.07362001224417046
332,University of Twente (UTwente),Netherlands,31.17,65,2016,0.05037158732495873
333,Hiroshima University (HU),Japan,31.1,125,2016,0.09686843716338218
334,Chongqing University (CQU),China,30.66,88,2016,0.06819537976302106
335,Southern University of Science and Technology (SUSTech),China,30.64,95,2016,0.07362001224417046
336,University of Sussex,United Kingdom (UK),30.58,171,2016,0.13251602203950683
337,Boston College (BC),United States of America (USA),30.51,56,2016,0.043397059849195216
338,National Institute of Applied Sciences (INSA),France,30.49,289,2016,0.22395982672173959
339,Kobe University,Japan,30.21,149,2016,0.11546717709875155
340,Linköping University (LiU),Sweden,30.1,106,2016,0.08214443471454809
341,University of Wollongong (UOW),Australia,29.91,101,2016,0.0782696972280128
342,Chinese Academy of Medical Sciences & Peking Union Medical College (CAMS & PUMC),China,29.76,106,2016,0.08214443471454809
343,Queen's University,Canada,29.58,163,2016,0.12631644206105036
344,Clemson University,United States of America (USA),29.46,59,2016,0.04572190234111639
345,TU Dortmund University,Germany,29.45,174,2016,0.13484086453142802
346,Jawaharlal Nehru Centre for Advanced Scientific Research (JNCASR),India,29.44,47,2016,0.0364225323734317
347,Kanazawa University (KU),Japan,28.96,78,2016,0.06044590478995048
348,Charles University (CU),Czech Republic,28.81,254,2016,0.1968366643159926
349,Fuzhou University (FZU),China,28.62,49,2016,0.03797242736804581
350,Drexel University,United States of America (USA),28.6,95,2016,0.07362001224417046
351,University of Antwerp (UA),Belgium,28.48,145,2016,0.11236738710952332
352,State University of New York at Albany (SUNY Albany),United States of America (USA),28.24,145,2016,0.11236738710952332
353,Northwest University (NWU),China,28.02,53,2016,0.041072217357274045
354,Indian Institute of Technology Kanpur (IIT Kanpur),India,28.02,47,2016,0.0364225323734317
355,University of Strathclyde,United Kingdom (UK),27.44,107,2016,0.08291938221185514
356,University of Oviedo (UniOvi),Spain,27.4,126,2016,0.09764338466068924
357,Leibniz University Hannover (LUH),Germany,27.32,84,2016,0.06509558977379282
358,University of Liège (ULg),Belgium,27.2,88,2016,0.06819537976302106
359,University of Florence (UNIFI),Italy,27.12,177,2016,0.13716570702334915
360,University of Turin (UNITO),Italy,27.08,213,2016,0.16506381692640323
361,Gwangju Institute of Science and Technology (GIST),South Korea,26.78,64,2016,0.049596639827651674
362,Saarland University (Saar-Uni),Germany,26.71,73,2016,0.056571167303415194
363,University of Bremen (Uni Bremen),Germany,26.67,109,2016,0.08446927720646927
364,China Agricultural University (CAU),China,26.53,65,2016,0.05037158732495873
365,Waseda University,Japan,26.51,139,2016,0.10771770212568098
366,Indian Institute of Technology Madras (IIT Madras),India,26.22,52,2016,0.04029726985996699
367,Institute for Advanced Study (IAS),United States of America (USA),25.86,71,2016,0.05502127230880108
368,University of Sherbrooke (USherbrooke),Canada,25.82,114,2016,0.08834401469300454
369,Jagiellonian University (UJ),Poland,25.76,147,2016,0.11391728210413743
370,Okayama University,Japan,25.76,147,2016,0.11391728210413743
371,Queen's University Belfast (QUB),United Kingdom (UK),25.7,84,2016,0.06509558977379282
372,The University of Texas Health Science Center at Houston (UTHealth),United States of America (USA),25.67,133,2016,0.10306801714183864
373,Pusan National University (PNU),South Korea,25.62,93,2016,0.07207011724955634
374,Central South University (CSU),China,25.56,79,2016,0.061220852287257536
375,Technical University Braunschweig (TU Braunschweig),Germany,25.55,68,2016,0.052696429816879914
376,Umeå University (UMU),Sweden,25.52,98,2016,0.07594485473609162
377,University of Naples Federico II (UNINA),Italy,25.51,238,2016,0.18443750435907966
378,Nanjing University of Science and Technology (NUST),China,25.51,58,2016,0.04494695484380933
379,Northeast Normal University (NENU),China,25.5,44,2016,0.03409768988151053
380,University of Central Florida (UCF),United States of America (USA),25.44,69,2016,0.05347137731418697
381,The University of Texas at San Antonio (UTSA),United States of America (USA),25.07,62,2016,0.048046744833037565
382,University of Victoria (UVic),Canada,25.03,170,2016,0.13174107454219977
383,Medical University of South Carolina (MUSC),United States of America (USA),25.0,69,2016,0.05347137731418697
384,Royal Melbourne Institute of Technology (RMIT University),Australia,24.87,71,2016,0.05502127230880108
385,University of Pisa (UNIPI),Italy,24.75,250,2016,0.19373687432676437
386,Martin Luther University Halle-Wittenberg (MLU),Germany,24.63,101,2016,0.0782696972280128
387,University of Granada (UGR),Spain,24.52,145,2016,0.11236738710952332
388,University of Milan (UNIMI),Italy,24.46,230,2016,0.17823792438062322
389,University of Leicester,United Kingdom (UK),24.4,99,2016,0.07671980223339868
390,Kyung Hee University (KHU),South Korea,24.23,63,2016,0.04882169233034462
391,National Cheng Kung University (NCKU),Taiwan,24.2,66,2016,0.0511465348222658
392,"University of Nevada, Reno (UNR)",United States of America (USA),24.14,63,2016,0.04882169233034462
393,University of Milano-Bicocca (UNIMIB),Italy,24.08,166,2016,0.12864128455297152
394,École Normale Supérieure (ENS Paris),France,24.01,294,2016,0.22783456420827486
395,Zhengzhou University (ZZU),China,23.99,58,2016,0.04494695484380933
396,Erasmus University Rotterdam (EUR),Netherlands,23.98,166,2016,0.12864128455297152
397,Norwegian University of Science and Technology (NTNU),Norway,23.95,86,2016,0.06664548476840694
398,Autonomous University of Barcelona (UAB),Spain,23.93,205,2016,0.15886423694794677
399,University of Reading,United Kingdom (UK),23.86,95,2016,0.07362001224417046
400,Dalhousie University,Canada,23.84,69,2016,0.05347137731418697
401,Laval University (UL),Canada,23.65,127,2016,0.0984183321579963
402,Scuola Internazionale Superiore di Studi Avanzati (SISSA),Italy,23.58,105,2016,0.08136948721724103
403,University of Arkansas (UARK),United States of America (USA),23.44,68,2016,0.052696429816879914
404,Texas Tech University (TTU),United States of America (USA),23.42,127,2016,0.0984183321579963
405,Indian Institute of Science Education and Research Bhopal (IISER Bhopal),India,23.39,46,2016,0.03564758487612464
406,Wuhan University of Technology (WUT),China,23.26,48,2016,0.03719747987073876
407,Georgetown University,United States of America (USA),22.67,64,2016,0.049596639827651674
408,Hefei University of Technology (HFUT),China,22.49,47,2016,0.0364225323734317
409,Syracuse University,United States of America (USA),22.46,99,2016,0.07671980223339868
410,University of Zaragoza (Unizar),Spain,22.35,115,2016,0.08911896219031161
411,Heriot-Watt University,United Kingdom (UK),22.15,67,2016,0.05192148231957285
412,University of Wrocław (UWr),Poland,22.03,59,2016,0.04572190234111639
413,University College Dublin (UCD),Ireland,21.85,170,2016,0.13174107454219977
414,Lancaster University,United Kingdom (UK),21.77,177,2016,0.13716570702334915
415,Griffith University,Australia,21.72,63,2016,0.04882169233034462
416,Hong Kong Baptist University (HKBU),China,21.69,95,2016,0.07362001224417046
417,Beijing University of Technology (BJUT),China,21.27,62,2016,0.048046744833037565
418,Georgia State University (GSU),United States of America (USA),21.25,72,2016,0.05579621980610814
419,Polytechnic University of Milan,Italy,21.1,83,2016,0.06432064227648576
420,Nanjing University of Posts and Telecommunications (NUPT),China,21.06,55,2016,0.04262211235188816
421,Shaanxi Normal University (SNNU),China,21.05,37,2016,0.028673057400361125
422,University of Siegen,Germany,21.05,110,2016,0.08524422470377632
423,Nanjing Normal University (NNU),China,20.96,57,2016,0.04417200734650227
424,Tulane University,United States of America (USA),20.95,70,2016,0.05424632481149402
425,Saint Petersburg State University (SPbU),Russia,20.92,103,2016,0.07981959222262691
426,Macquarie University,Australia,20.91,104,2016,0.08059453971993398
427,University of Electronic Science and Technology of China (UESTC),China,20.86,69,2016,0.05347137731418697
428,Academy of Scientific and Innovative Research (AcSIR),India,20.85,67,2016,0.05192148231957285
429,The University of Auckland,New Zealand,20.73,160,2016,0.12399159956912918
430,China Pharmaceutical University (CPU),China,20.72,29,2016,0.022473477421904666
431,University of Guelph,Canada,20.51,154,2016,0.11934191458528684
432,Ocean University of China (OUC),China,20.41,55,2016,0.04262211235188816
433,University of Southern Denmark (SDU),Denmark,20.4,103,2016,0.07981959222262691
434,West Virginia University (WVU),United States of America (USA),20.37,82,2016,0.06354569477917871
435,The University of Toledo (UT),United States of America (USA),20.32,49,2016,0.03797242736804581
436,Henan Normal University,China,20.18,41,2016,0.031772847389589354
437,Giessen University (JLU),Germany,20.17,152,2016,0.11779201959067273
438,Federal University of Rio de Janeiro (UFRJ),Brazil,20.09,169,2016,0.13096612704489272
439,Nagoya Institute of Technology (NITech),Japan,20.02,33,2016,0.0255732674111329
440,Bielefeld University,Germany,20.0,45,2016,0.034872637378817586
441,Lehigh University,United States of America (USA),19.93,41,2016,0.031772847389589354
442,Kent State University,United States of America (USA),19.88,49,2016,0.03797242736804581
443,University of New Hampshire (UNH),United States of America (USA),19.8,118,2016,0.09144380468223277
444,Swansea University,United Kingdom (UK),19.68,52,2016,0.04029726985996699
445,Wake Forest University (WFU),United States of America (USA),19.62,76,2016,0.058896009795336365
446,University of Lille Nord de France,France,19.28,156,2016,0.12089180957990096
447,University of Jyväskylä,Finland,19.03,153,2016,0.1185669670879798
448,Thomas Jefferson University (TJU),United States of America (USA),18.92,46,2016,0.03564758487612464
449,University of Vermont (UVM),United States of America (USA),18.87,51,2016,0.03952232236265993
450,Rovira i Virgili University (URV),Spain,18.83,52,2016,0.04029726985996699
451,Tokyo University of Science (TUS),Japan,18.82,65,2016,0.05037158732495873
452,Pompeu Fabra University (UPF),Spain,18.81,92,2016,0.07129516975224928
453,Shanxi University (SXU),China,18.59,59,2016,0.04572190234111639
454,Grenoble Institute of Technology (Grenoble INP),France,18.56,299,2016,0.2317093016948102
455,Jinan University (JNU),China,18.47,56,2016,0.043397059849195216
456,Renmin University of China (RUC),China,18.46,53,2016,0.041072217357274045
457,Graz University of Technology (TU Graz),Austria,18.36,65,2016,0.05037158732495873
458,University of Bergen (UIB),Norway,18.21,205,2016,0.15886423694794677
459,University of East Anglia (UEA),United Kingdom (UK),18.2,82,2016,0.06354569477917871
460,National Taiwan Normal University (NTNU),Taiwan,18.15,32,2016,0.024798319913825837
461,The University of Texas at Arlington (UTA),United States of America (USA),18.1,111,2016,0.08601917220108338
462,University of La Laguna (ULL),Spain,18.08,102,2016,0.07904464472531986
463,University of Fribourg (UNIFR),Switzerland,18.01,77,2016,0.05967095729264342
464,Colorado School of Mines,United States of America (USA),17.88,59,2016,0.04572190234111639
465,Masaryk University (MU),Czech Republic,17.82,77,2016,0.05967095729264342
466,The University of Texas Health Science Center at San Antonio (UT Health San Antonio),United States of America (USA),17.69,44,2016,0.03409768988151053
467,Huazhong Agricultural University (HZAU),China,17.69,48,2016,0.03719747987073876
468,Northwest A&F University (NWAFU),China,17.58,38,2016,0.029448004897668183
469,University of Turku (UTU),Finland,17.53,93,2016,0.07207011724955634
470,Okinawa Institute of Science and Technology Graduate University (OIST),Japan,17.47,45,2016,0.034872637378817586
471,Tokyo University of Agriculture and Technology (TUAT),Japan,17.44,38,2016,0.029448004897668183
472,University of Buenos Aires (UBA),Argentina,17.4,139,2016,0.10771770212568098
473,Osaka Prefecture University (OPU),Japan,17.4,33,2016,0.0255732674111329
474,University of Manitoba,Canada,17.33,144,2016,0.11159243961221628
475,Army Medical University,China,17.26,68,2016,0.052696429816879914
476,University of Hyderabad (UoH),India,17.18,27,2016,0.020923582427290553
477,University of Nebraska Medical Center (UNMC),United States of America (USA),17.16,32,2016,0.024798319913825837
478,Shenzhen University (SZU),China,17.09,72,2016,0.05579621980610814
479,Nara Institute of Science and Technology (NAIST),Japan,17.01,45,2016,0.034872637378817586
480,The George Washington University (GW),United States of America (USA),16.97,72,2016,0.05579621980610814
481,University of Jinan (UJN),China,16.89,27,2016,0.020923582427290553
482,University of Rostock,Germany,16.82,80,2016,0.06199579978456459
483,Tokyo Medical and Dental University (TMDU),Japan,16.82,53,2016,0.041072217357274045
484,Augusta University,United States of America (USA),16.79,41,2016,0.031772847389589354
485,Bilkent University,Turkey,16.76,36,2016,0.02789810990305407
486,University of Lorraine (UL),France,16.73,104,2016,0.08059453971993398
487,Hannover Medical School (MHH),Germany,16.6,75,2016,0.05812106229802931
488,National Central University (NCU),Taiwan,16.47,105,2016,0.08136948721724103
489,Tokyo Metropolitan University (TMU),Japan,16.44,125,2016,0.09686843716338218
490,Institute of Science and Technology Austria (IST Austria),Austria,16.43,41,2016,0.031772847389589354
491,University of Wyoming,United States of America (USA),16.43,51,2016,0.03952232236265993
492,Utah State University (USU),United States of America (USA),16.36,55,2016,0.04262211235188816
493,Nanjing University of Information Science and Technology (NUIST),China,16.29,63,2016,0.04882169233034462
494,"University of Nevada, Las Vegas (UNLV)",United States of America (USA),16.22,57,2016,0.04417200734650227
495,University of Porto (UP),Portugal,16.11,102,2016,0.07904464472531986
496,University of Rome Tor Vergata,Italy,16.1,180,2016,0.13949054951527035
497,University College Cork (UCC),Ireland,16.07,71,2016,0.05502127230880108
498,University of Crete (UOC),Greece,16.06,54,2016,0.041847164854581106
499,Deakin University,Australia,16.05,49,2016,0.03797242736804581
500,University of Aberdeen,United Kingdom (UK),15.99,82,2016,0.06354569477917871
