﻿University,Country,Total Score,Setting & Infrastructure,Energy & Climate Change,Waste,Water,Transportation,Education & Research,Rank
Wageningen University & Research,Netherland,7552,1128,1606,1800,976,1012,1030,1
University of Nottingham,United Kingdom,7464,1088,1469,1800,925,1162,1020,2
University of California Davis,United States,7365,1050,1502,1800,972,1362,679,3
University of Bradford,United Kingdom,7290,839,1511,1800,925,1262,953,4
Nottingham Trent University,United Kingdom,7210,997,1587,1800,850,962,1014,5
University of Oxford,United Kingdom,7199,1006,1273,1725,1000,1412,783,6
University of Connecticut,United States,7148,1084,1386,1701,895,1212,870,7
Bangor University,United Kingdom,6881,1044,1437,1800,650,1062,888,8
University College Cork,Ireland,6861,777,1410,1701,905,1112,956,9
Hochschule Trier - Umwelt-Campus Birkenfeld,Germany,6806,752,1733,1527,761,1012,1021,10
University of Groningen,Netherland,6773,774,1181,1725,925,1262,906,11
Universitat fur Bodenkultur Wien,Austria,6745,942,1186,1800,730,1062,1025,12
University of North Carolina Chapel Hill,United States,6723,1013,1161,1725,875,1162,787,13
North Carolina Agricultural & Technical State University,United States,6711,1089,1039,1500,848,1212,1023,14
Dublin City University,Ireland,6658,768,1280,1800,873,1012,925,15
Universidad de Alcala,Spain,6648,915,1579,1524,625,1112,893,16
Keele University,United Kingdom,6648,923,1521,1725,648,963,868,17
Georgia Institute of Technology,United States,6623,701,1198,1800,750,1262,912,18
Newcastle University Newcastle upon Tyne,United Kingdom,6621,719,1197,1725,700,1312,968,19
University of Sussex,United Kingdom,6593,939,1319,1626,873,1062,774,20
Shandong Normal University - Lishan College,China,6566,920,1737,1377,789,1012,731,21
Delft University of Technology TU Delft,Netherland,6540,752,1113,1725,760,1212,978,22
University of Indonesia,Indonesia,6519,957,1233,1602,725,1162,840,23
University of Limerick,Ireland,6475,874,1441,1602,700,962,896,24
University of Melbourne,Australia,6458,735,1030,1551,800,1312,1030,25
Freie Universitat Berlin,Germany,6440,800,1342,1800,775,913,810,26
Universiti Putra Malaysia,Malaysia,6420,1092,1157,1602,723,962,884,27
Universidade de Sao Paulo USP,Brazil,6418,1033,1280,1476,700,1112,817,28
Universita di Bologna,Italy,6411,791,1423,1650,550,1012,985,29
University of Northern British Columbia,Canada,6391,1066,1096,1626,675,963,965,30
Western Michigan University,United States,6386,1055,1437,1476,775,1013,630,31
Hokkaido University,Japan,6384,895,1137,1551,900,1113,788,32
Carleton University,Canada,6318,648,1113,1725,775,1212,845,33
University of Malaya,Malaysia,6280,936,1185,1428,945,1112,674,34
Universidade Federal de Lavras - UFLA,Brazil,6279,867,1134,1452,883,913,1030,35
University of Texas Austin,United States,6277,714,1081,1575,875,1312,720,36
Universiti Malaysia Sabah,Malaysia,6274,1087,1266,1251,750,1062,858,37
Aalto University,Finlandia,6263,807,1280,1650,675,1113,738,38
York University,Canada,6259,837,1163,1602,925,1212,520,39
King Abdulaziz University,Saudi Arabia,6251,898,997,1551,909,961,935,40
Washington University Saint Louis,United States,6245,658,1145,1626,925,1163,728,41
Universite de Sherbrooke,Canada,6230,971,1273,1800,500,1062,624,42
University of Leicester,United Kingdom,6209,830,1399,1500,875,962,643,43
RUDN University,Russia,6202,943,1137,1428,725,1113,856,44
University of Ottawa,Canada,6191,640,1025,1551,1000,1312,663,45
University of California Merced,United States,6172,951,1254,1650,675,1063,579,46
University of Zanjan,Iran,6171,1028,997,1551,755,963,877,47
Universidade do Minho,Portugal,6158,735,1383,1401,660,963,1016,48
Leiden University,Netherland,6121,487,1120,1725,775,1262,752,49
Universitat Autonoma de Barcelona,Spain,6109,767,1255,1428,721,1162,776,50
UNSW Sydney,Australia,6087,689,985,1626,950,1013,824,51
Bogor Agricultural University,Indonesia,6076,1008,1071,1452,522,1012,1011,52
Kyoto University,Japan,6075,848,972,1725,650,1113,767,53
Tampere University of Technology,Finlandia,6073,687,1111,1800,850,1063,562,54
Universita degli Studi di Torino,Italy,6064,687,1343,1476,550,1113,895,55
Universitat Bayreuth,Germany,6063,758,1034,1800,650,963,858,56
Institut Teknologi Sepuluh Nopember,Indonesia,6059,799,1326,999,925,1162,848,57
Czech University of Life Sciences Prague (University of Agriculture),Czech,6043,729,1166,1626,695,1162,665,58
Dublin Institute of Technology,Ireland,6030,410,1515,1575,575,1062,893,59
National Pingtung University of Science & Technology,Taiwan,6027,933,976,1101,825,1162,1030,60
McMaster University,Canada,6026,733,975,1725,850,1212,531,61
National Chi Nan University,Taiwan,6022,977,1049,1452,515,1063,966,62
University of Dundee,United Kingdom,6014,711,1213,1725,490,1112,763,63
Chaoyang University of Technology,Taiwan,6007,757,1349,1527,557,863,954,64
Da Yeh University,Taiwan,5975,763,969,1725,775,863,880,65
Universiti Teknologi Malaysia,Malaysia,5952,1120,1180,1428,625,813,786,66
Universidad Autonoma de Occidente,Colombia,5945,677,1191,1551,750,811,965,67
Modul University,Austria,5944,515,1404,1626,425,1113,861,68
Universidad Nacional de Colombia,Colombia,5935,998,1171,1452,592,1012,710,69
Stavropol State Agrarian University,Russia,5934,645,1117,1476,574,1262,860,70
Universitat Bremen,Germany,5931,674,981,1551,690,1163,872,71
Universidad del Rosario,Colombia,5928,612,1350,1326,834,1212,594,72
Trent University,Canada,5925,932,1001,1725,300,963,1004,73
University of Eastern Finland,Finlandia,5894,658,895,1800,700,963,878,74
Inseec Business School,France,5867,422,1373,1725,625,761,961,75
University at Albany,United States,5862,798,1184,1353,700,1012,815,76
Istanbul Technical University,Turkey,5860,832,1213,1350,582,1262,621,77
Università Ca' Foscari Venezia,Italy,5851,577,1180,1326,650,1312,806,78
Asia University Taiwan,Taiwan,5838,777,1236,1125,700,1063,937,79
University of Reading,United Kingdom,5831,726,1151,1626,600,863,865,80
Indiana University Bloomington,United States,5820,982,1032,1377,650,1062,717,81
Universidad Rey Juan Carlos,Spain,5792,759,951,1650,611,913,908,82
Universiti Utara Malaysia,Malaysia,5787,1013,1046,1353,785,1012,578,83
Universitas Negeri Semarang,Indonesia,5785,888,1223,1074,750,1062,788,84
Fundación Universidad del Norte Barranquilla,Colombia,5784,748,1150,1500,925,811,650,85
Mahidol University,Thailand,5782,829,1095,1302,560,1162,834,86
University of A Coruna,Spain,5782,732,1070,1551,600,913,916,87
University of Szeged,Hungary,5773,1076,1070,1575,775,963,314,88
Universidad Autonoma de Nuevo Leon,Mexico,5772,958,925,1626,615,1062,586,89
Chulalongkorn University,Thailand,5754,697,860,1452,620,1212,913,90
Universidad Autonoma de Madrid,Spain,5752,850,1212,1377,520,763,1030,91
Nanhua University Taiwan,Taiwan,5751,928,1116,1725,649,761,572,92
University of Massachusetts Amherst,United States,5749,893,818,1575,550,1162,751,93
De La Salle University - Dasmarinas,Philippines,5731,539,1288,1626,580,713,985,94
Universitas Sebelas Maret,Indonesia,5729,723,1328,1227,480,1062,909,95
Kasetsart University,Thailand,5706,758,835,1251,670,1162,1030,96
Anglia Ruskin University,United Kingdom,5696,690,1027,1626,725,1063,565,97
Webster University,United States,5689,953,978,1476,750,1063,469,98
National Taipei University of Technology,Taiwan,5689,1039,1085,1128,634,913,890,99
National Yunlin University of Science & Technology,Taiwan,5683,834,1019,1551,720,663,896,100
Universidad Nacional Autonoma de Mexico,Mexico,5677,915,1199,1401,583,1012,567,101
Glasgow Caledonian University,United Kingdom,5645,406,1118,1800,425,1163,733,102
Diponegoro University,Indonesia,5643,773,1132,1101,545,1062,1030,103
Universitat Politècnica de València (Polytechnic University of Valencia),Spain,5640,633,1175,1701,383,913,835,104
University of California Riverside,United States,5636,769,938,1701,725,1012,491,105
Universita degli Studi di Milano Bicocca,Italy,5632,568,754,1725,390,1262,933,106
Universiti Malaysia Pahang,Malaysia,5626,959,1345,849,430,1013,1030,107
Universitat de Girona,Spain,5619,387,1460,1452,425,1062,833,108
University Of Kashan,Iran,5619,905,1177,1203,575,1112,647,109
Universidad de Bogota Jorge Tadeo Lozano,Colombia,5609,529,1314,1401,500,963,902,110
Princess Nourah University,Saudi Arabia,5600,733,1036,1551,775,961,544,111
Universidad de Oviedo,Spain,5597,752,1051,1476,445,863,1010,112
Gordon College,United States,5596,901,1099,1476,656,813,651,113
Politecnico di Torino,Italy,5583,552,1136,1575,600,863,857,114
Yamaguchi University,Japan,5577,813,1093,1527,750,963,431,115
Universiti Tunku Abdul Rahman,Malaysia,5562,688,1135,1401,644,913,781,116
Kafrelsheikh University,Egypt,5556,651,1255,1275,750,1063,562,117
Universidade de Vigo,Spain,5546,737,1074,1302,565,1112,756,118
Osaka University,Japan,5525,780,795,1626,725,911,688,119
Metropolia University of Applied Sciences,Finlandia,5516,418,1133,1800,450,1013,702,120
Hochschule fur nachhaltige Entwicklung Eberswalde,Germany,5514,845,1215,1275,550,662,967,121
Rambhai Bhanni Rajabhat University,Thailand,5472,911,1165,1203,526,913,754,122
Edge Hill University,United Kingdom,5458,718,924,1275,600,963,978,123
Universidad Miguel Hernandez,Spain,5447,738,1224,1551,660,713,561,124
Liverpool John Moores University,United Kingdom,5438,645,964,1227,750,1112,740,125
Orel State University named after I.S.Turgenev,Russia,5437,679,1305,1176,570,963,744,126
Rochester Institute of Technology,United States,5432,899,1131,1227,548,963,664,127
MaynoothUniversity,Ireland,5407,799,932,1428,640,913,695,128
Universidad de Caldas,Colombia,5403,572,917,1701,510,1111,592,129
Universidad de Navarra,Spain,5397,775,901,1425,698,1013,585,130
Università degli Studi di Genova - Savona Campus,Italy,5396,584,1402,1275,560,663,912,131
"California State University, Sacramento",United States,5383,587,874,1350,775,1013,784,132
Universidad Autonoma de Puebla,Mexico,5380,501,940,1800,470,1212,457,133
Gorno Altaisk State University,Russia,5380,897,1034,1428,375,963,683,134
"ITESO, Universidad Jesuita de Guadalajara",Mexico,5380,558,1388,1452,416,863,703,135
National Cheng Kung University,Taiwan,5376,906,1109,1176,585,1013,587,136
Centro Universitario do Rio Grande do Norte UNI-RN,Brazil,5376,936,1180,1353,445,763,699,137
Stevens Institute of Technology,United States,5367,800,1108,1626,400,913,520,138
Aalborg University,Denmark,5358,668,967,1650,608,663,802,139
Southern Methodist University,United States,5334,1003,1119,975,510,811,916,140
Universitat Jaume I,Spain,5332,834,958,1203,650,1012,675,141
Slippery Rock University,United States,5314,717,869,1377,600,1062,689,142
Naresuan University,Thailand,5309,803,972,1251,651,861,771,143
I-Shou University,Taiwan,5298,513,1118,1449,726,861,631,144
Purchase College SUNY,United States,5295,964,1211,1227,400,813,680,145
University of Lincoln,United Kingdom,5291,491,1175,1551,650,812,612,146
University of Lucerne,Switzerland,5285,450,1086,1551,500,1113,585,147
Riga Technical University,Latvia,5281,757,1211,1278,420,913,702,148
Universidad de los Andes Colombia,Colombia,5278,740,1019,1203,459,1262,595,149
University of Louisiana at Lafayette,United States,5277,1001,1055,1227,520,963,511,150
Ben-Gurion University of the Negev,Israel,5261,885,791,1302,610,762,911,151
Goldsmiths University of London,United Kingdom,5258,456,1129,1701,650,762,560,152
Daffodil International University,Bangladesh,5247,649,987,1173,775,862,801,153
Universite Joseph Fourier Grenoble 1,France,5247,744,1034,1128,611,1012,718,154
University of Ontario Institute of Technology,Canada,5236,692,1134,1224,970,563,653,155
Mae Fah Luang University,Thailand,5230,899,1045,672,620,1012,982,156
Universidad de Valladolid,Spain,5208,500,1411,1377,460,962,498,157
Yuan Ze University,Taiwan,5199,539,995,1053,930,812,870,158
Teesside University,United Kingdom,5197,408,1067,1350,700,1113,559,159
Wentworth Institute of Technology,United States,5193,547,1126,1278,525,913,804,160
Brawijaya University,Indonesia,5191,766,1278,1026,435,762,924,161
Birkbeck University of London,United Kingdom,5190,487,863,1476,625,1163,576,162
University of San Francisco,United States,5186,453,679,1626,670,1063,695,163
Indian Institute of Information Technology and Management Gwalior,India,5183,774,1074,1200,290,1112,733,164
East Stroudsburg University,United States,5176,977,881,1626,595,763,334,165
Universidad de Santander,Colombia,5171,881,1107,1302,340,763,778,166
Universitas Islam Indonesia,Indonesia,5171,682,1408,1203,320,1012,546,167
Siam University,Thailand,5171,573,843,1224,700,1062,769,168
An-Najah National University,Palestine,5169,693,1182,951,655,1013,675,169
Universiti Teknikal Malaysia Melaka,Malaysia,5167,935,1216,1251,465,1012,288,170
Eindhoven University of Technology,Netherland,5163,609,1034,1275,390,912,943,171
University of York,United Kingdom,5163,706,906,1551,370,913,717,172
"Adam Mickiewicz University, Pozna?",Poland,5162,680,1137,1203,740,763,639,173
Technische Universitat Wien,Austria,5159,605,931,1275,650,1062,636,174
American University in Cairo,Egypt,5157,973,1048,1077,650,913,496,175
King Mongkuts University of Technology North Bangkok,Thailand,5153,433,1051,1350,617,1063,639,176
University of Ioannina,Greece,5132,1150,1065,1551,165,761,440,177
Universitat de Valencia,Spain,5129,640,895,1476,475,613,1030,178
University of Pecs,Hungary,5129,668,1173,1326,625,713,624,179
Universitat de Barcelona,Spain,5121,620,646,1650,530,963,712,180
University of Kent,United Kingdom,5120,719,1144,1326,440,963,528,181
Telkom University,Indonesia,5116,682,1181,1323,352,862,716,182
Maejo University,Thailand,5113,825,1192,1101,504,461,1030,183
Universitas Padjadjaran,Indonesia,5101,812,959,1299,875,761,395,184
Sumy State University,Ukraine,5095,907,1097,1251,550,613,677,185
Al-Farabi Kazakh National University,Kazakhstan,5089,855,1441,774,280,912,827,186
Universidade Federal de Vicosa - UFV,Brazil,5074,905,1054,1077,505,513,1020,187
Universitat Rovira i Virgili,Spain,5072,620,1093,1626,290,713,730,188
London School of Hygiene & Tropical Medicine,United Kingdom,5062,508,772,1575,320,1163,724,189
Bulent Ecevit University,Turkey,5061,813,874,1302,600,961,511,190
Loyola Marymount University,United States,5050,612,1011,1401,590,863,573,191
University of Central Florida,United States,5047,1018,588,1002,665,1112,662,192
Al-Balqa Applied University,Jordan,5037,889,1057,948,540,861,742,193
Ankara University,Turkey,5035,843,963,927,455,1112,735,194
Dhurakij Pundit University,Thailand,5032,629,939,1428,690,713,633,195
Lincoln University Canterbury,New Zealand,5020,838,717,1176,275,1013,1001,196
University Of Isfahan,Iran,5018,795,1232,1053,640,963,335,197
Universiy Of Kufa,Iraq,5014,483,1270,876,585,1163,637,198
University of Jordan,Jordan,5011,961,912,1101,269,1113,655,199
Tzu Chi University,Taiwan,5006,793,1142,1101,565,863,542,200
Tel Aviv University,Israel,5003,624,897,1176,525,1162,619,201
Universidad de la Punta,Argentina,5003,925,981,1725,220,812,340,202
Universita degli Studi di Brescia,Italy,5002,525,798,1374,345,1262,698,203
University of Texas Rio Grande Valley,United States,4990,655,561,1053,722,1112,887,204
Appalachian State University,United States,4989,787,669,1425,285,962,861,205
University of Tasmania,Australia,4985,832,1069,747,625,863,849,206
Universiti Kebangsaan Malaysia,Malaysia,4981,1053,688,1128,425,763,924,207
West Texas A&M University,United States,4974,490,842,1452,800,913,477,208
University of Hertfordshire,United Kingdom,4974,676,671,1500,775,913,439,209
Universidad de Ciencias Aplicadas y Ambientales UDCA,Colombia,4974,730,780,1500,620,511,833,210
Universidad Autónoma del Estado de Hidalgo,Mexico,4956,554,960,1200,453,962,827,211
Politecnico di Milano,Italy,4951,564,622,1626,380,762,997,212
Suranaree University of Technology,Thailand,4943,850,1247,597,470,763,1016,213
Pontificia Universidade Catolica do Rio de Janeiro PUC-RIO,Brazil,4943,790,509,1227,390,1162,865,214
University of Illinois Springfield,United States,4929,958,920,1278,370,962,441,215
Universidad Autonoma de Chiapas,Mexico,4923,628,789,1452,350,1112,592,216
Illinois State University,United States,4917,801,1221,1152,350,863,530,217
Russian State Pedagogical University AI Herzen (Gertsenovsky University),Russia,4915,741,1076,1125,370,1213,390,218
Perm National Research Polytechnic University,Russia,4893,850,1183,1053,340,863,604,219
Aix Marseille University,France,4891,794,922,1401,300,663,811,220
Manipal Academy of Higher,India,4885,682,750,1203,620,913,717,221
Universidad Icesi,Colombia,4883,758,868,1299,455,761,742,222
Pascual Bravo University,Colombia,4861,711,1184,1452,140,663,711,223
University of Maribor,Slovenia,4855,436,1027,1353,384,863,792,224
Yeditepe University,Turkey,4833,542,885,1575,430,961,440,225
Uman National University of Horticulture,Ukraine,4832,1063,1082,774,550,613,750,226
Thammasat University,Thailand,4827,798,714,1101,465,1013,736,227
Shiraz University,Iran,4827,852,849,876,580,1013,657,228
Silpakorn University,Thailand,4822,596,955,924,577,1063,707,229
Mahasarakham University,Thailand,4820,778,906,774,350,1013,999,230
Mangalore University,India,4815,844,1124,648,620,963,616,231
Minin University,Russia,4809,661,1229,999,145,1213,562,232
Ming Chi University of Technology,Taiwan,4798,1047,678,1251,375,811,636,233
Universitas Sumatera Utara,Indonesia,4796,858,1032,897,135,1062,812,234
University of Westminster,United Kingdom,4787,564,792,1401,621,913,496,235
Universitat de Vic - Universitat Central de Catalunya,Spain,4779,361,1528,1200,518,613,559,236
Universidad de Las Palmas de Gran Canaria,Spain,4774,732,937,1176,575,611,743,237
University of Maryland Eastern Shore,United States,4773,857,1185,1176,380,761,414,238
Holy Spirit University of Kaslik (USEK),Lebanon,4772,584,1105,1002,420,863,798,239
Universitas Multimedia Nusantara,Indonesia,4767,681,1023,1125,705,1013,220,240
Voronezh State University,Russia,4761,494,813,1452,250,1111,641,241
Universidad El Bosque,Colombia,4754,522,1141,975,591,913,612,242
Shanghai Jianqiao College,China,4752,831,1104,1200,530,913,174,243
Escuela Agricola Panamericana Zamorano,Honduras,4749,981,790,1227,363,763,625,244
Ton Duc Thang University,Vietnam,4747,583,1016,1176,500,813,659,245
University of North Carolina at Greensboro,United States,4746,819,895,1152,370,962,548,246
Tomsk Polytechnic University,Russia,4742,1014,853,672,300,913,990,247
Valahia University of Targoviste,Romania,4736,660,1195,1053,378,863,587,248
Far Eastern Federal University,Russia,4733,787,901,924,515,963,643,249
Oranim College of Education,Israel,4731,720,607,1575,400,761,668,250
University of North Carolina Wilmington,United States,4716,642,828,1053,750,1113,330,251
Universidad Nacional Abierta y a Distancia Colombia,Colombia,4712,348,1373,1152,550,463,826,252
University of Petra,Jordan,4699,632,1148,798,525,811,785,253
Fo Guang University,Taiwan,4686,850,1056,1176,496,811,297,254
Institucion Universitaria Politecnico Grancolombiano,Colombia,4685,696,900,1626,320,863,280,255
University of Babylon,Iraq,4682,820,1189,774,470,811,618,256
Dibrugarh University,India,4682,995,915,1149,310,763,550,257
University of Alabama Birmingham,United States,4681,663,641,1053,711,1013,600,258
University of Kelaniya,Sri Lanka,4680,439,1200,1128,605,711,597,259
Universiti Sains Malaysia,Malaysia,4676,910,709,801,650,761,845,260
Chang Jung Christian University,Taiwan,4674,801,688,1251,525,713,696,261
King Mongkuts University of Technology Thonburi,Thailand,4669,632,801,747,481,1063,945,262
Rajabhat Maha Sarakham University,Thailand,4667,603,881,924,455,1112,692,263
Universitas Riau,Indonesia,4666,944,1069,747,250,811,845,264
Tunghai University,Taiwan,4661,994,690,1101,250,763,863,265
Institute for Financial Management and Research Chennai,India,4655,939,1212,1224,636,362,282,266
Universidad de Jaén,Spain,4643,567,1060,675,520,1012,809,267
Northwest Missouri State University,United States,4630,836,644,1278,350,1013,509,268
Universita degli Studi di Bari Aldo Moro,Italy,4621,638,754,1377,500,813,539,269
King Mongkuts Institute of Technology Ladkrabang,Thailand,4615,633,940,999,370,1112,561,270
University of Agriculture Faisalabad,Pakistan,4613,821,829,672,400,861,1030,271
Universidad de Castilla la Mancha,Spain,4611,686,803,1050,455,663,954,272
Universita degli Studi di Ferrara,Italy,4611,493,1021,1302,390,813,592,273
University of North Texas,United States,4600,990,485,1227,275,863,760,274
Universita degli Studi Roma Tre,Italy,4585,408,1138,1125,410,762,742,275
Providence University,Taiwan,4579,750,805,1101,560,811,552,276
School of Oriental and African Studies University of London,United Kingdom,4578,359,731,1500,325,1163,500,277
Universidad Tecnologica de Pereira,Colombia,4575,727,1137,1053,600,511,547,278
National Chung Hsing University,Taiwan,4560,713,547,1551,455,563,731,279
Kalasalingam University,India,4559,960,1133,1275,425,513,253,280
Ferdowsi University of Mashhad,Iran,4559,907,1003,1101,210,1013,325,281
Al-Zaytoonah University of Jordan (zuj),Jordan,4548,694,1057,1050,396,963,388,282
Universidade de Santiago de Compostela,Spain,4537,624,856,1227,133,812,885,283
Sabanci University,Turkey,4536,908,1128,975,613,561,351,284
Pontificia Universidad Javeriana,Colombia,4536,430,1007,975,595,1212,317,285
"Islamic Azad University, Science and Research Branch (SRBIAU)",Iran,4532,932,997,1050,120,861,572,286
University of Lodz,Poland,4530,515,662,1098,330,1013,912,287
EAN university (Universidad EAN),Colombia,4529,350,1020,1302,447,812,598,288
Chiba University,Japan,4528,690,622,1353,588,563,712,289
Moscow State Institute of International Relations,Russia,4518,655,849,1101,350,1013,550,290
University of Cyprus,Cyprus,4517,933,865,1200,410,613,496,291
Universitas Mataram,Indonesia,4514,912,1084,1176,300,613,429,292
Universidad Santiago de Cali,Colombia,4513,590,1189,1101,555,813,265,293
Universita degli Studi di Salerno,Italy,4512,545,635,1401,340,913,678,294
Erciyes University,Turkey,4510,950,877,573,441,913,756,295
Technische Universitat Bergakademie Freiberg,Germany,4509,748,669,1425,445,513,709,296
Ozyegin University,Turkey,4505,604,956,699,710,1013,523,297
UNIVERSIDAD POPULAR DE LA CHONTALPA,Mexico,4497,596,1448,873,340,861,379,298
Universita della Calabria,Italy,4493,942,736,1323,0,963,529,299
Universidad San Francisco de Quito,Ecuador,4481,472,757,1251,320,1213,468,300
Institute of Technology Bandung,Indonesia,4479,582,1085,1176,320,813,503,301
Roskilde University / Roskilde Universitet,Denmark,4474,785,750,1125,440,913,461,302
National Institute of Technology Rourkela,India,4468,918,744,897,580,963,366,303
Ariel University,Israel,4467,700,659,1401,320,1013,374,304
Tra Vinh University,Vietnam,4465,596,1144,1176,621,563,365,305
Birzeit University,Palestine,4458,789,1014,849,625,613,568,306
University of Bahrain,Bahrain,4457,978,638,1023,340,813,665,307
Universidad Nacional de San Martin Argentina,Argentina,4451,516,892,951,350,813,929,308
Shepherd University,United States,4448,813,810,1251,280,813,481,309
Universidad de Zaragoza,Spain,4445,653,1044,1200,255,513,780,310
Amirkabir University of Technology,Iran,4442,357,753,1101,440,1213,578,311
Universidade do Vale do Itajai UNIVALI,Brazil,4437,556,546,1350,320,811,854,312
University of Phayao,Thailand,4427,911,921,747,285,561,1002,313
Universita degli Studi di Roma La Sapienza,Italy,4427,703,977,852,124,1162,609,314
University of Alabama Huntsville,United States,4426,770,812,1077,660,612,495,315
Nanzan University,Japan,4425,621,832,1326,340,863,443,316
Universidad EAFIT,Colombia,4421,545,635,1377,470,663,731,317
National Institute of Technology Hamirpur,India,4421,820,567,1200,630,813,391,318
Andalas University,Indonesia,4416,789,891,924,350,761,701,319
University of Kragujevac,Serbia,4407,627,840,1227,670,663,380,320
North Eastern University,Thailand,4401,604,899,849,265,961,823,321
Eötvös Loránd University Budapest,Hungary,4400,602,381,1575,260,813,769,322
Universidad de Puerto Rico Mayaguez,Puerto Rico,4397,755,797,1152,320,863,510,323
Petrozavodsk State University,Russia,4393,564,960,597,500,1013,759,324
"Instituto Federal de Educação, Ciência e Tecnologia do Sul de Minas Gerais",Brazil,4387,933,974,849,410,513,708,325
University of Guilan,Iran,4384,856,1032,897,695,711,193,326
Russian State Agrarian University - Moscow Timiryazev Agricultural Academy,Russia,4384,1023,717,924,425,863,432,327
Universitat Duisburg Essen,Germany,4374,719,309,1425,400,861,660,328
Universidad de Alicante,Spain,4371,396,671,1425,407,913,559,329
The University of the West Indies,Trinidad Tobago,4371,861,761,672,410,863,804,330
Central Connecticut State University,United States,4369,725,837,1227,325,811,444,331
Jordan University of Science & Technology,Jordan,4369,764,728,999,510,811,557,332
Politecnico di Bari,Italy,4362,500,713,849,390,1011,899,333
Escuela Superior Politecnica del Litoral,Ecuador,4362,806,782,873,540,912,449,334
"Laucala Campus, University of the South Pacific",Fiji,4359,720,646,1101,320,863,709,335
University of Tennessee Martin,United States,4359,1041,719,1002,348,463,786,336
Pontificia Universidad Catolica del Peru,Peru,4358,432,1200,1026,505,763,432,337
Blekinge Institute of Technology,Sweden,4356,644,985,1176,400,813,338,338
Universita IUAV di Venezia,Italy,4352,610,859,903,205,963,812,339
University of Arid Agriculture Rawalpindi,Pakistan,4351,888,791,924,385,661,702,340
University of the Arts London,United Kingdom,4333,522,903,1251,375,563,719,341
Universidad EIA,Colombia,4332,475,1047,774,704,862,470,342
Ege University,Turkey,4331,829,527,1128,120,1013,714,343
Karl Franzens Universitat Graz,Austria,4325,638,717,924,503,763,780,344
Southern Utah University,United States,4320,350,566,1452,598,863,491,345
Brandenburgische Technische Universitat Cottbus,Germany,4314,636,907,1026,260,813,672,346
Universita Politecnica delle Marche,Italy,4311,376,914,1251,650,661,459,347
Pontificia Universidade Catolica do Parana,Brazil,4289,963,600,1302,110,913,401,348
Soochow University Taiwan,Taiwan,4265,608,608,1251,450,861,487,349
Universidad Pontificia Comillas,Spain,4264,475,702,1350,675,563,499,350
CUNY Brooklyn College,United States,4248,649,500,1152,550,911,486,351
University of TRIESTE,Italy,4247,569,653,1476,350,611,588,352
Unitec Institute of Technology,New Zealand,4241,721,626,978,320,863,733,353
Universidade Estadual de Londrina,Brazil,4238,795,675,1302,360,511,595,354
Al-Aqsa University,Palestine,4233,582,924,597,445,1013,672,355
Bogazici University,Turkey,4231,874,886,750,350,863,508,356
Universidade Federal do Rio Grande do Sul - UFRGS,Brazil,4227,476,782,1278,40,1013,638,357
Kobe University,Japan,4227,661,725,1275,450,611,505,358
Universidad de Salamanca,Spain,4222,402,983,1050,395,863,529,359
Airlangga University,Indonesia,4218,400,742,999,240,1162,675,360
Skyline College,United States,4218,503,693,1275,500,811,436,361
Pontificia Universidade Catolica do Rio Grande do Sul PUCRS,Brazil,4213,555,425,1251,382,913,687,362
New Granada Military University,Colombia,4212,395,1247,1275,395,362,538,363
Universite de Versailles Saint Quentin en Yvelines,France,4209,614,657,1149,295,812,682,364
Universita degli Studi di Padova,Italy,4204,607,592,1374,370,862,399,365
TOBB Economics and Technology University,Turkey,4203,767,914,900,420,861,341,366
Bangkok University,Thailand,4197,729,1074,975,234,611,574,367
University of Arkansas Little Rock,United States,4192,980,708,774,325,863,542,368
National Dong Hwa University,Taiwan,4188,1026,589,1149,340,863,221,369
"National Institute of Technology Karnataka, Surathkal",India,4187,1096,891,747,450,863,140,370
Murray State University,United States,4176,891,563,1326,320,913,163,371
Mutah University,Jordan,4160,673,489,873,310,1013,802,372
Bowie State University,United States,4158,752,765,924,380,863,474,373
Altai State University,Russia,4153,895,543,951,550,763,451,374
Babes Bolyai University,Romania,4153,697,522,999,370,1062,503,375
University of Macedonia,Greece,4142,375,690,1551,105,963,458,376
Pacific Union College,United States,4126,889,669,1425,595,262,286,377
Atyrau State University,Kazakhstan,4109,594,976,648,350,811,730,378
Siberian Federal University,Russia,4109,849,846,822,192,861,539,379
Ubon Ratchathani Rajabhat University,Thailand,4104,996,1078,849,140,463,578,380
Winthrop University,United States,4101,861,792,876,350,763,459,381
Rajamangala University of Technology Thanyaburi,Thailand,4095,670,675,849,445,913,543,382
Hitit University,Turkey,4094,810,819,951,330,812,372,383
National Taipei University of Education,Taiwan,4094,567,622,1050,698,662,495,384
Xavier University Ateneo de Cagayan,Philippines,4093,841,911,1026,330,411,574,385
Tecnologico de Monterrey,Mexico,4087,712,946,522,420,1062,425,386
Akhmet Yassawi University,Kazakhstan,4085,999,843,597,395,863,388,387
Santo Tomas university,Colombia,4082,591,935,900,303,711,642,388
Universitas Negeri Medan,Indonesia,4072,608,854,1152,245,563,650,389
University of Malta,Mexico,4066,530,986,1101,370,861,218,390
Indian Institute of Technology Madras,India,4064,797,708,1176,249,761,373,391
World Maritime University,Sweden,4060,556,380,1200,400,913,611,392
Universita` degli Studi di Perugia,Italy,4055,898,814,774,245,713,611,393
Bartin Universite,Turkey,4051,914,1016,774,200,613,534,394
Radboud University,Netherland,4050,583,478,1302,320,713,654,395
Don State Technical University,Russia,4030,571,1063,999,340,863,194,396
MacEwan College,Canada,4029,623,391,1275,235,611,894,397
Okayama University,Japan,4028,1036,812,1026,400,513,241,398
University of Hradec Kralove,Czech,4023,750,850,1128,100,1013,182,399
Vigo University,Spain,4018,723,590,1152,150,661,742,400
University of Nova Gorica,Slovenia,4007,854,651,1152,230,513,607,401
Walailak University,Thailand,4001,783,783,774,360,563,738,402
Volgograd State University,Russia,3995,536,957,873,295,863,471,403
Universitas Pelita Harapan,Indonesia,3994,712,509,999,445,862,467,404
Derzhavin Tambov State University,Russia,3989,422,771,951,180,963,702,405
Suleyman Demirel University Turkey,Turkey,3970,615,993,801,220,912,429,406
Universidad Austral de Chile,Chile,3961,569,631,1101,140,712,808,407
Universidad Central de Venezuela,Venezuela,3952,658,420,900,250,813,911,408
Texas Southern University,United States,3939,720,642,1101,575,613,288,409
Tilburg University,Netherland,3934,582,774,1326,100,663,489,410
Jacksonville University,United States,3930,939,479,900,230,463,919,411
Technical University of Crete,Greece,3927,666,1093,876,90,713,489,412
Universidade de Aveiro,Portugal,3923,618,694,1101,346,663,501,413
University of Tehran,Iran,3919,520,389,1125,375,963,547,414
Gandhi Institute of Technology and Management (GITAM),India,3916,552,971,573,585,811,424,415
University of Pardubice,Czech,3913,753,833,1176,230,513,408,416
Universidad de Granada,Spain,3910,411,651,1251,300,513,784,417
Kakatiya University,India,3907,693,1114,597,570,461,472,418
Canadian Memorial Chiropractic College,Canada,3892,409,804,1401,380,663,235,419
Stockholm University,Sweden,3885,639,311,1500,400,563,472,420
University of Tokushima,Japan,3879,756,798,849,370,563,543,421
City College of San Francisco,United States,3873,627,503,1074,445,511,713,422
Kazakh National Agriculture University,Kazakhstan,3872,725,882,876,290,713,386,423
Universidad Sergio Arboleda,Colombia,3866,370,645,1302,384,612,553,424
Universidad Autonoma Metropolitana,Mexico,3858,657,710,924,412,561,594,425
Yildiz Technical University,Turkey,3850,654,520,927,550,912,287,426
Bilkent University,Turkey,3840,1023,376,951,230,813,447,427
National Chiao Tung University,Taiwan,3829,738,262,1026,670,612,521,428
Technische Universitat Dresden,Germany,3827,565,534,1227,275,811,415,429
The University of Lahore,Pakistan,3822,431,1094,801,340,1013,143,430
Universiti Malaysia Terengganu,Malaysia,3822,651,604,849,202,1012,504,431
Rider University,United States,3810,576,632,951,245,913,493,432
University of Jeddah,Saudi Arabia,3780,719,831,774,350,811,295,433
HungKuang University,Taiwan,3777,556,656,672,470,761,662,434
Ondokuz Mayis University,Turkey,3776,704,429,873,380,1063,327,435
Bennett College,United States,3760,655,785,774,370,761,415,436
Universitas Lampung,Indonesia,3759,693,984,597,335,562,588,437
Universidad del Valle,Colombia,3752,921,657,900,400,463,411,438
Feng Chia University,Taiwan,3728,585,1149,675,171,713,435,439
University of Miskolc,Hungary,3715,771,875,675,50,562,782,440
University of Agricultural Sciences and Veterinary Medicine Cluj Napoca,Romania,3711,687,916,675,245,813,375,441
Nakhon Ratchasima Rajabhat University,Thailand,3701,546,900,774,202,511,768,442
Universidad Centroamericana Jose Simeon Canas,El Salvador,3695,690,809,825,327,713,331,443
Universidad de Medellin,Colombia,3680,720,745,750,425,312,728,444
Hashemite University,Jordan,3673,890,1267,648,250,361,257,445
Saratov State University,Russia,3671,507,514,1077,200,763,610,446
European University Cyprus,Cyprus,3664,392,1278,825,250,513,406,447
Yogyakarta State University,Indonesia,3654,609,678,822,200,1012,333,448
Thaksin University,Thailand,3652,693,980,549,255,513,662,449
Universidad Industrial de Santander,Colombia,3651,745,774,876,150,763,343,450
Duzce University,Turkey,3627,701,696,549,520,812,349,451
University of Sharjah,Uni Arab Emirates,3626,668,334,873,320,811,620,452
Azerbaijan University of Architecture and Construction,Azerbaijan,3623,686,896,498,411,612,520,453
Tver State University,Russia,3618,737,515,849,340,863,314,454
Universitas Syiah Kuala,Indonesia,3615,580,1037,597,190,963,248,455
Taipei Medical University,Taiwan,3609,466,461,1203,340,661,478,456
United Arab Emirates University,Uni Arab Emirates,3607,708,338,1149,275,711,426,457
Kyrgyz Turkish Manas University,Kyrgyzstan,3602,1011,301,525,45,813,907,458
Alzahra University,Iran,3596,464,940,951,145,711,385,459
fairfield University,Hungary,3594,922,647,774,265,563,423,460
Kainan University,Taiwan,3589,684,505,1101,290,561,448,461
Universidade Federal de Santa Catarina,Brazil,3577,537,447,951,200,711,731,462
University of Dhaka,Bangladesh,3575,765,1057,672,176,711,194,463
Poltava National Technical Yuri Kondratyuk University,Ukraine,3573,568,706,651,350,713,585,464
Universidade Federal de Itajuba,Brazil,3572,854,601,801,275,411,630,465
Universitat de les Illes Balears,Spain,3568,791,647,825,404,561,340,466
Penza State University,Russia,3541,627,587,750,250,963,364,467
Universitas Teuku Umar,Indonesia,3525,845,825,624,47,463,721,468
Inonu University Malatya,Turkey,3513,781,934,726,255,411,406,469
Universitas Bengkulu,Indonesia,3512,812,974,672,205,563,286,470
Madonna University,United States,3489,821,973,978,100,262,355,471
Christian Medical College Vellore,India,3487,710,737,1125,150,361,404,472
Universitas Surabaya,Indonesia,3484,705,905,498,300,813,263,473
University of the Virgin Islands,United States,3478,901,590,699,115,863,310,474
Chienkuo Technology University,Taiwan,3471,638,672,1401,77,511,172,475
Universidade Federal de Sao Paulo UNIFESP,Brazil,3465,699,642,648,550,613,313,476
Universiti Tun Hussein Onn Malaysia,Malaysia,3460,738,514,849,300,561,498,477
Universidade Federal Do Abc Ufabc,Brazil,3447,472,777,423,475,863,437,478
Islamic University College,Iraq,3435,604,393,999,330,911,198,479
Tadeusz Kosciuszko Cracow University of Technology,Poland,3430,373,803,750,230,863,411,480
Universita degli Studi Mediterranea di Reggio Calabria,Italy,3428,686,815,675,30,913,309,481
Universitas Terbuka,Indonesia,3426,786,849,747,170,461,413,482
North Carolina Central University,United States,3425,533,489,951,305,713,434,483
Universidad La Gran Colombia,Colombia,3378,705,650,699,215,711,398,484
Lahore University of Management Sciences,Pakistan,3376,679,957,498,350,763,129,485
University of Baghdad,Iraq,3371,703,699,423,315,713,518,486
Hasanuddin University,Indonesia,3369,693,802,447,425,812,190,487
Tomsk State University of Architecture and Building,Russia,3365,696,860,774,175,411,449,488
Rezekne Higher School,Latvia,3361,510,1148,849,175,463,216,489
Daugavpils University,Latvia,3356,762,785,549,120,463,677,490
Saint Petersburg State University,Russia,3355,916,695,522,340,713,169,491
Azerbaijan State University of Economics,Turkey,3346,629,521,1101,175,411,509,492
Universitas Sanata Dharma,Indonesia,3341,612,547,975,285,511,411,493
Budapest University of Technology and Economics,Hungary,3340,454,792,876,100,863,255,494
Westminster College Fulton,United States,3336,768,670,726,325,562,285,495
Foundation University,Philippines,3333,412,968,750,170,711,322,496
SVU,Egypt,3332,555,565,774,264,713,461,497
Voronezh State Technical University,Russia,3331,727,642,747,140,463,612,498
University of Crete,Greece,3330,868,574,1050,230,411,197,499
Taiwan Hospitality & Tourism College,Taiwan,3317,768,793,675,385,511,185,500
University of Debrecen,Hungary,3314,568,389,1074,180,612,491,501
Corvinus University of Budapest,Hungary,3312,710,637,651,340,613,361,502
Agricultural University of Cracow,Poland,3309,696,711,525,330,461,586,503
Universidad Autonoma del Caribe,Colombia,3305,616,575,726,50,862,476,504
Universitas Medan Area,Indonesia,3294,418,859,597,340,262,818,505
Universidad Autonoma de Tamaulipas,Mexico,3271,370,511,501,125,861,903,506
Odessa State Polytechnic University,Ukraine,3256,797,637,1026,220,412,164,507
Ludwig Maximilians Universitat Munchen,Germany,3252,1035,493,1152,50,361,161,508
Kilis 7 Aralk University / December 7 University of Kilis,Turkey,3248,493,723,876,150,862,144,509
Universitas Bangka Belitung,Indonesia,3234,846,823,273,95,411,786,510
University of Karachi,Pakistan,3228,729,660,498,275,661,405,511
Universitas Jember,Indonesia,3209,675,869,624,85,513,443,512
Universitas Negeri Surabaya,Indonesia,3207,510,617,828,360,361,531,513
Universidad del Magdalena,Colombia,3201,646,725,648,145,361,676,514
Universitas Pancasila,Indonesia,3190,699,759,597,375,613,147,515
Universidad Tecnica Federico Santa Maria,Chile,3181,468,632,648,380,763,290,516
University of South Africa,South Africa,3174,660,565,1227,82,361,279,517
West University of Timisoara,Romania,3152,557,642,675,145,962,171,518
Karabuk University,Turkey,3132,515,458,576,195,863,525,519
Pontificia Universidad Catolica de Chile,Chile,3127,638,492,576,180,713,528,520
Islamic Science University of Malaysia,Malaysia,3104,824,492,624,170,611,383,521
Universitas Sriwijaya,Indonesia,3102,866,718,423,255,412,428,522
University Petru Maior,Romania,3082,415,700,549,250,613,555,523
Mindanao State University Iligan Institute of Technology,Philippines,3077,415,568,774,205,763,352,524
Universitas Pembangunan Nasional Veteran Yogyakarta,Indonesia,3077,622,716,522,150,463,604,525
Selcuk University,Turkey,3073,455,274,1176,50,863,255,526
Islamic University of Gaza,Palestine,3043,499,542,699,295,411,597,527
Altai State Technical University,Russia,3033,555,397,549,180,713,639,528
Universidad de La Laguna,Spain,3031,396,582,750,246,511,546,529
University of Southern Brittany,France,3027,537,698,624,245,511,412,530
University of Education Winneba,Egypt,3024,549,759,474,420,663,159,531
American University of Beirut,Lebanon,3013,448,389,951,245,462,518,532
Ukrainian Academy of Banking,Ukraine,3007,615,710,525,425,411,321,533
Pontificia Universidade Catolica do Campinas,Brazil,3001,690,709,624,60,711,207,534
Universitas Maritim Raja Ali Haji,Indonesia,3000,904,931,348,180,462,175,535
Universidad Tecnologica de Panama,Panama,2988,681,698,447,170,411,581,536
Universitas Negeri Manado,Indonesia,2986,746,790,0,180,461,809,537
Universitas Muhammadiyah Surakarta,Indonesia,2973,467,790,447,75,811,383,538
Instituto Politecnico de Santarem,Portugal,2969,686,534,774,30,411,534,539
Universitas Sam Ratulangi,Indonesia,2956,706,719,249,250,813,219,540
Guru Nanak Dev Engineering College,India,2947,739,798,273,120,711,306,541
Jawaharlal Institute of Postgraduate Medical Education & Research,India,2929,886,834,348,75,663,123,542
Universitas Tanjungpura,Indonesia,2924,800,635,522,95,511,361,543
Universidad de Pamplona,Colombia,2906,493,351,552,320,562,628,544
Indian Institute of Management Ahmedabad,India,2899,746,651,573,140,411,378,545
International Islamic University of Malaysia,Malaysia,2884,730,367,525,295,713,254,546
Universite de Monastir,Tunisia,2872,624,630,423,385,512,298,547
Greifswald University,Germany,2864,675,494,699,150,463,383,548
Gunadarma University,Indonesia,2841,610,708,876,125,361,161,549
Cyprus University of Technology,Cyprus,2836,352,584,699,32,711,458,550
Vidzeme University of Applied Sciences,Latvia,2831,379,548,975,273,463,193,551
Universitas Halu Oleo,Indonesia,2823,734,853,348,256,361,271,552
International Islamic University Islamabad,Pakistan,2818,727,755,198,275,411,452,553
Universiti Malaysia Perlis,Malaysia,2817,863,481,0,150,713,610,554
Government College of Engineering Pune,India,2801,675,922,450,215,411,128,555
National Taiwan University of Arts,Taiwan,2791,544,255,825,250,513,404,556
Integral University,India,2787,658,678,99,160,812,380,557
Irkutsk State Technical University,Russia,2779,658,667,174,546,411,323,558
University of Kwazulu Natal,South Africa,2776,501,351,549,230,711,434,559
Swedish Defence University,Sweden,2764,341,425,801,250,763,184,560
Universidad Autonoma de la Ciudad de Mexico,Mexico,2758,602,579,348,385,562,282,561
University of Trnava,Slovenia,2757,478,648,927,0,312,392,562
University at Bialystok / Uniwersytet w Biaymstoku,Poland,2742,473,343,774,400,463,289,563
Valaya Alongkorn Rajabhat University Under the Royal Patronage,Thailand,2721,778,702,447,170,361,263,564
Universitas Negeri Malang,Indonesia,2718,559,683,447,330,411,288,565
Atma Jaya Yogyakarta University,Indonesia,2718,628,667,297,75,361,690,566
Universite de Valenciennes et du Hainaut Cambresis,France,2701,773,296,399,230,511,492,567
University of Tourism and Management in Skopje,Macedonia,2692,530,751,549,0,513,349,568
Celal Bayar University,Turkey,2688,602,191,723,230,561,381,569
Burapha University,Thailand,2682,727,350,423,95,863,224,570
Immanuel Kant State University of Russia (Kaliningrad State University),Russia,2679,656,290,423,295,513,502,571
Anadolu University,Turkey,2676,540,273,774,298,661,130,572
Polish Japanese Institute of Information Technology in Warsaw,Poland,2664,576,504,474,370,611,129,573
Amman Arab University,Jordan,2655,495,812,726,170,312,140,574
University of Calcutta,India,2653,618,592,498,220,362,363,575
Gulbarga University,India,2645,672,646,324,95,663,245,576
Universitas Pelita Harapan,Indonesia,2635,603,742,624,146,361,159,577
Minia University,Egypt,2627,577,544,324,180,561,441,578
Universidad Tecnologica Metropolitana,Chile,2623,341,696,726,50,312,498,579
Sekolah Tinggi Teknik Malang,Indonesia,2589,355,1089,198,80,362,505,580
Universidad Nacional del Sur,Argentina,2576,562,265,675,110,663,301,581
NARXOZ University,Kazakhstan,2570,593,572,450,0,513,442,582
Petra Christian University,Indonesia,2552,575,607,549,320,361,140,583
Universitas PGRI Ronggolawe,Indonesia,2550,432,650,174,140,763,391,584
University of Sri Jayewardenepura,Sri Lanka,2548,382,376,447,275,411,657,585
Mykolas Romeris University,Lithuania,2526,717,172,849,50,463,275,586
Universitas Tarumanagara,Indonesia,2512,519,344,549,180,312,608,587
Polytechnic of Namibia,Namibia,2511,341,352,651,275,262,630,588
Universite Cadi Ayyad,Marocco,2498,378,203,348,190,663,716,589
Universitas Negeri Padang,Indonesia,2490,375,290,423,330,462,610,590
Instituto Nacional de Antropologia e Historia,Mexico,2489,341,406,648,75,612,407,591
Obuda University (Budapest Polytechnic),Hungary,2474,389,680,648,150,411,196,592
Panjab University,India,2468,427,451,498,170,463,459,593
Indira Gandhi National Open University,India,2466,645,361,348,200,761,151,594
Universita di Macerata (Universita degli Studi di Macerata),Italy,2452,459,564,273,30,411,715,595
Damascus University,Turkey,2445,368,301,573,200,562,441,596
Dr Hari Singh Gour University Sagar University,India,2443,524,719,423,120,461,196,597
Universidade Federal de Pernambuco,Brazil,2433,722,384,450,135,562,180,598
Astrakhan State University,Russia,2432,501,583,297,30,612,409,599
Izmir University of Economics,Turkey,2424,456,527,597,90,613,141,600
Russian Presidential Academy of National Economy and Public Administration,Russia,2408,741,201,675,182,461,148,601
Universitas Samudera,Indonesia,2373,676,750,198,100,262,387,602
Universidad Metropolitana Caracas,Venezuela,2345,540,610,498,250,262,185,603
Universitas Lambung Mangkurat,Indonesia,2222,586,603,348,0,562,123,604
New Jersey City University,United States,2209,504,152,801,10,612,130,605
University of Latvia,Latvia,2208,1099,301,249,120,262,177,606
Universidad de Cartagena,Colombia,2147,478,291,825,0,262,291,607
Universitas Islam Negeri Maulana Malik Ibrahim Malang,Indonesia,2106,415,524,324,100,463,280,608
Universitas Islam Negeri Sumatera Utara Medan,Indonesia,2097,398,376,522,75,411,315,609
Universitas Khairun,Indonesia,2047,494,576,423,160,262,132,610
Russian State Vocational Pedagogical University,Russia,2041,350,649,273,75,411,283,611
Universitas Pendidikan Ganesha (UNDIKSHA),Indonesia,1991,417,643,99,50,411,371,612
Uzhhorod National University,Ukraine,1877,544,376,348,40,262,307,613
Universite Abou Bekr Belkaid Tlemcen,Algeria,1805,477,394,0,0,711,223,614
Politeknik Negeri Malang,Indonesia,1756,437,739,0,40,411,129,615
Universidad Central de Nicaragua,Nicaragua,1730,458,227,324,200,361,160,616
Tamil Nadu Dr M G R Medical University,India,1651,341,301,174,450,262,123,617
Ivan Franko National University of Lviv,Ukraine,1522,411,301,99,0,262,449,618
Universitas Muria Kudus,Indonesia,1413,443,131,348,10,262,219,619
