﻿University,Country,Total Score,Setting & Infrastructure,Energy & Climate Change,Waste,Water,Transportation,Education & Research,Rank
Wageningen University & Research,Netherland,9150,1200,1800,1800,1000,1550,1800,1
University of Oxford,United Kingdom,8875,1200,1600,1800,1000,1550,1725,2
University of Nottingham,United Kingdom,8775,1300,1525,1800,1000,1425,1725,3
Nottingham Trent University,United Kingdom,8725,1200,1775,1800,700,1450,1800,4
"University of California, Davis",USA,8725,1250,1575,1725,1000,1525,1650,5
Umwelt-Campus Birkenfeld (Trier University of Applied Sciences),Germany,8650,975,1875,1500,1000,1650,1650,6
University of Groningen,Netherland,8550,1075,1600,1800,1000,1425,1650,7
Leiden University,Netherland,8525,600,1950,1800,1000,1750,1425,8
University College Cork,Ireland,8525,950,1750,1725,1000,1600,1500,9
Universita di Bologna,Italy,8500,1100,1525,1725,700,1800,1650,10
University of Connecticut,USA,8400,1025,1500,1800,1000,1425,1650,11
University of Southern Denmark,Denmark,8375,1000,1675,1725,1000,1550,1425,12
Universidade de Sao Paulo USP,Brazil,8375,1300,1475,1650,925,1525,1500,13
Université de Sherbrooke,Canada,8350,1025,1725,1575,925,1475,1625,14
Dublin City University,Ireland,8300,850,1675,1800,950,1300,1725,15
Universitat Autònoma de Barcelona,Spain,8275,875,1900,1725,775,1425,1575,16
University of Limerick,Ireland,8275,1100,1750,1575,775,1425,1650,17
Universidad Autónoma De Nuevo León,Mexico,8275,1175,1475,1650,900,1425,1650,18
Weifang Institute of Technology,China,8250,1125,1950,1500,875,1500,1300,19
Universitat Bremen,Germany,8225,1075,1725,1500,925,1550,1450,20
Leuphana Universitat Luneburg,Germany,8200,650,2025,1725,675,1350,1775,21
Universita degli Studi di Torino,Italy,8200,775,1875,1575,700,1550,1725,22
University of North Carolina Chapel Hill,USA,8200,1325,1350,1800,1000,1200,1525,23
Universidad De Alcala,Spain,8175,1125,1800,1425,800,1375,1650,24
Politecnico di Torino,Italy,8175,275,1775,1800,1000,1600,1725,25
Freie Universitat Berlin,Germany,8150,950,1675,1725,700,1400,1700,26
Universitas Indonesia,Indonesia,8150,1050,1625,1500,825,1425,1725,27
Universiti Putra Malaysia,Malaysia,8125,1325,1550,1425,950,1525,1350,28
University of Warwick,United Kingdom,8100,1050,1575,1650,575,1575,1675,29
Universidade Federal de Lavras – UFLA,Brazil,8100,1275,1475,1425,875,1425,1625,30
National Pingtung University of Science & Technology,Chinese Taipei,8100,1250,1400,1500,900,1475,1575,31
Universiti Malaya,Malaysia,8100,1100,1225,1575,1000,1475,1725,32
University of Eastern Finland,Finland,8075,400,1950,1800,1000,1350,1575,33
Universidad del Rosario,Colombia,8075,925,1675,1725,825,1500,1425,34
Hame University of Applied Sciences,Finland,8075,1150,1575,1650,1000,1425,1275,35
King Abdulaziz University,Saudi Arabia,8075,1050,1525,1575,950,1325,1650,36
Keele University,United Kingdom,8050,1200,1750,1725,650,1250,1475,37
Shinshu University,Japan,8050,1100,1500,1725,550,1450,1725,38
Diponegoro University,Indonesia,8025,800,1650,1425,950,1400,1800,39
Universita degli Studi dell’Aquila,Italy,8025,1050,1650,1425,875,1450,1575,40
National Chi Nan University,Chinese Taipei,8025,1325,1500,1500,850,1425,1425,41
RUDN University,Russia,8025,1150,1375,1650,775,1650,1425,42
Luiss University,Italy,8000,750,1975,1500,775,1550,1450,43
Universitas Gadjah Mada,Indonesia,8000,1025,1400,1500,875,1475,1725,44
Universidad Autónoma De Occidente,Colombia,7975,925,1475,1725,950,1250,1650,45
Delft University of Technology Tu Delft,Netherland,7975,1150,1425,1650,725,1375,1650,46
Da-Yeh University,Chinese Taipei,7975,900,1425,1500,1000,1425,1725,47
National Cheng Kung University,Chinese Taipei,7975,975,1375,1725,750,1500,1650,48
IPB University,Indonesia,7975,1350,1200,1500,650,1475,1800,49
Fundación Universidad del Norte Barranquilla,Colombia,7950,925,1525,1725,1000,1200,1575,50
Lincoln University,New Zealand,7950,1050,1375,1500,850,1450,1725,51
Universidad Nacional de Colombia,Colombia,7950,1050,1375,1425,875,1650,1575,52
Czech University of Life Sciences Prague,Czech Republic,7925,825,1450,1725,1000,1125,1800,53
University of Zanjan,Iran,7925,1350,1125,1575,1000,1150,1725,54
Università degli Studi di Genova,Italy,7900,1200,1625,1725,625,1600,1125,55
Riga Technical University,Latvia,7900,850,1575,1500,775,1700,1500,56
Carleton University,Canada,7900,1025,1300,1800,850,1500,1425,57
Universidad Complutense De Madrid,Spain,7875,700,1575,1800,1000,1300,1500,58
University of Pécs,Hungary,7875,1075,1500,1500,725,1575,1500,59
Universidad Rey Juan Carlos,Spain,7875,800,1475,1800,650,1350,1800,60
Institut Teknologi Sepuluh Nopember,Indonesia,7875,950,1425,1425,925,1350,1800,61
Mahidol University,Thailand,7875,1100,1175,1425,1000,1525,1650,62
Aalborg University,Denmark,7825,675,1875,1800,775,1125,1575,63
Universidad De Santander,Colombia,7825,1150,1650,1275,725,1550,1475,64
University of A Coruña,Spain,7825,800,1625,1650,775,1250,1725,65
Universitas Negeri Semarang,Indonesia,7825,975,1600,1350,800,1450,1650,66
Universiti Malaysia Sabah (UMS),Malaysia,7825,1150,1475,1275,1000,1275,1650,67
University Of Leicester,United Kingdom,7825,850,1450,1575,1000,1300,1650,68
Chaoyang University of Technology,Chinese Taipei,7825,1125,1450,1575,825,1425,1425,69
University Of California San Diego,USA,7800,950,1450,1500,775,1550,1575,70
Istanbul Technical University,Turkey,7800,1050,1225,1575,850,1475,1625,71
Al-Balqa Applied University,Jordan,7775,1075,1575,1350,675,1500,1600,72
Kasetsart University,Thailand,7775,1050,1475,1425,900,1350,1575,73
National Yunlin University of Science & Technology,Chinese Taipei,7775,1225,1300,1500,875,1525,1350,74
Western Michigan University,USA,7725,1375,1475,1275,850,1375,1375,75
Universitat Bayreuth,Germany,7725,1025,1200,1800,700,1450,1550,76
Universiti Utara Malaysia,Malaysia,7725,1225,1200,1275,800,1625,1600,77
Universidad Tecnologica de Pereira,Colombia,7700,900,1575,1575,875,1350,1425,78
Princess Nourah Bint Abdulrahman University,Saudi Arabia,7700,1025,1425,1350,1000,1400,1500,79
Trent University,Canada,7700,1125,1225,1800,700,1225,1625,80
King Mongkut ‘s University of Technology Thonburi,Thailand,7675,900,1575,1425,650,1475,1650,81
Dhurakij Pundit University,Thailand,7675,850,1525,1800,575,1350,1575,82
Ton Duc Thang University,Vietnam,7675,1000,1500,1575,850,1250,1500,83
Universidad Nacional Autónoma de México,Mexico,7675,900,1475,1500,850,1350,1600,84
Washington University Saint Louis,USA,7675,1025,1325,1575,925,1375,1450,85
University of Szeged,Hungary,7675,1200,1225,1650,800,1500,1300,86
Universidad Autonoma de Puebla,Mexico,7650,875,1400,1650,950,1350,1425,87
"ITESO, Universidad Jesuita de Guadalajara",Mexico,7625,775,1700,1650,900,1050,1550,88
Universidade do Minho,Portugal,7625,975,1375,1725,700,1250,1600,89
Universiti Malaysia Pahang,Malaysia,7600,1200,900,1425,850,1425,1800,90
Universitat De Girona,Spain,7575,700,1875,1575,675,1175,1575,91
York University,Canada,7575,1200,1450,1575,750,1225,1375,92
Siam University,Thailand,7575,700,1300,1500,800,1550,1725,93
Universiti Teknologi Malaysia,Malaysia,7575,1250,1250,1350,550,1450,1725,94
National Chin-Yi University of Technology,Chinese Taipei,7575,950,1150,1800,750,1200,1725,95
Nanhua University Taiwan,Chinese Taipei,7575,1125,1150,1800,900,1475,1125,96
University of Kashan,Iran,7550,875,1975,1350,700,1425,1225,97
Universidad EAFIT,Colombia,7550,675,1750,1575,725,1250,1575,98
Universitas Sebelas Maret,Indonesia,7550,850,1600,1350,900,1325,1525,99
University of Campinas,Brazil,7550,900,1100,1575,925,1550,1500,100
"Instituto Federal de Educação, Ciência e Tecnologia do Sul de Minas Gerais",Brazil,7525,1125,1575,1350,750,1300,1425,101
National Chung Hsing University,Chinese Taipei,7525,1200,1150,1725,850,1025,1575,102
Middle East Technical University,Turkey,7500,1125,1150,1200,825,1525,1675,103
Politecnico Di Milano,Italy,7475,625,1300,1800,425,1700,1625,104
National Taitung University,Chinese Taipei,7475,1100,1300,1425,800,1500,1350,105
Universiti Tunku Abdul Rahman,Malaysia,7475,1025,1100,1425,950,1300,1675,106
Universidad de Bogota Jorge Tadeo Lozano,Colombia,7425,875,1875,1200,725,1250,1500,107
Universidad De Antioquia,Colombia,7425,850,1550,1275,850,1275,1625,108
Universiti Teknikal Malaysia Melaka,Malaysia,7400,1300,1375,1050,650,1375,1650,109
Maejo University,Thailand,7400,1350,1375,1125,725,1325,1500,110
Chulalongkorn University,Thailand,7400,525,1325,1650,625,1550,1725,111
Universitas Islam Indonesia,Indonesia,7375,700,1550,1200,800,1325,1800,112
Universidad Autónoma de Madrid,Spain,7375,975,1525,1650,625,875,1725,113
University of Lincoln,United Kingdom,7375,825,1450,1425,850,1550,1275,114
Suranaree University of Technology,Thailand,7375,1250,1350,1125,800,1425,1425,115
Modul University,Austria,7350,450,1750,1725,650,1650,1125,116
Holy Spirit University of Kaslik (USEK),Lebanon,7350,850,1550,1500,550,1400,1500,117
National Taipei University of Technology,Chinese Taipei,7350,875,1475,1050,850,1550,1550,118
Universita degli Studi di Bari Aldo Moro,Italy,7350,900,1175,1575,950,1400,1350,119
Università degli Studi di Salerno,Italy,7325,800,1600,1725,550,1175,1475,120
Inseec U,France,7325,275,1500,1800,1000,1100,1650,121
Siberian Federal University,Russia,7325,1250,1400,1050,550,1575,1500,122
Telkom University,Indonesia,7300,775,1400,1425,700,1450,1550,123
Tzu Chi University,Chinese Taipei,7300,1100,1175,1575,850,1375,1225,124
Universidad El Bosque,Colombia,7275,725,1675,1125,800,1450,1500,125
Universitas Islam Negeri Raden Intan Lampung,Indonesia,7275,950,1600,1350,775,1425,1175,126
De La Salle University – Dasmarinas,Philippines,7275,625,1475,1650,775,1225,1525,127
University of Babylon,Iraq,7275,1300,1450,1050,700,1275,1500,128
Tra Vinh University,Vietnam,7275,950,1425,1275,800,1650,1175,129
Ontario Tech University,Canada,7250,900,1650,1425,800,1000,1475,130
Universidad Iberoamericana Puebla,Mexico,7250,1050,1575,1350,925,1125,1225,131
University of Milano-Bicocca,Italy,7250,450,1325,1800,800,1525,1350,132
Chang Jung Christian University,Chinese Taipei,7250,725,1300,1575,625,1450,1575,133
Universidad de Sonora,Mexico,7250,1200,1300,1350,825,1225,1350,134
Universidad de los Andes Colombia,Colombia,7250,900,1150,1425,700,1575,1500,135
Universitas Sumatera Utara,Indonesia,7225,800,1300,1425,825,1375,1500,136
Universitas Muhammadiyah Yogyakarta,Indonesia,7200,800,1550,1275,775,1375,1425,137
Costa Rica Institute of Technology,Costa Rica,7200,875,1425,1575,625,1350,1350,138
Mangalore University,India,7200,1250,1400,1050,725,1275,1500,139
San Jose State University,USA,7175,550,1400,1575,1000,1375,1275,140
Srinakharinwirot University,Thailand,7175,1100,1300,1200,750,1550,1275,141
Erciyes University,Turkey,7175,1100,1250,1200,750,1375,1500,142
Ozyegin University,Turkey,7175,825,1175,1350,650,1450,1725,143
Ukrainian National Forestry University,Ukraine,7175,1075,1050,1275,650,1325,1800,144
Universidad de Oviedo,Spain,7150,1025,1575,1275,700,1275,1300,145
University of Navarra,Spain,7150,1000,1450,1725,550,1350,1075,146
Brawijaya University,Indonesia,7150,900,1425,1200,725,1325,1575,147
Cyprus International University,Turkey,7150,975,1400,1125,825,1475,1350,148
Swedish University of Agricultural Sciences,Sweden,7150,975,1275,1275,850,1050,1725,149
University of Ottawa,Canada,7150,900,1250,1275,800,1550,1375,150
Universitas Padjadjaran,Indonesia,7150,850,1225,1350,725,1575,1425,151
D. Serikbayev East Kazakhstan technical university,Kazakhstan,7100,1200,1600,1125,550,1350,1275,152
Perm National Research Polytechnic University,Russia,7100,1125,1475,1200,500,1375,1425,153
Maynooth University,Ireland,7100,875,1400,1650,875,1050,1250,154
McMaster University,Canada,7100,875,1375,1425,800,1275,1350,155
Universidad de Caldas,Colombia,7100,900,1125,1650,850,1125,1450,156
Universita degli Studi di Padova,Italy,7075,900,1400,1425,650,1175,1525,157
Universidad CES,Colombia,7075,925,1375,1350,750,1250,1425,158
Rajamangala University of Technology Thanyaburi (RMUTT),Thailand,7075,1100,1325,1125,750,1500,1275,159
Mahasarakham University,Thailand,7075,1200,1325,900,750,1475,1425,160
King Mongkuts University of Technology North Bangkok,Thailand,7075,1025,1225,1200,900,1525,1200,161
Eötvös Loránd University Budapest,Hungary,7075,925,950,1650,675,1400,1475,162
Glasgow Caledonian University,United Kingdom,7050,75,1575,1800,700,1700,1200,163
Jordan University of Science and Technology,Jordan,7050,1275,1275,1125,900,1475,1000,164
Ege University,Turkey,7050,1075,1175,1200,700,1425,1475,165
Centro Universitario do Rio Grande do Norte UNI-RN,Brazil,7025,900,1625,1425,950,1000,1125,166
Universidad Pontificia Bolivariana,Colombia,7025,1025,1525,1125,700,1150,1500,167
Kalasalingam Academy of Research and Education,India,7025,1225,1225,1125,625,1250,1575,168
Manipal Academy of Higher Education,India,7025,1100,1200,1125,825,1500,1275,169
Tampere University of Technology,Finland,7025,900,1025,1725,850,1400,1125,170
Mae Fah Luang University,Thailand,7000,1100,1100,1050,750,1450,1550,171
Instituto Politecnico De Viana Do Castelo,Portugal,6975,1150,1700,975,650,1200,1300,172
Universidad Miguel Hernandez,Spain,6975,850,1525,1575,400,1350,1275,173
"Royal Holloway, University of London",United Kingdom,6975,750,1475,1425,650,1475,1200,174
Universidad Icesi,Colombia,6975,950,1275,1275,625,1350,1500,175
Universidad de Murcia,Spain,6975,725,1200,1650,900,1000,1500,176
Asia University Taiwan,Chinese Taipei,6950,975,1375,1650,1000,1075,875,177
Northeastern University,Thailand,6950,1025,1325,1050,700,1475,1375,178
Universidad Autonoma Metropolitana,Mexico,6950,875,1250,1500,800,925,1600,179
National Pingtung University,Chinese Taipei,6950,1075,1200,1275,575,1475,1350,180
Daffodil International University,Bangladesh,6925,700,1500,1275,800,1375,1275,181
Universita degli Studi della Tuscia,Italy,6925,1225,1350,1575,250,1175,1350,182
Airlangga University,Indonesia,6925,950,1150,1050,700,1425,1650,183
UiTM SHAH ALAM,Malaysia,6925,750,875,1500,1000,1075,1725,184
American University of Beirut,Lebanon,6900,775,1300,1275,750,1375,1425,185
Aksaray University,Turkey,6900,1025,1150,1575,475,1275,1400,186
National Taiwan University of Science and Technology,Chinese Taipei,6900,1100,1150,1275,550,1325,1500,187
Tunghai University,Chinese Taipei,6900,1125,1125,1125,700,1475,1350,188
Fo Guang University,Chinese Taipei,6900,1075,1050,1425,750,1400,1200,189
Universidade de Aveiro,Portugal,6875,725,1550,1575,600,925,1500,190
De La Salle University Manila,Philippines,6875,725,1375,1575,550,1300,1350,191
S R M University (Institute of Science and Technology),India,6875,550,1125,1725,900,1300,1275,192
Universidad Autonoma De Yucatan,Mexico,6850,1100,1400,1125,775,875,1575,193
University of Sharjah,United Arab Emirates,6850,1050,900,1275,925,1125,1575,194
Phetchaburi Rajabhat University,Thailand,6825,1075,800,1275,850,1325,1500,195
Kansai University,Japan,6800,900,1075,1425,700,1475,1225,196
Universidade Positivo,Brazil,6775,975,1875,1425,950,550,1000,197
Alexandria University,Egypt,6775,775,1500,1125,625,1200,1550,198
Universitas Multimedia Nusantara,Indonesia,6775,625,1500,1350,900,1125,1275,199
Pontificia Universidad Javeriana-Bogota,Colombia,6775,875,1400,1125,550,1425,1400,200
Pir Mehr Ali Shah Arid Agriculture University Rawalpindi,Pakistan,6775,925,1150,975,800,1275,1650,201
Birzeit University,Palestine,6750,950,1725,1200,700,925,1250,202
Universiti Pendidikan Sultan Idris,Malaysia,6750,1200,1300,900,625,1425,1300,203
Minin University,Russia,6750,750,1225,1575,575,1725,900,204
Università degli Studi di Udine,Italy,6750,950,1025,1650,600,1175,1350,205
Universidade Federal de Vicosa – UFV,Brazil,6725,800,1525,1050,725,1200,1425,206
University of Mohaghegh Ardabili,Iran,6725,1350,950,1200,800,1250,1175,207
Hitit University,Turkey,6700,900,1400,1800,400,1425,775,208
University of Petra,Jordan,6700,725,1350,1275,1000,1025,1325,209
Gordon College,USA,6700,1100,975,1500,850,1175,1100,210
Escuela Superior Politecnica del Litoral,Ecuador,6700,1050,900,1500,650,1375,1225,211
Universidad Santo Tomas,Colombia,6675,525,1625,1200,500,1175,1650,212
Al-Zaytoonah University of Jordan (zuj),Jordan,6675,1000,1550,1050,725,1225,1125,213
Notre Dame University – Louaize,Lebanon,6675,775,1400,1425,675,1025,1375,214
Universita degli Studi di Milano La Statale,Italy,6675,425,1350,1725,400,1600,1175,215
Università di Trieste,Italy,6675,525,1275,1800,725,1000,1350,216
Izmir Institute of Technology,Turkey,6675,1175,1175,1350,575,1475,925,217
Al-Farabi Kazakh National University,Kazakhstan,6675,1175,900,825,575,1550,1650,218
Walailak University,Thailand,6650,1125,1200,1050,550,1375,1350,219
"Mehran University of Engineering & Technology, Jamshoro",Pakistan,6625,1025,1250,1050,575,1225,1500,220
Tilburg University,Netherland,6625,825,1075,1275,900,1500,1050,221
"Adam Mickiewicz University, Poznan",Poland,6625,1100,950,1650,625,975,1325,222
An-Najah National University,Palestine,6600,850,1425,1050,825,1100,1350,223
Universidade Federal do Rio Grande do Sul – UFRGS,Brazil,6600,800,1350,1275,525,1325,1325,224
I-Shou University,Chinese Taipei,6600,750,1250,1650,950,1025,975,225
Pontificia Universidade Catolica Do Rio De Janeiro Puc-rio,Brazil,6600,900,925,1275,625,1525,1350,226
Teesside University,United Kingdom,6575,275,1775,1425,700,1125,1275,227
Jadara University,Jordan,6575,900,1425,1050,750,1450,1000,228
Masaryk University,Czech Republic,6550,650,1400,1125,600,1350,1425,229
Universitas Medan Area,Indonesia,6550,850,1325,1050,650,1275,1400,230
Gdansk University of Technology,Poland,6550,925,1250,1650,150,1450,1125,231
Voronezh State University,Russia,6550,800,1200,1350,575,1225,1400,232
University Of Anbar,Iraq,6525,1275,1475,675,700,1350,1050,233
Kafrelsheikh University,Egypt,6525,475,1275,1125,800,1050,1800,234
Universitas Sam Ratulangi,Indonesia,6500,800,1100,1125,575,1275,1625,235
University of Debrecen,Hungary,6500,675,800,1575,600,1400,1450,236
Universitat Politècnica de València,Spain,6475,500,1250,1650,575,925,1575,237
Universiti Tun Hussein Onn Malaysia,Malaysia,6475,1100,1250,900,650,1275,1300,238
Kashan University of Medical Sciences and Health Services,Iran,6450,725,1425,1275,500,1375,1150,239
Institut Teknologi Sumatera,Indonesia,6450,1075,1150,1050,625,1200,1350,240
Universitas Halu Oleo,Indonesia,6450,975,1100,1125,700,900,1650,241
Universidade Federal De Mato Grosso Do Sul,Brazil,6450,675,1075,1350,725,1275,1350,242
"Muahmmad Nawaz Shareef University of Agriculture, Multan",Pakistan,6425,1075,1225,975,650,1275,1225,243
Yildiz Technical University,Turkey,6425,800,975,1050,800,1525,1275,244
HungKuang University,Chinese Taipei,6400,650,1325,1200,700,1375,1150,245
Universita Politecnica delle Marche,Italy,6400,675,1225,1200,850,1150,1300,246
Providence University,Chinese Taipei,6400,1025,1150,975,750,1375,1125,247
National University of Sciences and Technology,Pakistan,6400,1150,1050,900,750,1425,1125,248
Slippery Rock University,USA,6375,1075,1350,1125,850,925,1050,249
Al Ain University,United Arab Emirates,6375,950,975,1500,700,1050,1200,250
Institución Universitaria Politecnico Grancolombiano,Colombia,6350,775,1325,1275,725,1200,1050,252
Alzahra University,Iran,6350,700,1075,1275,450,1300,1550,253
Politeknik Merlimau Melaka,Malaysia,6350,975,900,1500,525,1250,1200,254
Universitat de Vic – Universitat Central de Catalunya,Spain,6325,700,1450,1500,700,850,1125,255
Centro Universitário Facens,Brazil,6325,725,1425,975,675,1250,1275,256
International University of Business Agriculture and Technology,Bangladesh,6325,775,1400,975,650,1250,1275,257
Universitas Lampung,Indonesia,6325,775,1325,975,650,1025,1575,258
Universidad de Jaén,Spain,6325,625,1300,1125,700,1150,1425,259
University of Phayao,Thailand,6325,775,1150,975,700,1225,1500,260
Yuan Ze University,Chinese Taipei,6300,775,1125,1275,650,975,1500,261
Universitat Rovira i Virgili,Spain,6300,725,1100,1650,350,1050,1425,262
Razi University Kermanshah,Iran,6300,1025,1075,1200,750,1025,1225,263
Universidad del Valle,Colombia,6300,1100,875,1500,500,1150,1175,264
Russian State Agrarian University – Moscow Timiryazev Agricultural Academy,Russia,6300,1300,525,1050,700,1350,1375,265
Universidade De Santiago De Compostela,Spain,6275,675,1425,1500,375,850,1450,266
Universidad De Castilla La Mancha,Spain,6275,775,1425,1200,450,1000,1425,267
The University of Lahore,Pakistan,6275,725,1425,900,750,1275,1200,268
Bartin University,Turkey,6275,950,1150,1050,575,1350,1200,269
Universitat De Barcelona,Spain,6275,625,1000,1575,625,1100,1350,270
King Mongkuts Institute of Technology Ladkrabang,Thailand,6275,875,1000,1050,550,1375,1425,271
Al-Mustaqbal University College,Iraq,6250,775,1425,975,850,1300,925,272
Yeditepe University,Turkey,6250,725,1325,1125,675,1325,1075,273
Chettinad Academy of Research and Education,India,6250,875,1225,975,425,1525,1225,274
National Institute of Technology Silchar,India,6250,950,1075,1050,700,1300,1175,275
Miami University,USA,6250,1225,1000,1200,375,1100,1350,276
Naresuan University,Thailand,6250,925,1000,1275,825,875,1350,277
Hochschule Anhalt,Germany,6225,775,1450,1275,600,1300,825,278
University of Chester,United Kingdom,6225,500,1325,1575,450,1075,1300,279
Università degli Studi di Perugia,Italy,6225,825,925,1275,700,1225,1275,280
Universidad de Ciencias Aplicadas y Ambientales UDCA,Colombia,6225,600,900,1500,1000,900,1325,281
Mutah University,Jordan,6200,1275,1300,1125,550,1100,850,282
Universidad Del Cauca,Colombia,6200,1000,1275,1050,600,950,1325,283
Hatyai University,Thailand,6200,1100,1250,975,675,925,1275,284
"George Emil Palade University of Medicine, Pharmacy, Science, and Technology of Targu Mures",Romania,6200,725,1175,1800,100,1175,1225,285
Universidade Federal de Itajuba,Brazil,6200,1000,1150,1050,650,1300,1050,286
Pontificia Universidad Javeriana Cali,Colombia,6200,575,1125,1200,625,1350,1325,287
Università Degli Studi Gabriele D’Annunzio Chieti e Pescara,Italy,6200,975,1000,1050,450,1250,1475,288
Universitas Pancasila,Indonesia,6175,650,1425,750,450,1300,1600,289
Universidad Panamericana,Mexico,6175,775,1425,1425,350,900,1300,290
Immanuel Kant Baltic Federal University,Russia,6175,1025,1325,1050,475,1125,1175,291
Ben-Gurion University of the Negev,Israel,6175,625,1150,1275,825,800,1500,292
Qassim University,Saudi Arabia,6175,1025,725,1125,950,1175,1175,293
British Columbia Institute of Technology,Canada,6150,300,1375,1500,775,850,1350,294
Afyon Kocatepe University,Turkey,6150,775,1350,1350,250,1450,975,295
Universita IUAV di Venezia,Italy,6150,550,1350,1275,550,1000,1425,296
Uman National University of Horticulture,Ukraine,6150,1150,1325,1050,550,1075,1000,297
Universidad De Guadalajara,Mexico,6150,700,1275,900,500,1350,1425,298
National Institute of Development Administration,Thailand,6150,850,925,1125,700,1075,1475,299
Universita Degli Studi Di Cagliari,Italy,6150,800,875,1500,600,950,1425,300
Escuela Superior Politécnica De Chimborazo,Ecuador,6150,925,875,1425,575,1075,1275,301
American University of the Middle East (AUM),Kuwait,6150,900,825,1125,725,1350,1225,302
Zonguldak Bulent Ecevit University,Turkey,6125,975,1200,1050,525,1400,975,303
Sri Sri University,India,6125,1200,1125,975,600,1225,1000,304
Altai State University,Russia,6125,950,1000,975,550,1300,1350,305
University of Cyprus,Republic of Cyprus,6125,875,975,1425,800,1150,900,306
Ming Chi University of Technology,Chinese Taipei,6125,1125,900,1425,500,1150,1025,307
Chiba University,Japan,6125,975,800,1275,450,1125,1500,308
Sukkur IBA University,Pakistan,6100,725,1400,825,600,1575,975,309
Sakarya University,Turkey,6100,1150,1225,900,425,1325,1075,310
University of Guilan,Iran,6100,1125,1100,750,500,1125,1500,311
Universita della Calabria,Italy,6100,975,1025,1425,400,1150,1125,312
University of Agriculture Faisalabad,Pakistan,6100,900,875,600,675,1275,1775,313
Chiba University of Commerce,Japan,6075,325,1425,1425,425,1125,1350,314
Universidad Militar Nueva Granada,Colombia,6075,525,1375,1200,600,975,1400,315
Volgograd State University,Russia,6075,675,1350,1125,350,1250,1325,316
Universidade Federal Fluminense,Brazil,6075,925,1225,900,350,1325,1350,317
University of Isfahan,Iran,6075,1225,825,975,700,1300,1050,318
Indian Institute of Technology Roorkee,India,6050,950,1175,825,500,1175,1425,319
Petrozavodsk State University,Russia,6050,1000,1150,975,300,1375,1250,320
Cappadocia University,Turkey,6050,775,950,1350,350,1425,1200,321
Universidade do Vale do Taquari – UNIVATES,Brazil,6025,875,1325,1050,600,1100,1075,322
American University in Cairo,Egypt,6025,950,850,1050,750,1075,1350,323
Katholische Universitat Eichstatt-ingolstadt,Germany,6000,850,1575,1050,100,1250,1175,324
Stavropol State Agrarian University,Russia,6000,300,1450,1200,650,1200,1200,325
Capital University Of Science And Technology,Pakistan,6000,775,1350,900,500,1200,1275,326
Tel Aviv University,Israel,6000,425,1250,1125,550,1325,1325,327
Khwaja Fareed University of Engineering and Information Technology,Pakistan,6000,1250,1225,600,600,1300,1025,328
Universidad EIA,Colombia,6000,675,1200,1275,850,1100,900,329
Universidad de Salamanca,Spain,5975,650,1175,975,475,1300,1400,330
South Eastern University of Sri Lanka,Sri Lanka,5975,1150,1050,975,775,1125,900,331
SSM Institute of Engineering and Technology,India,5975,950,825,675,700,1275,1550,332
Universitas Teuku Umar,Indonesia,5950,925,1150,975,450,1275,1175,333
Universitat de Valencia,Spain,5950,425,1075,1425,550,900,1575,334
Cukurova University,Turkey,5950,1325,975,525,350,1475,1300,335
Institut Teknologi Bandung,Indonesia,5950,850,950,1350,450,1075,1275,336
Ferdowsi University of Mashhad,Iran,5950,1075,950,750,500,1325,1350,337
Universiti Malaysia Terengganu,Malaysia,5950,1200,950,825,800,950,1225,338
Al-Ahliyya Amman University,Jordan,5925,625,1350,1050,800,1175,925,339
Inonu University Malatya,Turkey,5925,825,1250,900,450,1425,1075,340
Arab American University,Palestine,5925,700,1250,900,675,1250,1150,341
Universidade de Vigo,Spain,5925,850,1175,1275,550,1100,975,342
Universitat Jaume I,Spain,5925,850,1100,1125,725,1125,1000,343
Universitas Terbuka,Indonesia,5925,1025,500,1125,525,1350,1400,344
Universitas Negeri Malang,Indonesia,5900,500,1600,825,450,1250,1275,345
University at Albany,USA,5900,650,1075,1275,800,925,1175,346
Silpakorn University,Thailand,5900,775,950,975,550,1375,1275,347
Universidad Santiago de Cali,Colombia,5875,650,1325,1425,925,650,900,348
Babes Bolyai University,Romania,5875,750,1225,1050,250,1475,1125,349
"California State University, Sacramento",USA,5875,600,1175,1275,425,1075,1325,350
Pontificia Universidad Catolica De Chile,Chile,5875,450,1050,1050,600,1150,1575,351
Slovak University of Agriculture in Nitra,Slovakia,5875,800,925,1275,550,975,1350,352
National University of Uzbekistan named after Mirzo Ulugbek,Uzbekistan,5875,700,850,1200,500,1500,1125,353
Benha University,Egypt,5850,700,1275,825,575,675,1800,354
Universitas Budi Luhur,Indonesia,5850,750,1150,1275,700,1050,925,355
Yogyakarta State University,Indonesia,5825,625,1275,900,450,1375,1200,356
Universidade Federal De Sao Carlos,Brazil,5800,1175,900,825,550,1025,1325,357
Iqra University,Pakistan,5775,550,1350,825,700,1175,1175,358
Hasanuddin University,Indonesia,5775,775,1300,750,550,1025,1375,359
Universita degli Studi di Ferrara,Italy,5775,425,1075,1575,400,925,1375,360
Indian Institute of Information Technology and Management Gwalior,India,5775,850,1025,1200,475,1125,1100,361
Federal University of Triângulo Mineiro,Brazil,5775,1025,875,1425,425,900,1125,362
Universiti Malaysia Perlis,Malaysia,5750,1075,1300,1050,325,1075,925,363
Yasouj University,Iran,5750,800,1025,900,425,1325,1275,364
Irkutsk State Agrarian University named after A.A. Ezhevsky,Russia,5750,950,1000,675,525,1200,1400,365
The University of Texas Rio Grande Valley,USA,5750,700,875,1275,750,875,1275,366
Phranakhon Si Ayutthaya Rajabhat University,Thailand,5750,675,800,1200,450,1200,1425,367
Universidad de Manizales,Colombia,5725,925,1550,1425,400,800,625,368
King Faisal University,Saudi Arabia,5725,700,1075,1050,675,1175,1050,369
Universidad de Valladolid,Spain,5700,625,1600,975,500,1225,775,370
Shahrood University of Technology,Iran,5700,875,1300,975,700,950,900,371
Universitas Sultan Ageng Tirtayasa,Indonesia,5700,325,1275,825,450,1325,1500,372
University College Of Technology Sarawak,Malaysia,5700,675,1225,900,800,1025,1075,373
Hakim Sabzevari University,Iran,5700,875,950,900,575,1400,1000,374
Universidad Autonoma de Chiapas,Mexico,5700,1375,800,1050,450,975,1050,375
Wilfrid Laurier University,Canada,5675,375,850,1350,500,950,1650,376
Metropolia University of Applied Sciences,Finland,5650,375,1225,1425,650,925,1050,377
Universidade do Vale do Itajai UNIVALI,Brazil,5650,925,1075,1125,375,975,1175,378
Hashemite University,Jordan,5650,575,1025,1050,750,1100,1150,379
Dokuz Eylul University,Turkey,5650,1000,925,975,500,1200,1050,380
Universidad de Ibagué,Colombia,5650,900,825,1350,550,1000,1025,381
Universidad Internacional del Ecuador,Ecuador,5650,1275,800,1500,725,825,525,382
Universitas Syiah Kuala,Indonesia,5625,900,1375,825,325,750,1450,383
Universitas Islam Negeri Walisongo Semarang,Indonesia,5625,725,1350,675,450,1150,1275,384
Western Kentucky University,USA,5625,425,1300,1350,700,975,875,385
ISCTE Instituto Universitario de Lisboa,Portugal,5625,350,1275,1350,350,1100,1200,386
Azerbaijan University of Architecture and Construction,Azerbaijan,5625,825,1275,825,550,1000,1150,387
University of Ioannina,Greece,5625,1275,1250,1200,300,750,850,388
Irkutsk National Research Technical University,Russia,5625,1075,1100,750,550,925,1225,389
University of Kelaniya,Sri Lanka,5625,675,1000,1350,700,875,1025,390
University of Peradeniya,Sri Lanka,5625,1025,975,675,650,1175,1125,391
Hebrew University Of Jerusalem,Israel,5625,925,850,975,550,1200,1125,392
Technische Universität Kaiserslautern (TUK),Germany,5625,775,775,1650,350,1175,900,393
Universitas Muhammadiyah Malang,Indonesia,5600,700,1425,975,400,1075,1025,394
Saveetha Institute of Medical and Technical Sciences,India,5600,450,1275,675,625,1150,1425,395
University of Jordan,Jordan,5600,925,1250,750,450,1050,1175,396
Arak University,Iran,5600,450,1225,900,675,1325,1025,397
University of Maribor,Slovenia,5600,525,1125,1125,450,1050,1325,398
Orel State University named after I.S.Turgenev,Russia,5600,600,1100,825,725,1025,1325,399
Universiy of Kufa,Iraq,5600,850,1100,1050,675,1025,900,400
East Stroudsburg University,USA,5600,1275,825,1200,700,850,750,401
S. Toraighyrov Pavlodar State University,Kazakhstan,5575,1100,1250,375,300,1325,1225,402
Universidad de Zaragoza,Spain,5575,475,1225,975,400,1150,1350,403
Rostov State Trasport University,Russia,5575,875,1200,750,475,1150,1125,404
Baskent University,Turkey,5575,975,1075,1050,400,1250,825,405
Mersin University,Turkey,5575,1175,750,1125,300,1075,1150,406
Universiti Kebangsaan Malaysia,Malaysia,5575,850,400,1275,525,1175,1350,407
Mu?la S?tk? Koçman University,Turkey,5550,700,1400,825,250,1125,1250,408
Sumy State University,Ukraine,5550,900,1325,675,525,1000,1125,409
NED University of Engineering & Technology,Pakistan,5550,950,1175,450,750,1325,900,410
Thaksin University,Thailand,5550,700,1000,1050,850,825,1125,411
Tokat Gaziosmanpasa University,Turkey,5550,1200,775,975,475,1175,950,412
Universidad Autonoma Del Estado De Mexico,Mexico,5550,850,575,1500,625,800,1200,413
Valaya Alongkorn Rajabhat University Under the Royal Patronage,Thailand,5525,800,1200,975,700,775,1075,414
Azerbaijan State University of Economics (UNEC),Azerbaijan,5525,750,1150,825,625,1200,975,415
University of Baghdad,Iraq,5525,1050,1000,675,450,1325,1025,416
Università Degli Studi di Modena e Reggio Emilia,Italy,5525,675,700,1500,100,1200,1350,417
Istanbul Sabahattin Zaim University,Turkey,5500,525,1375,1575,300,1000,725,418
University Politechnica of Bucharest,Romania,5500,925,1375,675,250,950,1325,419
Instituto Tecnologico Metropolitano,Colombia,5500,750,1275,900,575,1200,800,420
University of Lucerne,Switzerland,5500,300,1200,1350,700,1300,650,421
Universidad Nacional Abierta y a Distancia Colombia,Colombia,5500,275,1050,1575,650,725,1225,422
Universita degli Studi di Roma La Sapienza,Italy,5475,725,1375,900,475,1100,900,423
University of Malta,Malta,5475,475,1325,1200,375,750,1350,424
KaragandaTechnical University,Kazakhstan,5475,925,1150,525,500,1000,1375,425
Nakhon Si Thammarat Rajabhat University,Thailand,5475,900,1100,975,600,975,925,426
Universidad Politécnica Estatal del Carchi,Ecuador,5450,950,1300,825,150,1225,1000,427
Universidad de Las Palmas de Gran Canaria,Spain,5450,375,1125,1200,775,775,1200,428
Imam Abdulrahman Bin Faisal University,Saudi Arabia,5450,725,650,1275,900,750,1150,429
University of Bahrain,Bahrain,5450,925,525,825,550,975,1650,430
Pontificia Universidad Católica Del Perú,Peru,5425,800,950,1275,175,975,1250,431
Università degli Studi di Firenze,Italy,5425,625,525,1425,325,1100,1425,432
Universidad Metropolitana Caracas,Venezuela,5400,850,1200,1200,550,750,850,433
Universidad Autónoma Del Estado De Hidalgo,Mexico,5400,750,1150,1050,575,675,1200,434
Universidad De Medellin,Colombia,5400,825,1050,825,500,1225,975,435
Senac Serviço Nacional De Aprendizagem Comercial Departamento Nacional,Brazil,5400,375,925,1125,800,1150,1025,436
Ubon Ratchathani University,Thailand,5400,950,725,900,700,1050,1075,437
University of Hradec Kralove,Czech Republic,5375,700,1350,1275,350,950,750,438
Centro Universitário da Fundação Hermínio Ometto – FHO,Brazil,5375,800,1325,900,550,750,1050,439
Universitas Katolik Indonesia Atma Jaya,Indonesia,5375,650,1250,900,800,900,875,440
Northwest Missouri State University / Missouri Arboretum,USA,5375,975,1200,1200,725,625,650,441
Sabanci University,Turkey,5375,1100,1050,1125,700,725,675,442
University of Colombo,Sri Lanka,5350,525,1375,975,450,800,1225,443
Al-Muthanna University,Iraq,5350,750,1025,600,525,1100,1350,444
"Guru Jambheshwar University of Science and Technology,Hisar, Haryana",India,5350,1000,925,825,650,1100,850,445
Perm State University,Russia,5350,675,900,1125,500,1175,975,446
Universidad del Magdalena,Colombia,5350,1000,850,525,650,1050,1275,447
Universitas Riau,Indonesia,5350,625,725,825,550,1075,1550,448
Universidad de Cordoba Colombia,Colombia,5350,850,650,1425,375,1050,1000,449
Süleyman Demirel Üniversitesi,Turkey,5325,750,925,1575,250,1050,775,450
Ni?de Ömer Halisdemir University,Turkey,5325,825,875,1275,350,1100,900,451
Tecnologico de Monterrey,Mexico,5325,500,800,1125,400,1175,1325,452
Rajamangala University of Technology Isan,Thailand,5325,925,800,750,575,1000,1275,453
Kazakh National Agrarian University,Kazakhstan,5300,725,1225,900,250,1175,1025,454
Aix Marseille University,France,5300,500,1150,1050,350,850,1400,455
Universidade De Passo Fundo,Brazil,5300,875,1000,975,625,825,1000,456
Valahia University of Targoviste,Romania,5275,850,1325,750,325,950,1075,457
M. Auezov South Kazakhstan State University,Kazakhstan,5275,775,1050,1050,450,825,1125,458
National University of Science and Technology Misis (Moscow Institute of Steel and Alloys),Russia,5275,275,1025,750,475,1325,1425,459
Soochow University Taiwan,Chinese Taipei,5275,825,775,1350,350,1050,925,460
Almaty University of Power Engineering and Telecommunications,Kazakhstan,5250,300,1300,825,500,1125,1200,461
Tomsk Polytechnic University,Russia,5250,925,1250,750,250,950,1125,462
Universitas Bengkulu,Indonesia,5250,650,1225,750,550,750,1325,463
Universidad Tecnica Federico Santa Maria,Chile,5250,500,1225,750,700,850,1225,464
Pascual Bravo University,Colombia,5250,550,1100,1350,425,1000,825,465
Thammasat University,Thailand,5250,875,1075,975,475,1050,800,466
Shinawatra University,Thailand,5250,1075,875,1050,500,1075,675,467
Maykop State Technological University,Russia,5225,950,1450,900,650,825,450,468
The University of Faisalabad,Pakistan,5225,875,1300,1050,250,625,1125,469
State University of Land Use Planning,Russia,5225,550,1250,825,150,1150,1300,470
Institute of Business Management,Pakistan,5225,475,1250,600,550,950,1400,471
University of Al-Qadisiyah,Iraq,5225,850,1175,750,625,1000,825,472
Sunway University,Malaysia,5225,300,1150,600,450,1450,1275,473
Al Aqsa University,Palestine,5225,725,1125,900,550,975,950,474
Universidad Autonoma De San Luis Potosi,Mexico,5225,425,625,1200,450,1075,1450,475
Kohat University of Science & Technology,Pakistan,5200,1050,1575,525,350,875,825,476
Yazd University,Iran,5200,700,950,900,450,1075,1125,477
Universitas Pendidikan Indonesia,Indonesia,5200,425,925,900,550,975,1425,478
University College of Agroscience Malaysia,Malaysia,5200,1175,425,675,650,1175,1100,479
Universita degli Studi di Brescia,Italy,5175,525,950,1350,250,1100,1000,480
University of 17 Agustus 1945 Surabaya,Indonesia,5150,400,1625,900,500,850,875,481
Universitas Pattimura,Indonesia,5150,900,1400,750,525,750,825,482
University of Malakand,Pakistan,5150,875,1125,825,675,825,825,483
Applied Science University,Bahrain,5150,725,950,975,550,1150,800,484
Universitas Islam Negeri Sultan Thaha Saifuddin Jambi,Indonesia,5150,550,900,750,450,1175,1325,485
Universiti Selangor (Unisel),Malaysia,5150,1125,200,600,725,1250,1250,486
University of West Attica,Greece,5125,250,1225,1050,250,1200,1150,487
Universidad Centroamericana Jose Simeon Canas,El Salvador,5125,750,1100,975,625,600,1075,488
University of Tehran,Iran,5125,625,850,825,450,1250,1125,489
Universidade Federal de Santa Catarina (UFSC),Brazil,5125,700,650,1350,300,1075,1050,490
West Ukrainian National University,Ukraine,5100,500,1000,675,525,1175,1225,491
Sohag University,Egypt,5100,1075,1000,525,375,925,1200,492
Derzhavin Tambov State University,Russia,5100,525,925,750,250,1350,1300,493
Juraj Dobrila University of Pula,Croatia,5075,700,1275,1500,250,550,800,494
University of Arkansas at Little Rock,USA,5075,725,850,1200,850,950,500,495
Universitas Katolik Parahyangan,Indonesia,5050,675,1025,900,625,1050,775,496
Almaty University of Power Engineering and Telecommunications named after Gumarbek Daukeyev,Kazakhstan,5050,525,975,525,575,1200,1250,497
Universitas Negeri Padang,Indonesia,5025,300,1500,1050,475,525,1175,498
Universitas Esa Unggul,Indonesia,5025,625,1100,750,425,925,1200,499
Oranim College of Education,Israel,5025,975,850,1200,550,650,800,500
Ondokuz Mayis University,Turkey,5025,750,800,900,575,1075,925,501
TOBB University of Economy and Technology,Turkey,5025,925,575,900,800,1125,700,502
Universite De Rennes 1,France,5025,675,525,1200,100,900,1625,503
Akdeniz University,Turkey,5025,1050,525,1125,250,1025,1050,504
Budapest Business School,Hungary,5000,450,1250,900,600,1050,750,505
Pontificia Universidade Catolica Do Rio Grande Do Sul Pucrs,Brazil,5000,700,875,1350,525,800,750,506
Voronezh State University of Forestry and Technologies named after G.F. Morozov,Russia,5000,1100,875,675,300,800,1250,507
Khon Kaen University,Thailand,5000,1200,775,600,525,1050,850,508
Universita Degli Studi Roma Tre,Italy,4975,450,1650,750,200,875,1050,509
Don State Technical University,Russia,4975,575,1325,450,150,1425,1050,510
Universidad Catolica Andres Bello,Venezuela,4975,875,1250,1050,325,850,625,511
Universidad Tecnologica de Bolivar,Colombia,4975,900,1075,600,450,975,975,512
NFC Institute of Engineering and Technology,Pakistan,4975,725,1000,825,500,1175,750,513
Pontifícia Universidade Católica De Campinas,Brazil,4975,700,1000,525,575,1125,1050,514
Federal University of Alfenas,Brazil,4975,850,925,1125,575,600,900,515
Rubtsovsk Institute (branch) of Altai State University,Russia,4950,825,1000,750,350,1150,875,516
National Institute of Technology Rourkela,India,4950,825,925,975,700,600,925,517
National University,Ukraine,4950,775,875,675,625,975,1025,518
October 6 University,Egypt,4950,475,775,975,375,1075,1275,519
Indian Institute of Management Ahmedabad,India,4950,925,675,825,625,1300,600,520
Shahid Rajaee Teacher Training University,Iran,4925,625,1150,600,500,1075,975,521
Osmaniye Korkut Ata University,Turkey,4925,750,1150,600,500,1175,750,522
Universidad Pontificia Comillas,Spain,4925,275,1050,1125,500,850,1125,523
Universidade Federal de Santa Maria,Brazil,4925,650,950,900,300,1275,850,524
Eskisehir Technical University,Turkey,4925,850,725,1350,475,825,700,525
"University of Sargodha, Sargodha",Pakistan,4925,1175,625,300,100,1200,1525,526
University of Ruhuna,Sri Lanka,4925,925,625,900,375,975,1125,527
Al-Furat Al-Awsat Technical University,Iraq,4900,350,1100,750,375,1425,900,528
Aligarh Muslim University,India,4900,950,900,675,400,1000,975,529
Universidade Estadual De Londrina,Brazil,4900,1075,900,1050,425,775,675,530
University of Veterinary and Pharmaceutical Sciences Brno,Czech Republic,4900,575,700,1500,550,1100,475,531
Universidade Federal Do Ceara,Brazil,4900,825,550,750,325,1025,1425,532
Gandhi Institute of Technology and Management,India,4875,750,800,675,575,850,1225,533
Marmara University,Turkey,4875,650,750,1050,350,1100,975,534
Universidad Autonoma De Tamaulipas,Mexico,4875,325,725,900,350,925,1650,535
Saratov State University,Russia,4875,675,725,825,175,1125,1350,536
Universidade Estadual de Maringá,Brazil,4875,1175,375,675,500,975,1175,537
Arak University of Technology,Iran,4850,500,1150,375,300,1375,1150,538
University of Mauritius,Mauritius,4850,700,1000,675,450,1100,925,539
Sergo Ordzhonikidze Russian State University For Geological Prospecting (MGRI),Russia,4850,950,875,675,350,1300,700,540
Pontifícia Universidade Católica Do Paraná,Brazil,4850,1250,850,975,425,750,600,541
Al-Kitab University,Iraq,4850,775,825,375,725,900,1250,542
Kastamonu University,Turkey,4850,800,725,675,500,1025,1125,543
Shanghai Jian Qiao University,China,4825,625,975,1050,475,1075,625,544
Karamanoglu Mehmetbey Universitesi,Turkey,4825,975,775,825,325,950,975,545
Gaziantep University,Turkey,4825,725,675,1050,425,900,1050,546
Universidad De Vina Del Mar,Chile,4800,500,1075,1050,650,925,600,547
Mindanao State University Iligan Institute of Technology,Philippines,4800,500,925,675,275,1075,1350,548
Universidad del Quindío,Colombia,4800,675,900,750,475,1250,750,549
Gorgan University Of Agricultural Sciences And Natural Resources,Iran,4800,575,825,525,525,1150,1200,550
Advanced Studies In Basic Sciences,Iran,4800,1125,750,600,450,1300,575,551
National Institute of Technology Hamirpur,India,4800,875,725,825,800,825,750,552
Olds College,Canada,4800,775,650,1200,650,700,825,553
Amirkabir University of Technology,Iran,4775,350,1075,675,650,975,1050,554
Universidad De Alicante,Spain,4775,725,900,975,625,750,800,555
Universitas Bangka Belitung,Indonesia,4750,575,1025,675,450,850,1175,556
The Catholic University of America,USA,4750,750,975,825,375,1075,750,557
Ahvaz Jundishapur University of Medical Sciences,Iran,4750,650,800,1125,250,1325,600,558
Bolu Abant Izzet Baysal University (BAIBU),Turkey,4750,800,800,975,425,825,925,559
Estonian University of Life Sciences,Estonia,4750,600,450,975,400,700,1625,560
Universidad de Pamplona,Colombia,4725,575,1225,825,500,825,775,561
Igdir Universitesi,Turkey,4725,1050,1075,1050,250,725,575,562
Universitas Islam Negeri Raden Fatah,Indonesia,4725,575,1050,750,625,675,1050,563
"Islamic Azad University, Science and Research Branch (srbiau)",Iran,4725,1200,900,900,200,725,800,564
The National University of Ostroh Academy,Ukraine,4725,800,750,825,500,1075,775,565
Atyrau State University,Kazakhstan,4700,750,1075,375,575,1175,750,566
"Hazara University Mansehra, Khyber Pakhtunkhwa (KP) Pakistan",Pakistan,4700,850,1050,300,400,1225,875,567
Universidad Católica De Oriente,Colombia,4700,800,425,1125,725,750,875,568
Universite De Sousse,Tunisia,4675,775,1050,375,700,925,850,569
Instituto Tecnológico de Toluca,Mexico,4675,475,950,1050,500,650,1050,570
Russian State University of Tourism and Service,Russia,4675,950,700,750,350,1025,900,571
Universitas Negeri Surabaya,Indonesia,4650,825,1175,750,525,775,600,572
Polytechnic of Mersing,Malaysia,4650,800,1025,600,325,1025,875,573
Ziauddin University,Pakistan,4650,750,950,375,775,1050,750,574
Liepaja University,Latvia,4650,500,925,1425,0,1050,750,575
Universidade Federal Do Rio De Janeiro,Brazil,4650,1000,750,525,550,975,850,576
"Universidad de Puerto Rico, Mayagüez Campus",USA,4650,475,650,1050,450,1175,850,577
American University of Sharjah,United Arab Emirates,4650,375,600,900,350,1250,1175,578
"University of Central Punjab, Lahore",Pakistan,4650,625,600,900,450,725,1350,579
Tarbiat Modares University,Iran,4650,775,475,1125,600,975,700,580
Canadian Memorial Chiropractic College,Canada,4625,650,900,1425,550,700,400,581
Lahore Garrison Univeristy,Pakistan,4625,425,775,1200,375,725,1125,582
European University Cyprus,Republic of Cyprus,4600,475,1300,1125,350,850,500,583
Madonna University,USA,4600,1075,1250,900,150,700,525,584
New Jersey City University,USA,4600,425,925,825,350,1325,750,585
Andalas University,Indonesia,4600,1000,925,750,250,475,1200,586
Ankara University,Turkey,4600,1025,700,600,450,875,950,587
Universidad Tecnologica ECOTEC,Ecuador,4575,475,950,975,150,1025,1000,588
Universitat Internacional de Catalunya,Spain,4575,575,925,1575,250,550,700,589
University of Sopron,Hungary,4575,750,725,825,350,800,1125,590
Kadir Has University,Turkey,4575,775,625,675,175,1375,950,591
Georgia College & State University,USA,4575,700,575,1050,600,825,825,592
Narxoz University,Kazakhstan,4575,1025,450,525,250,1025,1300,593
Southern Utah University,USA,4550,375,1250,975,500,1075,375,594
Cankaya University,Turkey,4550,900,825,750,300,800,975,595
Azarbaijan Shahid Madani University,Iran,4550,725,750,525,575,1100,875,596
Rajamangala University of Technology Rattanakosin,Thailand,4550,675,700,825,350,1125,875,597
Sivas Cumhuriyet University,Turkey,4550,950,550,825,550,1050,625,598
University of Sri Jayewardenepura,Sri Lanka,4525,225,1425,600,325,750,1200,599
Polytechnical University of Bari,Italy,4525,300,1375,750,350,1100,650,600
Universidad La Gran Colombia,Colombia,4525,1075,825,825,450,275,1075,601
National Chiao Tung University,Chinese Taipei,4525,525,300,1200,600,775,1125,602
Universidad Nacional de San Martin Argentina,Argentina,4500,800,1075,450,200,1150,825,603
Bashkir State Agrarian University,Russia,4500,925,725,375,300,1100,1075,604
Seinäjoki University of Applied Sciences,Finland,4500,725,625,1275,400,675,800,605
Islamic university of Lebanon,Lebanon,4475,1050,1200,375,375,925,550,606
Benazir Bhutto Shaheed University of Technology & Skill Development,Pakistan,4475,925,1050,600,400,750,750,607
University of Miskolc,Hungary,4475,725,975,675,50,800,1250,608
Winthrop University,USA,4475,825,925,750,550,650,775,609
Universitas Maritim Raja Ali Haji,Indonesia,4475,775,800,675,325,1000,900,610
University of Warith Alanbiyaa,Iraq,4475,750,750,750,675,850,700,611
Bashkir State University,Russia,4475,575,700,750,400,1150,900,612
National Taipei University of Education,Chinese Taipei,4475,475,700,1275,500,850,675,613
Kansas State University,USA,4475,675,650,825,500,1125,700,614
"Universidad Iberoamericana, A.C.",Mexico,4475,425,650,1350,850,575,625,615
Universiti Sains Islam Malaysia,Malaysia,4475,800,450,825,375,925,1100,616
Al-zahrawi University College,Iraq,4450,1050,1200,525,350,725,600,617
Bu Ali Sina University Hamedan,Iran,4450,900,725,675,350,1000,800,618
Universitaria Agustiniana,Colombia,4425,400,1175,1350,675,0,825,619
University of Management and Technology,Pakistan,4425,525,875,750,400,875,1000,620
Tashkent Institute of Irrigation and Agricultural Mechanization Engineers,Uzbekistan,4425,475,775,450,500,1125,1100,621
Russian State Pedagogical University AI Herzen,Russia,4425,650,750,1200,250,850,725,622
Universidad Externado De Colombia,Colombia,4425,700,750,900,400,825,850,623
University of Oradea,Romania,4400,600,1050,1050,400,925,375,624
Hasselt University,Belgium,4400,475,800,975,425,800,925,625
Kto Karatay University,Turkey,4400,325,775,600,425,1425,850,626
Anadolu University,Turkey,4400,850,525,1500,350,800,375,627
University of Wisconsin Parkside,USA,4400,950,375,900,525,975,675,628
Lviv Polytechnic National University,Ukraine,4375,525,950,675,250,950,1025,629
University of Sindh Jamshoro,Pakistan,4375,900,925,525,450,975,600,630
Universidad Catolica Del Norte,Chile,4375,350,725,825,200,1250,1025,631
Universidad de Los Hemisferios,Ecuador,4375,1200,725,750,200,775,725,632
University of Diyala,Iraq,4350,300,1375,675,500,900,600,633
Prince Sattam bin Abdulaziz University,Saudi Arabia,4350,425,1225,300,400,1175,825,634
University of Birjand,Iran,4350,525,800,525,500,1050,950,635
Kakatiya University,India,4350,625,750,600,525,950,900,636
Islamia University of Bahawalpur,Pakistan,4350,900,675,525,450,1050,750,637
University of Agricultural Sciences and Veterinary Medicine of Cluj-Napoca,Romania,4350,875,400,1050,250,1175,600,638
Shiraz University,Iran,4325,850,775,600,450,750,900,639
Sumy National Agrarian University,Ukraine,4325,1025,700,375,250,800,1175,640
Omsk State Agrarian University,Russia,4325,750,425,975,200,825,1150,641
Bharathiar University,India,4300,600,1200,450,325,1025,700,642
Universitas Negeri Medan,Indonesia,4300,750,925,750,400,775,700,643
Wasit University,Iraq,4300,1175,900,225,750,875,375,644
Düzce University,Turkey,4300,850,875,450,150,1125,850,645
Skyline College,USA,4300,700,750,975,525,725,625,646
Rambhai Barni Rajabhat University,Thailand,4300,1025,750,450,325,600,1150,647
Politeknik Sultan Idris Shah,Malaysia,4300,650,475,750,325,950,1150,648
University of Tennessee Martin,USA,4300,1000,425,975,350,600,950,649
Prince of Songkla University Phuket Campus,Thailand,4300,975,325,900,600,775,725,650
Universita Degli Studi Di Bergamo,Italy,4275,300,1250,1350,175,750,450,651
West University of Timisoara,Romania,4275,575,975,600,250,1050,825,652
Kyrgyz Turkish Manas University,Kyrgyzstan,4275,800,775,375,200,975,1150,653
Al-Farahidi University,Iraq,4275,800,650,525,475,825,1000,654
Damietta University,Egypt,4275,850,450,750,550,525,1150,655
Islamic Azad University Khorasgan Isfahan,Iran,4250,625,1050,450,450,925,750,656
Universidade de Sorocaba,Brazil,4250,1075,950,600,400,850,375,657
National University of Life and Environmental Sciences of Ukraine,Ukraine,4250,775,700,450,250,775,1300,658
Persian Gulf University,Iran,4250,800,675,600,475,775,925,659
Mykolayiv National Agrarian University,Ukraine,4225,1000,625,300,550,775,975,660
University of Macedonia,Greece,4200,300,1125,1200,200,700,675,661
Universitas Pembangunan Nasional Veteran Yogyakarta,Indonesia,4200,825,775,675,200,700,1025,662
Universitas Dinamika,Indonesia,4175,425,925,825,550,625,825,663
Al-Maarif University College,Iraq,4150,575,1150,975,125,625,700,664
The University of The West Indies,Trinidad and Tobago,4150,625,950,525,400,675,975,665
Ateneo de Davao University,Philippines,4150,350,875,825,625,775,700,666
State Islamic University Syarif Hidayatullah Jakarta,Indonesia,4150,700,650,675,300,925,900,667
Jacksonville University,USA,4150,1225,650,675,250,700,650,668
Sari Agricultural Sciences And Natural Resources University,Iran,4150,775,475,525,575,900,900,669
Babol Noshirvani University of Technology,Iran,4125,700,1000,675,375,600,775,670
Middle Technical University (MTU),Iraq,4125,700,925,525,425,1050,500,671
CCS Haryana Agricultural University,India,4125,725,700,675,500,525,1000,672
Universidad Industrial de Santander,Colombia,4125,525,625,825,350,1025,775,673
Universidad Catolica de Pereira,Colombia,4125,900,625,1050,325,675,550,674
North-eastern Federal University,Russia,4125,700,500,1050,0,300,1575,675
Universidad Autónoma De Coahuila,Mexico,4100,375,775,450,250,975,1275,676
Politeknik Sultan Haji Ahmad Shah,Malaysia,4100,750,625,600,600,525,1000,677
Universitas Kristen Indonesia,Indonesia,4075,625,925,375,250,775,1125,678
Universitas Muhammadiyah Prof Dr Hamka,Indonesia,4075,650,900,750,325,575,875,679
Sharif University of Technology,Iran,4075,325,625,600,250,1000,1275,680
Xavier University Ateneo De Cagayan,Philippines,4050,375,950,1050,500,600,575,681
"El Colegio De México, A.C.",Mexico,4050,600,925,450,625,750,700,682
University of Kerbala,Iraq,4050,750,700,525,0,1175,900,683
Moscow State University of Civil Engineering,Russia,4050,1075,650,0,100,725,1500,684
Ataturk University,Turkey,4025,950,900,975,0,900,300,685
Voronezh State Technical University,Russia,4025,450,875,825,250,725,900,686
Universidade Federal de Sao Paulo,Brazil,4025,175,825,825,450,625,1125,687
Kazan State Medical University,Russia,4025,900,650,825,0,550,1100,688
Namal Institute,Pakistan,4000,850,1175,75,125,1100,675,689
University of Balochistan,Pakistan,4000,600,975,525,300,975,625,690
Dijlah University College,Iraq,4000,550,900,675,200,825,850,691
Dibrugarh University,India,4000,1125,800,675,100,550,750,692
Kherson State Maritime Academy,Ukraine,4000,850,500,1275,0,775,600,693
IAIN Samarinda,Indonesia,3975,500,950,375,600,875,675,694
University of Kirkuk,Iraq,3975,375,850,450,650,950,700,695
Akhmet Yassawi University,Kazakhstan,3950,600,1150,450,250,750,750,696
Nakhon Ratchasima Rajabhat University,Thailand,3950,375,975,600,175,550,1275,697
Universitas PGRI Ronggolawe,Indonesia,3950,175,900,450,450,1075,900,698
Al-Karkh University of Science,Iraq,3950,675,825,450,250,900,850,699
V. N. Karazin Kharkiv National University,Ukraine,3950,750,700,1125,100,650,625,700
Kharazmi University,Iran,3950,625,700,825,450,975,375,701
University of Alkafeel,Iraq,3925,400,1125,675,300,825,600,702
Universidad Tecnica del Norte,Ecuador,3925,475,975,450,350,825,850,703
Punyashlok Ahilyadevi Holkar Solapur University Solapur,India,3925,700,975,675,275,250,1050,704
Zhubanov University,Kazakhstan,3925,550,700,1125,300,450,800,705
Universidad Central de Venezuela,Venezuela,3925,725,625,375,350,750,1100,706
Universidad de La Laguna,Spain,3900,200,1000,600,350,700,1050,707
South Valley University,Egypt,3900,900,825,525,150,550,950,708
Universitas Kuningan,Indonesia,3900,1275,650,525,200,425,825,709
Universitas Surabaya,Indonesia,3900,450,625,975,450,800,600,710
Gebze Techinal University,Turkey,3900,1050,350,0,0,1400,1100,711
University of Engineering & Technology Lahore,Pakistan,3850,425,900,525,450,900,650,712
Islamic University of Gaza,Palestine,3825,650,1325,300,125,850,575,713
Adiyaman University,Turkey,3825,600,875,750,250,750,600,714
"National Institute of Technology Karnataka, Surathkal",India,3825,725,850,750,350,700,450,715
Kharkiv National University of Radio Electronics,Ukraine,3800,275,925,600,150,725,1125,716
Universidad Popular De La Chontalpa,Mexico,3800,675,925,825,75,775,525,717
Cyprus University of Technology,Republic of Cyprus,3800,300,900,600,300,700,1000,718
Zanjan University of Medical Sciences and Health Services,Iran,3800,625,875,600,250,850,600,719
Colegio de Estudios Superiores de Administracion CESA,Colombia,3800,275,800,525,425,1000,775,720
University of Mosul,Iraq,3800,975,600,375,50,1025,775,721
Maranhao State University,Brazil,3800,700,425,600,250,575,1250,722
Bilkent University,Turkey,3800,975,350,750,325,1175,225,723
Tadeusz Kosciuszko Cracow University of Technology,Poland,3775,525,975,675,250,525,825,724
Mustansiriyah University,Iraq,3775,850,875,375,325,625,725,725
Tomsk State University of Architecture and Building,Russia,3775,575,800,825,375,525,675,726
Imam Al-Kadhum College,Iraq,3750,400,925,1125,50,925,325,727
Universitas Islam Negeri Maulana Malik Ibrahim Malang,Indonesia,3750,800,925,0,200,600,1225,728
Rubtsov industrial Institute (branch) of the Federal state budgetary educational institution of higher professional education,Russia,3750,375,875,825,275,600,800,729
Manisa Celal Bayar University,Turkey,3750,900,875,1125,100,750,0,730
Islamic University,Iraq,3750,275,850,975,350,600,700,731
Southern Technical University,Iraq,3750,850,850,225,500,650,675,732
Galatasaray University,Turkey,3750,250,650,1275,200,1075,300,733
Universidad de la Costa,Colombia,3750,125,650,450,450,700,1375,734
Telafer University,Iraq,3750,900,600,150,375,800,925,735
Integral University,India,3725,550,900,675,250,725,625,736
Yala Rajabhat University,Thailand,3725,600,575,750,525,825,450,737
Pacific Union College,USA,3725,700,300,1125,675,150,775,738
University of Wah,Pakistan,3700,425,1275,375,150,800,675,739
Universitas Bosowa,Indonesia,3700,525,850,750,200,625,750,740
Universitas Nasional,Indonesia,3700,725,825,600,50,300,1200,741
University of Tabriz,Iran,3700,1125,800,375,375,525,500,742
Tambov State Technical University,Russia,3675,950,500,375,0,575,1275,743
Lobachevsky State University of Nizhny Novgorod,Russia,3675,300,350,450,450,700,1425,744
Indus University,Pakistan,3650,725,1125,450,425,100,825,745
Università di Foggia,Italy,3650,250,1000,1350,200,125,725,746
Shaheed Benazir Bhutto Women University Peshawar Pakistan,Pakistan,3650,750,975,375,150,1000,400,747
Università degli Studi del Piemonte Orientale,Italy,3650,75,825,825,250,750,925,748
Universidad De San Carlos De Guatemala,Guatemala,3650,675,700,675,125,925,550,749
Kostanay State Pedagogical University,Kazakhstan,3625,225,625,450,525,675,1125,750
Astrakhan State Technical University,Russia,3625,825,500,525,375,500,900,751
Technical University Of Košice,Slovakia,3600,575,825,375,375,525,925,752
Daugavpils University,Latvia,3600,375,750,450,200,700,1125,753
Middle East University (MEU),Jordan,3600,500,650,600,400,750,700,754
Penza State University,Russia,3575,625,825,600,150,500,875,755
University of Crete,Greece,3575,725,800,675,0,675,700,756
Universitas Trisakti,Indonesia,3550,400,700,600,275,450,1125,757
Usak University,Turkey,3550,675,700,300,275,850,750,758
Universidad Tecnologica de Panama,Panama,3550,525,500,900,250,400,975,759
Uzhhorod National University,Ukraine,3550,900,425,525,50,825,825,760
Universidade Federal do Oeste do Pará – Ufopa,Brazil,3525,625,800,300,250,500,1050,761
Tanta University,Egypt,3525,275,700,375,150,750,1275,762
Moscow State University of Food Production,Russia,3525,500,625,375,150,825,1050,763
Universita di Macerata (Universita degli Studi di Macerata),Italy,3500,200,875,750,75,550,1050,764
Guru Nanak Dev Engineering College,India,3500,550,850,525,450,450,675,765
University of Basrah,Iraq,3500,375,700,675,200,825,725,766
Universidad Biblica De Las Americas,Venezuela,3500,850,675,375,300,550,750,767
Shaheed Benazir Bhutto University Shaheed Benazirabad Sindh,Pakistan,3500,750,650,225,250,1175,450,768
Universidad Autónoma De Querétaro,Mexico,3500,500,525,450,400,525,1100,769
University of Al-Ameed,Iraq,3500,625,200,525,425,975,750,770
Universidad Nacional Del Litoral,Argentina,3450,175,800,750,300,600,825,771
IAIN Salatiga,Indonesia,3425,75,1200,600,350,825,375,772
"Instituto Federal de Educação, Ciência e Tecnologia do Rio Grande do Norte (IFRN)",Brazil,3425,800,825,450,450,225,675,773
Ivan Franko National University of Lviv,Ukraine,3400,1200,575,150,175,700,600,774
Azerbaijan State Agricultural University,Azerbaijan,3375,800,625,150,350,1150,300,775
Al Akhawayn University in Ifrane,Morocco,3375,625,525,375,375,750,725,776
Al-Kunooze University College,Iraq,3350,425,700,450,250,700,825,777
University of Peshawar,Pakistan,3350,650,575,450,200,800,675,778
Al-Kut University College,Iraq,3350,550,550,525,300,800,625,779
Kazakhstan Engineering and Technological University,Kazakhstan,3325,175,1025,450,250,600,825,780
Saint-Peterburg State Forest Technical University,Russia,3325,425,975,525,250,375,775,781
University of Galati,Romania,3325,275,675,675,100,800,800,782
Kyiv National University Of Technologies And Design,Ukraine,3325,700,625,150,325,750,775,783
Dow University of Health Sciences Karachi,Pakistan,3325,350,575,825,450,825,300,784
Universitas Internasional Semen Indonesia,Indonesia,3325,800,525,450,250,550,750,785
Kutahya Dumlupinar University,Turkey,3325,750,200,225,400,1225,525,786
Université de Monastir,Tunisia,3250,375,725,450,325,625,750,787
Allama Iqbal Open University,Pakistan,3250,1175,575,675,0,450,375,788
Al-Nahrain University,Iraq,3225,550,700,450,250,700,575,789
Politeknik Negeri Jakarta,Indonesia,3200,650,950,75,675,525,325,790
University of Kragujevac,Serbia,3200,300,775,525,375,425,800,791
"Balochistan University of Information Technology, Engineering & Management Sciences",Pakistan,3200,750,775,75,150,925,525,792
Chuvash State Pedagogical University,Russia,3200,1175,550,450,250,350,425,793
Lahore University of Management Sciences,Pakistan,3175,425,900,450,325,750,325,794
University of Fallujah,Iraq,3150,475,800,300,325,650,600,795
International Sakharov Environmental Institute of Belarusian State University,Belarus,3150,450,725,375,0,450,1150,796
Karakoram International University,Pakistan,3125,400,750,450,350,625,550,797
Gazi University,Turkey,3125,850,475,525,150,825,300,798
Al-iraqia University,Iraq,3100,350,925,0,250,875,700,799
National University of Water And Environmental Engineering,Ukraine,3100,700,775,225,0,525,875,800
Ardakan University,Iran,3075,275,825,225,325,600,825,801
University of Manouba,Tunisia,3075,550,525,375,150,425,1050,802
Rider University,USA,3050,225,650,600,50,925,600,803
Budapest Metropolitan University,Hungary,3050,575,650,750,325,425,325,804
Bingol University,Turkey,3025,725,575,375,50,850,450,805
Shahid Beheshti Univresity,Iran,3025,600,375,375,625,600,450,806
University of Karachi,Pakistan,3000,525,525,600,325,475,550,807
Samara State Technical University,Russia,3000,550,425,375,100,425,1125,808
Bacha Khan University Charsadda,Pakistan,2950,575,950,150,75,600,600,809
University of Thi-qar,Iraq,2950,475,650,450,200,700,475,810
Saurashtra University,India,2950,1050,400,150,0,575,775,811
Alanya Alaaddin Keykubat University,Turkey,2925,425,975,675,200,350,300,812
Instituição Toledo De Ensino,Brazil,2925,250,850,600,325,50,850,813
Universidad Libre,Colombia,2925,375,775,900,0,325,550,814
Udmurt State University,Russia,2925,175,675,525,0,950,600,815
Akademi Teknik Telekomunikasi Sandhy Putra Jakarta,Indonesia,2900,500,825,975,50,225,325,816
Universitas Muhammadiyah Parepare,Indonesia,2900,375,350,675,75,450,975,817
Jawaharlal Institute of Postgraduate Medical Education & Research,India,2875,475,1075,300,125,750,150,818
Foundation University,Philippines,2875,150,1000,450,250,625,400,819
Daneshpajoohan Pishro Higher Education Institute (dhei),Iran,2850,275,600,150,0,775,1050,820
Tomas Bata University,Czech Republic,2850,425,550,825,200,325,525,821
University of Samarra,Iraq,2850,350,500,375,250,625,750,822
University of Tourism and Management in Skopje,Republic of Macedonia,2800,500,650,450,250,475,475,823
Al-Ayen University,Iraq,2800,925,400,225,0,725,525,824
Swedish Defence University,Sweden,2775,75,675,600,300,750,375,825
Universidad Autonoma De La Ciudad De Mexico,Mexico,2775,450,650,300,200,950,225,826
"Laucala Campus, University of the South Pacific",Fiji,2775,700,625,525,125,500,300,827
"Bahauddin Zakariya University, Multan Pakistan",Pakistan,2775,350,575,450,425,600,375,828
Universitas Kristen Krida Wacana,Indonesia,2725,50,725,525,200,550,675,829
Universitas Muria Kudus,Indonesia,2725,675,550,450,50,300,700,830
Amman Arab University,Jordan,2700,625,925,525,0,400,225,831
President University,Indonesia,2700,175,600,375,0,725,825,832
Aga Khan University,Pakistan,2675,450,625,450,325,575,250,833
"Instituto Federal de Educação, Ciência e Tecnologia do Sudeste de Minas Gerais",Brazil,2675,975,525,0,0,500,675,834
STIE Muhammadiyah Jakarta,Indonesia,2650,175,900,450,250,250,625,835
Air University,Pakistan,2650,475,525,375,0,525,750,836
North Ossetian State University,Russia,2650,675,500,225,150,425,675,837
Yugra State University,Russia,2650,550,425,300,0,700,675,838
Sekolah Tinggi Manajemen Ipmi,Indonesia,2625,425,675,450,200,225,650,839
The Maria Grzegorzewska University,Poland,2625,475,650,600,100,425,375,840
Al-Turath University College,Iraq,2600,325,850,300,300,375,450,841
Al-Bayan University,Iraq,2600,250,575,300,200,825,450,842
Imam Ja’afar Al-Sadiq University,Iraq,2600,525,325,150,450,550,600,843
Al-Mustafa University College,Iraq,2575,325,875,300,250,600,225,844
Al Amara University College,Iraq,2525,250,350,525,375,575,450,845
BINUS University,Indonesia,2500,425,500,375,225,550,425,846
Universitas Muhammadiyah Surakarta,Indonesia,2475,75,1175,0,100,850,275,847
University of Kwazulu Natal,South Africa,2475,450,550,525,125,325,500,848
Universitas Samudra,Indonesia,2475,650,375,150,200,425,675,849
Cardinal Stefan Wyszynski University in Warsaw,Poland,2450,325,600,375,75,450,625,850
Al-Farabi University College,Iraq,2450,725,550,300,0,375,500,851
University Of Applied Social Sciences,Lithuania,2425,75,600,300,200,850,400,852
Madenat Al-Elem University College ( MAUC ),Iraq,2400,525,700,375,0,425,375,853
Medical University – Sofia,Bulgaria,2400,450,375,600,200,475,300,854
Universidade do Estado do Amazonas,Brazil,2375,275,875,300,0,475,450,855
Al-qalam University College,Iraq,2350,475,725,300,50,350,450,856
Institut Teknologi Kalimantan,Indonesia,2350,825,600,225,0,325,375,857
Universidad de Cartagena,Colombia,2325,75,325,225,125,975,600,858
Technical And Vocational University,Iran,2300,50,1000,375,250,475,150,859
Universitas Ma Chung,Indonesia,2300,725,300,375,50,575,275,860
"University of Baltistan, Skardu",Pakistan,2300,700,300,375,275,350,300,861
Rajamangala University of Technology Krungthep,Thailand,2275,150,725,300,0,525,575,862
L.N. Gumilyov Eurasian National University,Kazakhstan,2275,375,675,75,0,550,600,863
Al-nisour University College,Iraq,2250,250,550,525,0,325,600,864
Universidad Central De Nicaragua,Nicaragua,2225,475,875,75,50,450,300,865
Ural State Forest Engineering University,Russia,2225,0,475,450,250,600,450,866
University of Dhaka,Bangladesh,2225,875,375,150,50,400,375,867
Universitas Al Azhar Indonesia,Indonesia,2200,125,600,75,0,125,1275,868
Vologda State University,Russia,2200,225,600,525,50,275,525,869
Pakistan Institute of Fashion and Design,Pakistan,2175,425,425,450,250,325,300,870
American University In Bulgaria,Bulgaria,2150,200,350,450,100,750,300,871
Alsafwa University College,Iraq,2150,525,200,450,250,175,550,872
Universitas Wiraraja,Indonesia,2125,125,650,375,125,150,700,873
Universidad Autonoma Del Caribe,Colombia,2125,525,225,525,325,0,525,874
Institut Teknologi Telkom Purwokerto,Indonesia,2075,300,825,375,225,350,0,875
Universitas Pendidikan Ganesha,Indonesia,2075,275,675,75,100,175,775,876
Zhetysu State University Named After I. Zhansugurov,Kazakhstan,2050,950,200,75,0,125,700,877
Sekolah Tinggi Teknik Malang,Indonesia,2025,150,1175,75,150,300,175,878
University of South Africa,South Africa,2025,350,75,150,0,925,525,879
"Tecnológico Nacional de México, Campus Hermosillo",Mexico,2025,550,50,300,75,500,550,880
Politeknik Negeri Malang,Indonesia,2000,400,950,0,50,275,325,881
Institut Agama Islam Negeri Ponorogo,Indonesia,2000,525,675,75,0,725,0,882
Northern Technical University,Iraq,2000,275,525,0,150,825,225,883
University of Mostar,Bosnia and Herzegovina,2000,300,225,450,0,675,350,884
King Khalid University,Saudi Arabia,1925,675,75,0,0,575,600,885
Ahl Al Bayt University,Iraq,1900,575,575,150,100,375,125,886
Tikrit University,Iraq,1800,375,425,75,150,700,75,887
Jabir ibn Hayyan Medical University,Iraq,1775,575,500,225,0,475,0,888
K. N. Toosi University of Technology,Iran,1775,550,425,75,0,525,200,889
Universitas Mataram,Indonesia,1750,350,300,75,0,425,600,890
"International Islamic University, Islamabad",Pakistan,1725,475,275,225,200,400,150,891
"Central University Of Technology, Free State",South Africa,1700,75,525,225,150,375,350,892
University of Education,Pakistan,1700,475,200,375,200,375,75,893
Russian State Social University,Russia,1700,425,150,225,200,75,625,894
Tamil Nadu Dr M G R Medical University,India,1650,75,600,375,350,250,0,895
Institut Kesenian Jakarta – LPKJ,Indonesia,1625,725,275,375,0,175,75,896
Green International University,Pakistan,1575,475,475,0,50,275,300,897
Shah Abdul Latif University,Pakistan,1550,625,50,150,50,150,525,898
Al-Qasim Green University,Iraq,1500,250,225,0,50,225,750,899
Alnoor University College,Iraq,1400,400,500,300,0,125,75,900
Ibn Sina University of Medical and Pharmaceutical Sciences,Iraq,1400,325,375,75,75,400,150,901
"University of Technology, Baghdad",Iraq,1375,75,375,0,0,500,425,902
Virtual University of Pakistan,Pakistan,1375,75,150,150,200,625,175,903
University of Al-hamdaniya,Iraq,1200,200,350,75,100,250,225,904
Ninevah University,Iraq,1150,250,200,0,200,425,75,905
Al-Manara College of Medical Sciences,Iraq,1150,200,100,0,0,400,450,906
Universidad Peruana Cayetano Heredia,Peru,1075,75,175,300,200,175,150,907
Universitas Cokroaminoto Palopo,Indonesia,1025,125,425,0,0,325,150,908
University of Applied Science and Technology,Iran,1025,75,150,450,50,300,0,909
University of Information Technology and Communications,Iraq,750,150,225,75,0,300,0,910
Universitas Harapan Medan,Indonesia,250,250,0,0,0,0,0,911
Basrah University College,Iraq,175,125,0,0,0,50,0,912
