﻿University,Country,Total Score,Setting & Infrastructure,Energy & Climate Change,Waste,Water,Transportation,Education & Research,Rank
University of California Davis,United States,8398,1257,1340,1800,932,1687,1382,1
University of Nottingham,United Kingdom,8079,1200,1448,1800,992,1190,1449,2
Wageningen University & Research,Netherland,7658,1118,1221,1800,742,1068,1709,3
University of Connecticut,United States,7602,966,1187,1650,1000,1307,1492,4
University of Oxford,United Kingdom,7591,898,1259,1701,948,1450,1335,5
Universitat fur Bodenkultur Wien,Austria,7386,1083,1033,1800,726,1103,1641,6
Keele University,United Kingdom,7254,1368,1342,1575,650,966,1353,7
University of California Berkeley,United States,7156,815,1159,1650,1000,1318,1214,8
Nottingham Trent University,United Kingdom,7126,1080,1304,1800,625,1013,1304,9
Newcastle University,United Kingdom,7081,783,1204,1650,725,1356,1363,10
University of North Carolina Chapel Hill,United States,7051,994,1046,1725,825,1357,1104,11
University College Cork,Ireland,7036,980,1243,1701,780,1138,1194,12
Georgia Institute of Technology,United States,7026,670,1207,1800,740,1322,1287,13
Universitat Autonoma de Barcelona,Spain,6986,900,1251,1551,921,1141,1222,14
University of Groningen,Netherland,6950,755,1243,1500,775,1310,1367,15
Bangor University,United Kingdom,6925,1174,1461,1701,600,675,1314,16
University of Bradford,United Kingdom,6906,993,1340,1800,875,1129,769,17
Universite de Sherbrooke,Canada,6906,1090,1224,1800,525,1162,1105,18
Delft University of Technology TU Delft,Netherland,6892,766,862,1575,650,1254,1785,19
Freie Universitaet Berlin,Germany,6886,799,1335,1800,775,970,1207,20
Hochschule Trier – Umwelt-Campus Birkenfeld,Germany,6861,766,1790,1701,761,1064,779,21
University of Limerick,Ireland,6835,967,1322,1701,925,1084,836,22
Hokkaido University,Japan,6777,1066,1006,1500,900,1301,1004,23
University of New South Wales,Australia,6742,792,1050,1551,800,1011,1538,24
University of Texas Austin,United States,6708,841,1048,1575,875,1412,957,25
Universidad de Alcala,Spain,6685,776,1343,1599,700,1119,1148,26
Dublin City University,Ireland,6668,835,986,1800,648,1145,1254,27
Universitat de Valencia,Spain,6594,751,1031,1476,775,965,1596,28
Washington University Saint Louis,United States,6579,814,1122,1476,925,1126,1116,29
University of Ottawa,Canada,6572,783,1059,1575,925,1121,1109,30
University of Indonesia,Indonesia,6571,1006,973,1452,725,1034,1381,31
Universitat Bremen,Germany,6563,712,986,1650,690,1251,1274,32
Kyoto University,Japan,6544,954,929,1650,650,1298,1063,33
Universiti Putra Malaysia,Malaysia,6543,1319,1090,1551,363,886,1334,34
University of Northern British Columbia,Canada,6542,1170,1044,1650,675,892,1111,35
North Carolina Agricultural & Technical State University,United States,6538,1303,835,1275,548,1031,1546,36
National Pingtung University of Science & Technology,Taiwan,6435,1146,720,825,775,1169,1800,37
Universidade Federal de Lavras UFLA,Brazil,6422,1098,1139,1125,745,1040,1275,38
University of Leicester,United Kingdom,6419,914,1238,1425,875,983,984,39
Western Michigan University,United States,6387,1163,1256,1326,775,1002,865,40
Universidad Nacional Autonoma de Mexico,Mexico,6387,1072,1194,1350,583,1064,1124,41
University of Tasmania,Australia,6379,926,1061,1224,797,969,1402,42
Institut Teknologi Sepuluh Nopember,Indonesia,6370,965,1162,948,925,1047,1323,43
Universiti Malaysia Sabah,Malaysia,6368,1202,994,1200,700,976,1296,44
Universidad Nacional de Colombia,Colombia,6354,947,1013,1251,592,1142,1409,45
King Abdulaziz University,Saudi Arabia,6332,837,744,1650,909,881,1311,46
Universidad Autonoma de Madrid,Spain,6323,1086,1261,1326,525,1011,1114,47
Da-Yeh University,Taiwan,6311,820,930,1575,725,949,1312,48
McMaster University,Canada,6310,789,1036,1650,725,1353,757,49
De La Salle University – Dasmarinas,Philippines,6285,774,1155,1701,733,568,1354,50
National Chi Nan University,Taiwan,6258,1080,1229,1452,300,1179,1018,51
Kafrelsheikh University,Egypt,6254,913,1137,1299,810,1053,1042,52
Aalborg University,Denmark,6236,809,955,1425,700,1270,1077,53
Universiti Utara Malaysia,Malaysia,6217,1008,958,1050,660,1168,1373,54
Universidad del Rosario,Colombia,6201,252,1184,1500,775,1266,1224,55
York University,Canada,6185,999,833,1302,800,1321,930,56
Bogor Agricultural University,Indonesia,6173,1124,900,1299,502,1110,1238,57
Universiti Malaysia Pahang,Malaysia,6168,1220,943,975,690,955,1385,58
Universitat de Barcelona,Spain,6125,755,929,1650,682,1160,949,59
Carleton University,Canada,6115,687,822,1575,600,1187,1244,60
Indiana University Bloomington,United States,6102,988,940,1326,650,1179,1019,61
Manchester Metropolitan University,United Kingdom,6061,739,1018,1326,750,1016,1212,62
University of Kent,United Kingdom,6048,1019,1132,1575,650,1126,546,63
Universita Ca Foscari Venezia,Italy,6041,594,1158,1101,650,1351,1187,64
Sumy State University,Ukraine,6039,1274,747,1551,400,1056,1011,65
University of Sussex,United Kingdom,6020,980,985,1626,748,1112,569,66
University of California Merced,United States,5998,964,1116,1575,675,1123,545,67
University of Malaya,Malaysia,5996,1147,772,1125,575,1154,1222,68
Diponegoro University,Indonesia,5995,910,1072,1200,545,863,1405,69
Mahidol University,Thailand,5992,928,1077,1251,485,1345,906,70
Universita di Bologna,Italy,5989,805,981,1401,725,1087,990,71
Universidad de Oviedo,Spain,5988,964,830,1476,445,865,1408,72
Osaka University,Japan,5983,989,851,1650,725,900,867,73
Northeastern University,United States,5980,517,1111,1527,625,1083,1117,74
University of Zanjan,Iran,5971,1250,610,975,655,1029,1452,75
Universitas Sebelas Maret,Indonesia,5960,875,925,1152,655,1158,1195,76
Universidad Autonoma de Nuevo Leon,Mexico,5950,1113,967,1452,474,753,1191,77
Universidad Rey Juan Carlos,Spain,5945,839,1033,1500,536,906,1131,78
Universitat Jaume I de Castellon,Spain,5937,919,869,1326,775,976,1071,79
University of Jordan,Jordan,5909,1181,1026,1575,434,966,727,80
Ben Gurion University of the Negev,Israel,5885,841,860,1500,610,668,1406,81
University of Westminster,United Kingdom,5884,871,968,1251,725,1204,865,82
Nanhua University Taiwan,Taiwan,5883,882,989,1800,767,757,688,83
Universita di Torino,Italy,5879,827,1198,1251,595,958,1050,84
Universiti Teknologi Malaysia,Malaysia,5866,1366,821,798,690,820,1371,85
Czech University of Life Sciences Prague,Czech,5824,610,1237,1374,700,924,979,86
Universitat Luzern,Switzerland,5817,467,1236,1650,800,1414,250,87
Concordia University Montreal,Canada,5805,833,914,1251,600,1173,1034,88
Goldsmiths University of London,United Kingdom,5787,483,1242,1725,520,930,887,89
Edge Hill University,United Kingdom,5769,821,999,1224,600,962,1163,90
National Taipei University of Technology,Taiwan,5764,1165,1026,975,563,503,1532,91
University of Lincoln,United Kingdom,5764,854,1369,1575,500,919,547,92
University of Massachusetts Amherst,United States,5758,943,685,1500,550,1174,905,93
University of Dundee,United Kingdom,5743,753,950,1626,350,1127,937,94
Universitas Negeri Semarang,Indonesia,5738,1137,915,873,310,1008,1495,95
Universitat de Girona,Spain,5725,381,1254,1401,395,1079,1215,96
Jordan University of Science & Technology,Jordan,5725,1115,1159,924,775,915,837,97
Yamaguchi University,Japan,5719,859,978,1551,750,1154,427,98
Fachhochschule Trier,Germany,5684,778,916,1500,470,1107,913,99
University at Albany,United States,5683,716,1025,1452,700,885,905,100
University of York,United Kingdom,5679,925,682,1650,370,1108,944,101
Suranaree University of Technology,Thailand,5678,1301,961,798,320,731,1567,102
Princess Nourah University,Saudi Arabia,5670,803,916,1551,775,1240,385,103
American University in Cairo,Egypt,5661,871,1572,1026,650,1158,384,104
Universite Joseph Fourier Grenoble 1,France,5658,744,925,1152,611,1074,1152,105
Rochester Institute of Technology,United States,5649,1140,976,1101,548,1006,878,106
University of Szeged,Hungary,5647,1216,847,1275,850,1079,380,107
University of Louisiana at Lafayette,United States,5640,1100,866,1251,520,1101,802,108
Chulalongkorn University,Thailand,5638,858,846,1101,470,1200,1163,109
Politecnico di Milano,Italy,5628,698,720,1626,380,1046,1158,110
Webster University,United States,5621,1076,877,1425,730,1075,438,111
Naresuan University,Thailand,5619,1027,759,1026,525,1202,1080,112
Northwest Missouri State University,United States,5616,1077,1060,1500,475,922,582,113
University of Eastern Finland,Finlandia,5612,779,807,1575,500,949,1002,114
Peoples Friendship University of Russia,Russia,5593,1169,830,1125,650,1089,730,115
Chaoyang University of Technology,Taiwan,5588,570,1054,1527,720,912,805,116
An-Najah National University,Palestine,5568,784,1296,1002,605,849,1032,117
Universidad Politecnica de Valencia,Spain,5563,215,1092,1551,400,1167,1138,118
Brawijaya University,Indonesia,5562,939,1306,798,540,659,1320,119
Universidad de la Punta,Argentina,5552,1019,950,1650,220,943,770,120
Liverpool John Moores University,United Kingdom,5517,771,938,1251,750,1109,698,121
King Mongkut University of Technology Thonburi,Thailand,5515,828,657,1149,256,1266,1359,122
Aix Marseille University,France,5512,900,895,1026,450,660,1581,123
University of Reading,United Kingdom,5489,727,949,1425,600,863,925,124
Mae Fah Luang University,Thailand,5483,1118,962,798,800,673,1132,125
University of Bath,United Kingdom,5454,1075,1268,1200,625,730,556,126
Universidad de Castilla la Mancha,Spain,5444,812,930,1077,530,865,1230,127
Slippery Rock University,United States,5444,943,1138,1200,475,835,852,128
University of Bayreuth,Germany,5436,684,780,1326,405,1101,1140,129
Technische Universitat Wien,Austria,5431,692,990,1149,650,1100,850,130
Gordon College,United States,5430,862,1092,1476,500,866,633,131
Universidad de Navarra,Spain,5422,731,1048,1452,550,976,665,132
Asia University Taiwan,Taiwan,5395,889,1118,1149,440,718,1081,133
Yuan Ze University,Taiwan,5389,655,807,1302,650,1054,921,134
Riga Technical University,Latvia,5389,768,1403,1302,420,1035,461,135
Kasetsart University,Thailand,5377,896,626,825,400,1188,1442,136
Brandenburgische Technische Universitat Cottbus – Senftenberg,Germany,5374,900,1209,1176,450,766,873,137
Technische Hochschule Deggendorf,Germany,5372,608,1318,1476,280,1244,446,138
Universidade Federal de Vicosa,Brazil,5352,953,856,849,486,555,1653,139
Tel Aviv University,Israel,5347,785,948,1152,485,1137,840,140
University of California Riverside,United States,5346,704,958,1626,650,950,458,141
Politecnico di Torino,Italy,5345,484,1207,1401,475,838,940,142
Universitas Padjadjaran,Indonesia,5341,705,852,1476,630,957,721,143
Voronezh State University,Russia,5335,580,812,1476,525,1101,841,144
Universidad de los Andes Colombia,Colombia,5325,590,893,1302,531,1270,739,145
Purchase College SUNY,United States,5324,1148,1196,1251,300,771,658,146
Uman National University of Horticulture,Ukraine,5318,1251,1330,774,550,576,837,147
University of Lodz,Poland,5317,681,700,1149,270,1187,1330,148
universidade da coruna,Spain,5310,576,926,1326,375,824,1283,149
Anglia Ruskin University,United Kingdom,5302,710,1005,1500,500,1056,531,150
Institute of Technology Bandung,Indonesia,5294,907,826,1500,350,704,1007,151
Virginia Commonwealth University,United States,5281,491,1106,1302,700,1242,440,152
Universidad Autonoma Metropolitana,Mexico,5274,915,658,1074,559,828,1240,153
Universidad Autonoma de Occidente,Colombia,5271,625,1108,1425,600,570,943,154
East Stroudsburg University,United States,5233,1045,1041,1551,595,771,230,155
Ton Duc Thang University,Vietnam,5227,615,1027,1275,350,1063,897,156
PONTIFICAL CATHOLIC UNIVERSITY OF RIO DE JANEIRO,Brazil,5221,926,365,1401,390,1070,1069,157
Thammasat University,Thailand,5209,946,505,948,584,1076,1150,158
Oranim College of Education,Israel,5203,837,844,1425,700,751,646,159
Universiti Kebangsaan Malaysia (National University of Malaysia),Malaysia,5197,1072,600,1302,295,861,1067,160
University of San Francisco,United States,5195,540,749,1425,670,908,903,161
University of Ioannina,Greece,5191,1187,989,1551,165,757,542,162
Escuela Superior Politecnica del Litoral,Ecuador,5186,968,894,1101,490,994,739,163
ITESO Universidad Jesuita de Guadalajara / ITESO The Jesuit University of Guadalajara,Mexico,5176,792,781,1326,716,817,744,164
Tomsk Polytechnic University,Russia,5173,940,940,648,360,955,1330,165
Mahasarakham University,Thailand,5162,1237,656,573,320,1016,1360,166
Universitas Andalas,Indonesia,5156,927,964,798,350,856,1261,167
Universidad del Norte Barranquilla,Colombia,5146,882,652,1500,600,451,1061,168
Southern Methodist University,United States,5146,1105,955,774,510,852,950,169
University of Agriculture Faisalabad,Pakistan,5129,790,1108,474,320,872,1565,170
I-Shou University,Taiwan,5123,564,852,1701,575,1096,335,171
Telkom University,Indonesia,5123,874,904,1500,350,771,724,172
Silpakorn University,Thailand,5116,564,870,1074,577,1226,804,173
Universitas Islam Indonesia,Indonesia,5112,1031,1070,1200,365,955,491,174
Aalto University,Finland,5067,7,914,1800,600,800,946,175
Universidad de Ciencias Aplicadas y Ambientales UDCA,Colombia,5061,864,825,1476,498,684,714,176
Universidad Tecnologica de Pereira,Colombia,5054,647,865,1401,570,556,1014,177
Providence University,Taiwan,5042,1017,630,1050,525,702,1118,178
Inseec Business Group,France,5035,108,664,1650,625,749,1239,179
Tampere University of Technology,Finland,5020,318,818,1575,700,941,668,180
Appalachian State University,United States,5004,762,593,1350,285,973,1040,181
National Yunlin University of Science & Technology,Taiwan,4994,837,834,900,374,749,1300,182
Wentworth Institute of Technology,United States,4992,709,972,1152,476,971,712,183
Tecnologico de Monterrey,Mexico,4985,773,1084,825,495,1134,674,184
Russian State Pedagogical University AI Herzen (Gertsenovsky University),Russia,4966,926,619,1026,370,1056,969,185
Teesside University,United Kingdom,4961,461,935,1125,700,1007,733,186
University of Ontario Institute of Technology,Canada,4949,595,1022,1200,970,554,608,187
Universita Iuav di Venezia,Italy,4910,667,562,1452,330,1251,648,188
Stevens Institute of Technology,United States,4908,605,890,1551,400,912,550,189
Maynooth University,Ireland,4891,831,869,1326,415,695,755,190
Universitat de Vic,Spain,4885,328,1141,1575,462,572,807,191
University of Hertfordshire,United Kingdom,4874,723,703,1500,575,983,390,192
University of the West Indies Mona Jamaica,Trinidad Tobago,4871,802,673,675,775,812,1134,193
National Chung Hsing University,Taiwan,4860,882,591,1551,172,713,951,194
Bulent Ecevit University (Zonguldak Karaelmas University),Turkey,4839,983,836,975,600,950,495,195
University of North Carolina at Greensboro,United States,4831,898,821,1101,370,919,721,196
Escuela Agricola Panamericana Zamorano,Honduras,4823,1045,801,1050,288,966,673,197
Al-Farabi Kazakh National University,Kazakhstan,4822,1062,765,750,384,805,1056,198
King Mongkut University of Technology North Bangkok,Thailand,4819,1132,856,798,202,1062,769,199
Institute for Financial Management and Research,India,4803,909,1250,1425,636,402,181,201
West Texas A&M University,United States,4796,452,832,1401,800,840,471,202
University of Maribor,Slovenia,4795,428,978,1302,384,846,857,203
University of Arid Agriculture Rawalpindi,Pakistan,4789,957,955,975,425,655,822,204
University of Central Florida,United States,4784,958,880,951,530,1005,460,205
University of Maryland Eastern Shore,United States,4781,1091,1142,951,380,810,407,206
University of North Texas,United States,4773,920,461,1176,255,882,1079,207
Universidad EAFIT,Colombia,4766,538,617,1476,400,906,829,208
Federal University of Sao Carlos,Brazil,4766,1128,734,1326,375,751,452,209
Moscow State Institute of International Relations,Russia,4753,636,776,1152,450,1002,737,210
National Institute of Technology Hamirpur,India,4739,998,604,1326,630,808,373,211
Radboud University,Netherland,4723,735,475,1251,275,851,1136,212
Manipal University,India,4715,813,734,1326,850,753,239,213
Universitas Bengkulu,Indonesia,4671,1110,959,825,255,451,1071,214
Gorno Altaisk State University,Russia,4669,672,680,1227,245,960,885,215
University of North Carolina Wilmington,United States,4658,646,850,1002,750,1112,298,216
"Instituto Federal de Educacao, Ciencia e Tecnologia do Sul de Minas Gerais",Brazil,4654,1216,1060,648,380,554,796,217
Universidad de Valladolid,Spain,4639,522,721,1251,460,1125,560,218
University of Illinois Springfield,United States,4636,869,950,1227,270,968,352,219
Illinois State University,United States,4634,816,857,1101,275,1051,534,220
University of Petra,Jordan,4631,839,1193,849,525,650,575,221
Universita degli Studi di Brescia,Italy,4610,657,808,1074,375,1079,617,222
Technische Universitat Bergakademie Freiberg,Germany,4605,838,568,1350,445,701,703,223
Rider University,United States,4604,912,1211,1101,145,738,497,224
Bangkok University,Thailand,4604,976,986,1050,234,613,745,225
University of Alabama Birmingham,United States,4597,605,656,852,711,915,858,226
Universite de Versailles Saint Quentin en Yvelines,France,4597,742,672,999,295,837,1052,227
University of Cyprus,Cyprus,4595,983,888,1149,410,602,563,228
Dublin Institute of Technology,Ireland,4564,299,802,1101,525,962,875,229
Universidad de Salamanca,Spain,4537,482,860,1149,445,1067,534,230
Universitas Riau,Indonesia,4532,907,1083,798,250,701,793,231
Pontificia Universidad Catolica del Peru,Peru,4529,720,813,849,405,960,782,232
Sabanci University,Turkey,4511,1077,1085,675,565,770,339,233
Universidade de Santiago de Compostela,Spain,4498,432,491,1251,208,840,1276,234
Maejo University,Thailand,4495,1236,868,573,220,465,1133,235
Al-Balqa Applied University,Jordan,4494,1146,935,525,340,849,699,236
Universidad de Bogota Jorge Tadeo Lozano,Colombia,4489,645,880,1077,200,715,972,237
Ferdowsi University of Mashhad,Iran,4484,853,1027,975,210,1053,366,238
Kobe University,Japan,4478,649,965,1050,450,604,760,239
University of Lahore,Pakistan,4476,822,1139,927,320,967,301,240
Loyola Marymount University,United States,4476,552,1014,1275,525,586,524,241
University of Bahrain,Bahrain,4475,969,581,999,340,773,813,242
Rajabhat Maha Sarakham University,Thailand,4469,567,819,873,455,1133,622,243
Eotvos Lorand University,Hungary,4465,519,370,1476,120,837,1143,244
Pontificia Universidade Catolica do Rio Grande do Sul,Brazil,4452,868,702,951,382,787,762,245
Universidad Icesi,Colombia,4449,835,754,1074,230,859,697,246
Universidad de Las Palmas de Gran Canaria,Spain,4444,887,687,1251,75,651,893,247
Universidad de Granada,Spain,4443,427,674,1200,300,736,1106,248
Southern Utah University,United States,4437,191,602,1401,598,916,729,249
Universitat Rovira i Virgili,Spain,4434,775,759,1227,290,559,824,250
Perm National Research Polytechnic University,Russia,4434,767,1120,1050,120,605,772,251
Universitas Mataram,Indonesia,4434,986,1084,1125,300,603,336,252
University of Kelaniya,Sri Lanka,4429,496,940,1077,475,625,816,253
University of Alabama Huntsville,United States,4414,807,785,951,660,620,591,254
Universita degli Studi Roma Tre,Italy,4410,477,1122,825,410,761,815,255
Far Eastern Federal University,Russia,4376,689,578,900,625,970,614,256
Petrozavodsk State University,Russia,4371,577,730,1077,380,910,697,257
Shepherd University,United States,4370,961,758,1101,280,817,453,258
Bogazici University,Turkey,4366,753,711,801,350,966,785,259
Universidad Miguel Hernandez,Spain,4361,820,567,1224,10,913,827,260
Ubon Ratchathani Rajabhat University,Thailand,4354,1048,1100,798,260,460,688,261
Universidad de Alicante,Spain,4351,171,682,1275,407,977,839,262
Universidad de Zaragoza,Spain,4338,664,947,900,271,560,996,263
Soochow University Taiwan,Taiwan,4337,379,574,1401,500,1002,481,264
National Cheng Kung University,Taiwan,4334,787,682,1023,485,644,713,265
Nanzan University,Japan,4333,628,835,1251,340,889,390,266
Norwegian University of Science And Technology,Norwegia,4329,650,673,1551,100,801,554,267
Dibrugarh University,India,4324,1173,826,723,310,691,601,268
Universiti Teknikal Malaysia Melaka,Malaysia,4301,1141,745,750,255,941,469,269
Ariel University,Israel,4295,809,536,1275,320,1010,345,270
TOBB University of Economics and Technology,Turkey,4284,599,777,975,360,951,622,271
Central Connecticut State University,United States,4284,643,837,1101,305,1001,397,272
Federal State BudjetaryEducation of Higher Education,Russia,4280,698,625,1401,485,805,266,273
Universiti Tunku Abdul Rahman,Malaysia,4270,845,577,573,320,768,1187,274
ABV-Indian Institute of Information Technology and Management Gwalior,India,4263,1166,641,723,380,851,502,275
Universidad El Bosque,Colombia,4233,565,1024,549,725,745,625,276
National Dong Hwa University,Taiwan,4227,1150,508,999,340,1052,178,277
Universidade de Sao Paulo,Brazil,4220,529,523,876,520,847,925,278
Universidad Autonoma del Estado de Hidalgo,Mexico,4220,615,642,1251,344,828,540,279
Rajabhat Rambhai Bhanni University,Thailand,4219,842,394,1152,501,784,545,280
Universidad de Santander,Colombia,4213,768,719,1326,270,658,472,281
Universitas Multimedia Nusantara,Indonesia,4207,894,814,849,705,856,89,282
University of the South Pacific,Fiji,4205,964,864,648,275,702,752,283
Ozyegin University,Turkey,4204,867,658,501,675,827,676,284
University of the Arts London,United Kingdom,4192,117,997,1101,375,908,694,285
Altai State University,Russia,4177,698,918,1002,530,350,679,286
Universitat Duisburg Essen,Germany,4164,561,301,1275,400,861,766,287
London School of Hygiene & Tropical Medicine,United Kingdom,4163,168,588,1350,320,993,744,288
Universidade de Coimbra,Portugal,4162,988,791,876,375,699,433,289
CUNY Brooklyn College,United States,4160,656,365,1176,550,905,508,290
Bowie State University,United States,4145,875,748,825,380,852,465,291
Indian Institute of Technology Madras,India,4117,826,680,1050,249,953,359,292
Daugavpils University,Latvia,4116,796,931,900,160,862,467,293
Ming Chi University of Technology,Taiwan,4100,784,479,1050,350,799,638,294
Okayama University,Japan,4096,1131,683,975,400,701,206,295
School of Oriental and African Studies University of London,United Kingdom,4094,125,787,1350,325,983,524,296
Centro Universitario do Rio Grande do Norte,Brazil,4089,396,703,1227,425,642,695,297
National Chiao Tung University,Taiwan,4089,557,499,924,569,1095,444,298
Taipei Medical University,Taiwan,4088,768,524,1227,340,688,541,299
Universitas Lampung,Indonesia,4082,808,505,723,515,452,1079,300
Chiba University,Japan,4082,814,503,1077,481,549,658,301
Covenant University Ota,Nigeria,4072,817,702,1077,200,667,609,302
University of Pardubice,Czech,4063,911,718,1302,230,535,367,303
Hitit University,Turkey,4061,781,918,423,330,803,806,304
Winthrop University,United States,4058,1019,720,750,350,774,445,305
National Institute of Technology Karnataka,India,4029,993,803,723,375,1072,63,306
University of Tokushima,Japan,4027,805,656,798,370,710,687,307
Birkbeck University of London,United Kingdom,4022,42,822,1350,320,958,530,308
Mutah University,Jordan,4012,672,348,774,535,1123,560,309
Unitec New Zealand,New Zealand,3995,741,488,1002,215,844,704,310
University of Debrecen,Hungary,3994,789,407,1050,265,730,753,311
Glasgow Caledonian University,United Kingdom,3994,371,684,1575,370,559,435,312
Blekinge Institute of Technology,Sweden,3974,635,1018,1101,400,664,156,313
Karl Franzens Universitaet Graz,Austria,3971,784,651,600,351,741,844,314
Hochschule fur nachhaltige Entwicklung Eberswalde,Germany,3969,1003,508,624,275,737,822,315
King Mongkut’s Institute of Technology Ladkrabang,Thailand,3967,1105,568,750,286,689,569,316
Universitas Syiah Kuala,Indonesia,3961,744,1035,648,190,858,486,317
Ankara University,Turkey,3952,703,561,927,164,909,688,318
Tilburg University,Netherland,3944,740,584,1350,100,651,519,319
Al-Zaytoonah University of Jordan (zuj),Jordan,3938,716,461,1302,183,899,377,320
Vigo University,Spain,3925,675,456,1101,150,693,850,321
De La Salle University Manila,Philippines,3912,427,713,1224,696,852,0,322
Don State Technical University,Russia,3905,632,661,1050,240,955,367,323
Bartin Universite,Turkey,3885,1045,1070,675,200,455,440,324
Birzeit University,Palestine,3880,747,744,675,650,501,563,325
Hasanuddin University,Indonesia,3876,866,617,423,425,801,744,326
University of Nova Gorica,Slovenia,3868,817,674,1101,230,552,494,327
University of Arkansas Little Rock,United States,3867,937,556,750,305,856,463,328
Dhurakij Pundit University,Thailand,3867,437,645,1152,456,556,621,329
University of Bari,Italy,3862,596,831,1476,150,302,507,330
University of Malta,Mexico,3842,532,883,951,370,853,253,331
MacEwan College,Canada,3839,466,451,1200,275,604,843,332
Universiy of Kufa,Iraq,3824,640,833,798,360,806,387,333
Xavier University Ateneo de Cagayan,Philippines,3816,755,911,1050,140,400,560,334
World Maritime University,Sweden,3812,425,458,1152,400,849,528,335
Universita degli Studi di Perugia,Italy,3804,794,702,750,245,704,609,336
Ege University,Turkey,3790,862,448,927,240,993,320,337
Siberian Federal University,Russia,3775,916,386,624,145,801,903,338
Universitas Negeri Medan,Indonesia,3774,686,653,1302,150,653,330,339
Universidad Autonoma de Tamaulipas,Mexico,3760,561,499,699,145,778,1077,340
Universita Degli Studi Di Padova,Italy,3749,687,441,1224,370,987,39,341
United Arab Emirates University,Uni Arab Emirates,3746,743,243,999,275,899,587,342
Inonu University Malatya,Turkey,3746,543,811,777,560,679,376,343
Bilkent University,Turkey,3743,1185,312,750,230,769,497,344
Universidade do Vale do Itajai,Brazil,3733,479,647,1224,290,749,344,345
Valahia University Targoviste,Romania,3731,772,985,198,290,876,610,346
Universidad de Puerto Rico Mayaguez,Puerto Rico,3730,860,460,624,223,735,827,347
University of Kwazulu Natal,South Africa,3691,1306,448,450,230,699,558,348
Pontificia Universidad Catolica de Chile,Chile,3683,803,399,750,245,655,831,349
Saratov State University,Russia,3674,556,428,1026,366,763,535,350
Universita degli Studi di Ferrara,Italy,3666,388,764,1074,340,684,416,351
Technical University of Crete,Greece,3653,521,1094,750,90,744,454,352
South Valley University,Egypt,3649,487,522,900,270,762,708,353
Universitas Haluoleo,Indonesia,3646,701,575,873,195,489,813,354
University of Pecsi,Hungary,3640,579,587,1275,425,622,152,355
Universidad Tecnologica de Panama,Panama,3638,856,408,648,155,902,669,356
Universidad Sergio Arboleda,Colombia,3634,299,585,1251,384,672,443,357
Murray State University,United States,3621,893,179,1275,275,874,125,358
Universitas Negeri Surabaya,Indonesia,3615,605,428,1176,360,555,491,359
Babes-Bolyai University,Romania,3614,643,448,750,140,906,727,360
Saint Cloud State University,United States,3605,735,476,975,249,915,255,361
University of Jeddah,Saudi Arabia,3602,727,799,648,350,801,277,362
Pascual Bravo University Institution,Colombia,3588,490,715,1152,390,607,234,363
Duzce University,Turkey,3577,674,520,525,520,800,538,364
Walailak University,Thailand,3551,840,462,975,295,610,369,365
Universitas Teuku Umar,Indonesia,3547,1036,760,648,140,400,563,366
Islamic University of Gaza,Palestine,3542,912,469,723,125,404,909,367
Universita degli Studi Mediterranea,Italy,3538,706,890,474,30,903,535,368
Tver State University,Russia,3521,717,412,825,340,853,374,369
Roskilde University,Denmark,3520,717,599,750,295,790,369,370
Szent Istvan University,Hungary,3517,897,595,750,265,561,449,371
University of Dhaka,Bangladesh,3503,1189,639,648,170,736,121,372
Christian Medical College Vellore,India,3491,737,661,1149,150,413,381,373
Kalasalingam University,India,3485,1071,559,498,140,602,615,374
University of the Virgin Islands,United States,3477,957,617,600,115,915,273,375
North Eastern University,Thailand,3475,599,756,723,345,606,446,376
Universidad Industrial de Santander,Colombia,3463,1034,341,750,150,810,377,377
European University Cyprus,Cyprus,3460,371,1090,801,250,543,405,378
Universidade Federal de Sao Paulo,Brazil,3452,779,520,699,450,606,398,379
University of Tennessee Martin,United States,3441,969,526,876,190,429,450,380
Universidad del Valle,Colombia,3438,796,535,849,0,603,655,381
Universitas Sam Ratulangi,Indonesia,3427,843,387,573,325,552,747,382
Taiwan Hospitality & Tourism College,Taiwan,3427,917,781,651,385,516,177,383
Jacksonville University,United States,3424,660,195,876,600,347,745,384
City College of San Francisco,United States,3416,730,560,849,81,499,697,385
Universidade Federal de Itajuba,Brazil,3416,807,660,600,275,513,561,386
University of Agricultural Sciences and Veterinary Medicine Cluj Napoca,Romania,3408,891,690,549,245,806,226,387
Universitas Sriwijaya,Indonesia,3373,980,718,498,395,413,369,388
Universitas Sanata Dharma,Indonesia,3362,536,361,924,425,698,418,389
Helsinki Metropolia University of Applied Sciences,Finland,3357,427,646,1302,310,564,108,390
Derzhavin Tambov State University,Russia,3354,297,682,801,120,906,548,391
Bennett College,United States,3352,602,852,549,170,753,426,392
University of TRIESTE,Italy,3345,491,335,1077,120,560,762,393
Tomsk State University of Architecture and Building,Russia,3343,909,515,375,390,649,505,394
Technische Universitat Dresden,Germany,3332,439,536,1077,275,586,419,395
Penza State University,Russia,3329,624,599,726,250,553,577,396
Feng Chia University,Taiwan,3309,409,697,624,171,793,615,397
Chienkuo Technology University,Taiwan,3308,524,641,1326,77,500,240,398
Corvinus University of Budapest,Hungary,3303,695,693,450,340,615,510,399
Scuola Normale Superiore di Pisa,Italy,3300,641,509,1002,230,751,167,400
Al-Aqsa University,Palestine,3294,807,708,249,150,862,518,401
Ludwig Maximilians Universitat Munchen,Germany,3292,1058,421,1026,50,549,188,402
Pontificia Universidade Catolica de Campinas,Brazil,3281,892,283,699,200,729,478,403
Kainan University,Taiwan,3280,671,496,801,290,561,461,404
University of Southern Brittany,France,3273,572,773,498,245,511,674,405
Saint Petersburg State University,Russia,3269,818,732,498,340,708,173,406
Universidad La Gran Colombia,Colombia,3261,239,811,951,125,755,380,407
Ukrainian Academy of Banking,Ukraine,3229,734,700,651,425,403,316,408
Minia University,Egypt,3222,685,595,300,140,556,946,409
Akhmet Yassawi University,Kazakhstan,3221,992,287,498,380,751,313,410
Universitas Jember,Indonesia,3219,637,869,498,85,533,597,411
Karabuk Universitesi,Turkey,3217,565,445,450,195,853,709,412
Politecnico Grancolombiano,Colombia,3189,567,316,1176,270,786,74,413
University of Miskolc,Hungary,3173,890,689,249,30,805,510,414
Indian Institute of Management Ahmedabad,India,3171,944,668,549,140,495,375,415
University of Texas Rio Grande Valley,United States,3170,658,336,525,165,865,621,416
Universitas Surabaya,Indonesia,3169,669,751,549,140,806,254,417
Universitat de les Illes Balears,Spain,3163,796,496,624,404,551,292,418
University at Bialystok,Poland,3158,821,398,849,400,453,237,419
University of Baghdad,Iraq,3156,480,488,324,485,603,776,420
Amman Arab University,Jordan,3151,558,764,975,350,251,253,421
Universitas Tanjungpura,Indonesia,3134,817,505,498,275,508,531,422
Odessa State Polytechnic University,Ukraine,3132,954,532,1050,220,252,124,423
North Carolina Central University,United States,3132,540,393,825,301,705,367,424
Universidad de La Laguna,Spain,3131,605,342,975,271,738,200,425
Hashemite University,Jordan,3125,1083,550,699,205,349,239,426
University of Crete,Greece,3124,807,486,999,230,399,203,427
Universidade Estadual de Maringa,Brazil,3120,751,298,975,350,349,397,428
Universitas Terbuka,Indonesia,3118,677,565,798,170,452,456,429
Stockholm University,Sweden,3116,658,222,1200,200,301,535,430
University of Tehran,Iran,3108,196,386,1152,200,751,423,431
Rezekne Higher School,Latvia,3097,353,1070,852,225,451,146,432
Universit degli Studi di Milano Bicocca,Italy,3097,536,520,498,60,860,623,433
Mykolas Romeris University,Lithuania,3084,821,313,798,200,402,550,434
International Islamic University Islamabad,Pakistan,3049,685,755,99,275,799,436,435
Kilis 7 Aralik University,Turkey,3022,379,677,825,150,852,139,436
Minin University,Russia,3018,792,412,699,105,737,273,437
Westminster College Fulton,United States,3014,774,512,675,325,579,149,438
Universitas Pembangunan Nasional Veteran Yogyakarta,Indonesia,3000,812,558,573,150,344,563,439
Universidad Centroamericana Jose Simeon Canas,Elsavador,3000,677,462,474,102,634,650,440
Universidad Tecnologica Metropolitana,Chile,2993,348,521,750,170,704,500,441
American University of Beirut,Lebanon,2983,281,265,924,245,750,518,442
Islamic Science University of Malaysia,Malaysia,2982,1035,407,600,140,481,319,443
University of Macedonia,Greece,2945,182,605,1101,105,806,146,444
Voronezh State Technical University,Russia,2939,826,273,699,140,456,545,445
Yogyakarta State University,Indonesia,2916,725,431,723,140,682,215,446
Mindanao State University Iligan Institute of Technology,Philippines,2907,519,635,600,75,408,670,447
Kyrgyz Turkish Manas University,Kyrgyzstan,2903,1010,185,474,145,853,236,448
Texas Southern University,United States,2891,811,195,726,425,459,275,449
Universidad de Medellin,Colombia,2889,783,441,549,245,256,615,450
Universitas Maritim Raja Ali Haji,Indonesia,2889,851,901,324,180,465,168,451
University of Education Winneba,Ghana,2881,684,660,375,470,606,86,452
Daffodil International University,Bangladesh,2879,567,461,99,660,667,425,453
Tamkang University,Taiwan,2863,604,427,498,220,400,714,454
Universitas Negeri Manado,Indonesia,2840,681,721,0,300,451,687,455
University of Sri Jayewardenepura,Sri Lanka,2829,375,524,573,320,400,637,456
University of Calcutta,India,2810,630,430,399,220,351,780,457
Gunadarma University,Indonesia,2766,579,708,825,125,351,178,458
Burapha University,Thailand,2758,791,124,324,115,1153,251,459
Guru Nanak Dev Engineering College,India,2755,768,798,249,120,682,138,460
Universidad Central de Venezuela,Venezuela,2751,471,523,249,290,701,517,461
Universitas Muhammadiyah Surakarta,Indonesia,2748,512,638,348,75,803,372,462
Polish Japanese Institute of Information Technology in Warsaw,Poland,2705,696,344,375,370,916,4,463
Selcuk Universitesi,Turkey,2685,374,263,876,50,950,172,464
Universidad de Jaen,Spain,2672,267,312,825,275,504,489,465
Instituto Politecnico de Santarem,Portugal,2653,557,517,675,30,400,474,466
Atma Jaya Yogyakarta University,Indonesia,2649,521,602,198,75,352,901,467
Government College of Engineering Pune,India,2646,701,893,399,215,402,35,468
Agricultural University of Cracow,Poland,2615,524,685,399,210,249,548,469
Universitas Negeri Malang,Indonesia,2603,723,512,423,330,404,211,470
University of Trnava,Slovenia,2587,471,650,801,0,301,364,471
Obudai Egyetem,Hungary,2585,405,698,699,150,405,228,472
Celal Bayar University,Turkey,2584,764,100,699,230,452,339,473
Indira Gandhi National Open University,India,2550,791,360,399,200,749,51,474
National Taiwan University of Arts,Taiwan,2516,292,109,951,250,533,381,475
Tadeusz Kosciuszko Cracow University of Technology,Poland,2506,1101,292,249,230,420,213,476
Universite Cadi Ayyad,Marocco,2499,526,191,249,190,699,644,477
Universidad Metropolitana Caracas,Venezuela,2476,730,540,699,95,251,160,478
Altai State Technical University,Russia,2474,324,241,249,180,705,775,479
Russian Presidential Academy of National Economy and Public Administration,Russia,2412,841,187,651,182,453,98,480
Dr Hari Singh Gour University Sagar University,India,2385,560,631,498,120,437,138,481
Universite de Valenciennes et du Hainaut Cambresis,France,2373,1039,101,300,230,479,224,482
Cyprus University of Technology,Cyprus,2335,322,346,498,32,717,419,483
Izmir University of Economics,Turkey,2331,517,543,498,90,603,80,484
Universitas Pancasila,Indonesia,2330,909,287,348,315,170,300,485
Panjab University,India,2287,367,318,399,170,464,569,486
Universitas Tarumanagara,Indonesia,2282,316,315,450,180,301,720,487
Universitas Pelita Harapan,Indonesia,2257,568,481,600,146,351,111,488
Universidad de Cartagena,Colombia,2223,379,349,324,0,558,613,489
Universitas Samudera,Indonesia,2208,795,882,99,120,251,61,490
Universita degli Studi di Macerata,Italy,2192,612,204,249,30,460,637,491
Universidade Federal de Pernambuco,Brazil,2191,722,250,249,275,551,144,492
Airlangga University,Indonesia,2186,352,124,576,40,670,424,493
Vidzeme University of Applied Sciences,Latvia,2173,331,91,774,273,555,149,494
Damascus University,Turkey,2154,358,84,549,200,557,406,495
Universidad Nacional del Sur,Argentina,2130,480,81,549,30,655,335,496
Polytechnic of Namibia,Namibia,2123,156,324,450,275,252,666,497
University of Karachi,Pakistan,2114,591,260,249,275,358,381,498
Universitas Islam Negeri Maulana Malik Ibrahim Malang,Indonesia,2089,161,637,300,0,455,536,499
Petra Christian University,Indonesia,2070,428,489,348,320,327,158,500
Universitas Negeri Padang,Indonesia,2070,305,214,324,330,363,534,501
Uzhhorod National University,Ukraine,2055,576,380,399,40,400,260,502
Thaksin University,Thailand,2037,178,455,399,46,514,445,503
University of South Africa,South Africa,2036,462,273,1251,0,50,0,504
University of Tlemcen,Algeria,2014,603,320,0,0,899,192,505
Universitas Lambung Mangkurat,Indonesia,1957,643,515,249,0,550,0,506
Universidad Autonoma del Caribe,Colombia,1925,495,92,249,42,789,258,507
Instituto Nacional de Antropologia e Historia,Mexico,1876,77,120,624,75,623,357,508
Universitas Islam Negeri Sumatera Utara Medan,Indonesia,1750,328,388,498,75,401,60,509
Universitas Khairun,Indonesia,1679,518,444,423,0,250,44,510
Astrakhan State University,Russia,1631,235,368,198,30,400,400,511
University of Latvia,Latvia,1603,1339,214,0,0,50,0,512
College of Management Academic Studies,Israel,1597,363,255,423,0,250,306,513
Russian State Vocational Pedagogical University,Russia,1505,332,160,249,75,481,208,514
Tra Vinh University,Vietnam,1048,433,340,225,0,50,0,515
Universidad Central de Nicaragua,Nicaragua,805,475,53,225,0,50,2,516
