﻿University,Country,Total Score,Setting & Infrastructure,Energy & Climate Change,Waste,Water,Transportation,Education & Research,Rank
Wageningen University & Research,Netherland,9075,1125,1800,1800,1000,1550,1800,1
University of Oxford,UK,9000,1200,1800,1800,1000,1625,1575,2
"University of California, Davis",USA,8850,1300,1650,1725,1000,1525,1650,3
University of Nottingham,UK,8750,1250,1525,1800,925,1525,1725,4
Nottingham Trent University,UK,8700,1200,1675,1800,700,1525,1800,5
Umwelt-Campus Birkenfeld (Trier University of Applied Sciences),Germany,8625,975,1775,1500,1000,1650,1725,6
Leiden University,Netherland,8475,650,1850,1725,1000,1750,1500,7
University of Groningen,Netherland,8475,925,1575,1800,1000,1525,1650,8
University College Cork,Ireland,8375,900,1750,1725,775,1650,1575,9
Bangor University,UK,8350,1025,1675,1725,425,1700,1800,10
University of Connecticut,USA,8325,1250,1350,1725,925,1425,1650,11
Dublin City University,Ireland,8275,925,1775,1725,900,1400,1550,12
University of Sussex,UK,8275,1050,1725,1725,1000,1275,1500,13
Universita di Bologna,Italy,8275,1100,1525,1650,625,1800,1575,14
University of Bradford,UK,8250,950,1875,1800,1000,1550,1075,15
Universitat Autonoma De Barcelona,Spain,8250,875,1850,1650,850,1475,1550,16
Weifang Institute of Technology,China,8225,1125,1950,1500,875,1500,1275,17
Universidade de Sao Paulo USP,Brazil,8225,1175,1550,1575,925,1525,1475,18
Universidad De Alcala,Spain,8200,1175,1800,1425,800,1350,1650,19
University of Limerick,Ireland,8200,1175,1700,1500,850,1325,1650,20
University of North Carolina Chapel Hill,USA,8200,1325,1350,1800,1000,1200,1525,21
UniversitÃ© de Sherbrooke,Canada,8175,1050,1725,1500,850,1475,1575,22
Freie Universitat Berlin,Germany,8125,1000,1675,1575,700,1550,1625,23
Keele University,UK,8075,1250,1650,1725,650,1300,1500,24
University of Warwick,UK,8075,1050,1575,1650,575,1575,1650,25
Universitat Bayreuth,Germany,8075,1075,1300,1800,850,1500,1550,26
Universitas Indonesia,Indonesia,8025,1050,1625,1500,825,1375,1650,27
Universiti Putra Malaysia,Malaysia,8000,1275,1550,1425,950,1525,1275,28
Universidade Federal de Lavras - UFLA,Brazil,7975,1250,1425,1425,750,1375,1750,29
Aalto University,Finland,7950,950,1425,1650,950,1400,1575,30
Czech University of Life Sciences Prague,Czech Republic,7925,825,1450,1725,1000,1125,1800,31
Delft University of Technology Tu Delft,Netherland,7925,1100,1425,1650,725,1375,1650,32
Shinshu University,Japan,7900,1100,1425,1725,550,1450,1650,33
Universiti Malaya,Malaysia,7900,1100,1100,1500,1000,1475,1725,34
Carleton University,Canada,7850,1025,1475,1500,775,1500,1575,35
Leuphana Universitat Luneburg,Germany,7825,500,2025,1725,625,1400,1550,36
National Pingtung University of Science & Technology,Chinese Taipei,7800,1200,1400,1275,900,1475,1550,37
RUDN University,Russia,7800,1150,1375,1500,775,1650,1350,38
University of Southern Denmark,Denmark,7775,900,1625,1575,1000,1350,1325,39
Bogor Agricultural University,Indonesia,7775,1400,1200,1425,575,1475,1700,40
Universita degli Studi di Torino,Italy,7750,650,1875,1425,700,1450,1650,41
Universidad AutÃ³noma De Occidente,Colombia,7725,925,1475,1725,875,1200,1525,42
Western Michigan University,USA,7725,1375,1475,1275,850,1375,1375,43
King Abdulaziz University,Saudi Arabia,7700,1050,1675,1575,800,1275,1325,44
National Chi Nan University,Chinese Taipei,7675,1325,1350,1425,750,1475,1350,45
Universitat Bremen,Germany,7625,950,1475,1350,925,1475,1450,46
Universitas Gadjah Mada,Indonesia,7625,900,1300,1500,875,1375,1675,47
University of Zanjan,Iran,7625,1225,1125,1500,1000,1150,1625,48
Universidad del Rosario,Colombia,7600,925,1625,1575,700,1500,1275,49
Diponegoro University,Indonesia,7600,750,1575,1350,950,1225,1750,50
McMaster University,Canada,7600,1075,1525,1500,850,1225,1425,51
Universidad Autonoma De Nuevo Leon,Mexico,7600,925,1425,1425,750,1425,1650,52
Universidad Nacional de Colombia,Colombia,7600,1050,1300,1425,800,1525,1500,53
Istanbul Technical University,Turkey,7600,1050,1150,1575,800,1425,1600,54
Universidade do Minho,Portugal,7575,975,1525,1650,700,1150,1575,55
UNSW Sydney,Australia,7575,950,1450,1575,800,1225,1575,56
FundaciÃ³n Universidad del Norte Barranquilla,Colombia,7575,925,1275,1650,1000,1150,1575,57
Universiti Malaysia Sabah (UMS),Malaysia,7575,1175,1250,1275,925,1375,1575,58
Institut Teknologi Sepuluh Nopember,Indonesia,7550,975,1350,1275,925,1225,1800,59
Washington University Saint Louis,USA,7550,1025,1325,1500,925,1375,1400,60
Universidad de Bogota Jorge Tadeo Lozano,Colombia,7525,875,1800,1275,650,1425,1500,61
York University,Canada,7525,1200,1550,1425,750,1225,1375,62
Aalborg University,Denmark,7500,625,1875,1800,775,1125,1300,63
Universiti Utara Malaysia,Malaysia,7500,1225,1200,1125,750,1525,1675,64
Universidad Autonoma de Puebla,Mexico,7475,875,1400,1650,850,1350,1350,65
Trent University,Canada,7475,1125,1175,1800,600,1150,1625,66
University of Eastern Finland,Finland,7450,500,1600,1800,1000,1125,1425,67
Chaoyang University of Technology,Chinese Taipei,7450,925,1475,1500,825,1275,1450,68
Da-Yeh University,Chinese Taipei,7450,900,1325,1500,775,1275,1675,69
National Yunlin University of Science & Technology,Chinese Taipei,7425,1275,1300,1425,750,1425,1250,70
Universitas Negeri Semarang,Indonesia,7400,1050,1475,1125,800,1450,1500,71
University at Albany,USA,7400,950,1250,1500,850,1350,1500,72
Universidade Positivo,Brazil,7375,975,1850,1575,875,775,1325,73
University of Szeged,Hungary,7375,1200,1150,1650,800,1375,1200,74
Mahidol University,Thailand,7350,1100,1175,1125,1000,1475,1475,75
Universiti Malaysia Pahang,Malaysia,7350,1000,900,1350,850,1525,1725,76
Nanhua University Taiwan,Chinese Taipei,7300,1275,1075,1575,850,1475,1050,77
Inseec U,France,7275,225,1425,1800,1000,1100,1725,78
"George Emil Palade University of Medicine, Pharmacy, Science, and Technology of Targu Mures",Romania,7275,800,1400,1425,650,1500,1500,79
University of Campinas â€“ UNICAMP,Brazil,7275,900,1200,1575,850,1275,1475,80
Kasetsart University,Thailand,7275,1000,1150,1350,850,1350,1575,81
Universiti Teknologi Malaysia,Malaysia,7275,1300,1075,1125,550,1500,1725,82
University of Lincoln,UK,7250,750,1450,1425,850,1500,1275,83
Chulalongkorn University,Thailand,7250,750,1350,1425,625,1400,1700,84
University of A CoruÃ±a,Spain,7225,875,1475,1425,775,1250,1425,85
University of Ottawa,Canada,7225,900,1300,1275,800,1550,1400,86
Hame University of Applied Sciences,Finland,7200,1150,1500,1350,700,1050,1450,87
Universidad Autonoma De Madrid,Spain,7175,1050,1525,1425,625,825,1725,88
Glasgow Caledonian University,UK,7150,75,1650,1800,700,1650,1275,89
Universidad de Oviedo,Spain,7150,1100,1500,1275,700,1425,1150,90
De La Salle University - Dasmarinas,Philippines,7125,750,1475,1575,775,1125,1425,91
Universidad Rey Juan Carlos,Spain,7125,800,1400,1575,600,1300,1450,92
Universitat De Girona,Spain,7075,750,1525,1425,775,1175,1425,93
Universidad de Navarra,Spain,7075,900,1450,1650,550,1350,1175,94
Riga Technical University,Latvia,7075,725,1425,1425,675,1500,1325,95
Universitas Sebelas Maret,Indonesia,7050,775,1450,1275,850,1275,1425,96
Maynooth University,Ireland,7050,875,1400,1650,800,1200,1125,97
Tampere University of Technology,Finland,7050,900,1100,1725,850,1350,1125,98
UniversitÃ Ca' Foscari Venezia,Italy,7025,475,1400,1350,650,1500,1650,99
University of PÃ©cs,Hungary,7025,975,1325,1500,675,1425,1125,100
Universita degli Studi di Milano-Bicocca,Italy,7025,450,1250,1800,725,1525,1275,101
Universiti Tunku Abdul Rahman,Malaysia,7025,1075,1050,1125,750,1350,1675,102
Politecnico di Torino,Italy,7000,225,1650,1575,600,1400,1550,103
"ITESO, Universidad Jesuita de Guadalajara",Mexico,7000,775,1525,1425,950,950,1375,104
Universita degli Studi dell'Aquila,Italy,6975,900,1575,1425,825,1050,1200,105
Al-Balqa Applied University,Jordan,6975,1125,1300,1050,550,1500,1450,106
Luiss University,Italy,6950,750,1975,1275,450,1325,1175,107
"California State University, Sacramento",USA,6950,725,1250,1350,850,1125,1650,108
Universitas Islam Indonesia,Indonesia,6925,650,1400,1050,800,1275,1750,109
UniversitÃ degli Studi di Genova,Italy,6900,1125,1500,1350,625,1150,1150,110
Ukrainian National Forestry University,Ukraine,6900,1000,1125,1050,650,1275,1800,111
UniversitÃ degli Studi di Salerno,Italy,6825,575,1450,1725,450,1125,1500,112
Universitat PolitÃ¨cnica de ValÃ¨ncia,Spain,6800,500,1250,1650,575,1250,1575,113
Universiti Teknikal Malaysia Melaka,Malaysia,6775,1225,1300,1050,550,1300,1350,114
Politecnico Di Milano,Italy,6750,450,1225,1725,300,1500,1550,115
Holy Spirit University of Kaslik (USEK),Lebanon,6725,750,1500,1200,500,1250,1525,116
Kafrelsheikh University,Egypt,6725,625,1350,1275,675,1225,1575,117
Universidad Nacional Autonoma de Mexico,Mexico,6725,850,1275,1350,775,1175,1300,118
National Taipei University of Technology,Chinese Taipei,6700,950,1250,1050,850,1125,1475,119
Gordon College,USA,6700,1100,975,1500,850,1175,1100,120
Notre Dame University - Louaize,Lebanon,6675,775,1400,1425,675,1025,1375,121
Universitat de Valencia,Spain,6675,500,1200,1575,550,1300,1550,122
University of Kashan,Iran,6650,1050,1500,1125,700,1250,1025,123
Yuan Ze University,Chinese Taipei,6650,825,1275,1275,650,975,1650,124
Manipal Academy of Higher Education,India,6650,1100,1150,975,900,1400,1125,125
Kansai University,Japan,6650,900,925,1425,700,1475,1225,126
Asia University Taiwan,Chinese Taipei,6625,1125,1200,975,750,1250,1325,127
Teesside University,UK,6600,275,1850,1425,700,1075,1275,128
Modul University,Austria,6600,600,1575,1725,500,1150,1050,129
Greifswald University,Germany,6575,675,1500,1425,675,1200,1100,130
Universidad de Sonora,Mexico,6575,1200,1300,975,700,1225,1175,131
American University in Cairo,Egypt,6575,950,1250,1050,950,1025,1350,132
Perm National Research Polytechnic University,Russia,6550,925,1550,1050,500,1225,1300,133
National Cheng Kung University,Chinese Taipei,6550,850,1275,1050,700,1325,1350,134
Telkom University,Indonesia,6550,775,1250,1350,700,1325,1150,135
Erciyes University,Turkey,6550,1100,1200,900,750,1175,1425,136
Universidad Tecnologica de Pereira,Colombia,6550,825,1075,1200,875,1250,1325,137
Princess Nourah Bint Abdulrahman University,Saudi Arabia,6500,1025,1200,1200,950,1225,900,138
Tilburg University,Netherland,6500,825,925,1275,900,1450,1125,139
Dhurakij Pundit University,Thailand,6475,925,1350,1050,700,1175,1275,140
Costa Rica Institute of Technology,Costa Rica,6475,850,1200,1350,625,1225,1225,141
Universitas Padjadjaran,Indonesia,6475,675,1175,1350,725,1150,1400,142
Universidad El Bosque,Colombia,6450,525,1550,1125,750,1200,1300,143
Universidad Miguel Hernandez,Spain,6450,875,1200,1050,775,1200,1350,144
Universiti Sains Malaysia,Malaysia,6450,800,1125,1050,625,1325,1525,145
Tzu Chi University,Chinese Taipei,6450,900,975,1275,700,1325,1275,146
Universidad de Caldas,Colombia,6450,900,975,1575,725,1225,1050,147
Lincoln University,New Zealand,6450,1025,750,1200,700,1200,1575,148
Centro Universitario do Rio Grande do Norte UNI-RN,Brazil,6425,850,1400,1125,875,1000,1175,149
Daffodil International University,Bangladesh,6425,700,1350,1200,750,1375,1050,150
Naresuan University,Thailand,6425,1000,1050,1200,825,1075,1275,151
Universidad EAFIT,Colombia,6375,625,1450,1200,675,900,1525,152
Slippery Rock University,USA,6375,1075,1350,1125,850,925,1050,153
Universidad de los Andes Colombia,Colombia,6375,725,1075,1350,700,1350,1175,154
National Chung Hsing University,Chinese Taipei,6375,1050,1000,1350,775,975,1225,155
"Adam Mickiewicz University, Pozna?",Poland,6375,1150,875,1425,625,975,1325,156
Wentworth Institute of Technology,USA,6350,675,1475,1425,600,1200,975,157
King Mongkut 's University of Technology Thonburi,Thailand,6350,700,1325,975,650,1275,1425,158
Siam University,Thailand,6350,450,1150,1350,750,1350,1300,159
National Taitung University,Chinese Taipei,6350,950,1075,1350,750,1100,1125,160
King Mongkuts University of Technology North Bangkok,Thailand,6350,1225,975,750,825,1450,1125,161
Universidade Federal de Vicosa - UFV,Brazil,6325,1025,1450,825,675,1200,1150,162
University of Babylon,Iraq,6325,950,1250,975,600,1375,1175,163
I-Shou University,Chinese Taipei,6325,725,1200,1500,825,1075,1000,164
Ton Duc Thang University,Vietnam,6325,900,1000,1125,725,1150,1425,165
Mae Fah Luang University,Thailand,6300,1275,1100,900,625,1300,1100,166
Middle East Technical University,Turkey,6300,1075,1050,1125,525,1325,1200,167
Pontificia Universidad Javeriana-Bogota,Colombia,6275,625,1300,1125,450,1425,1350,168
Universidad CES,Colombia,6275,825,1300,1050,750,1200,1150,169
Universitat Rovira i Virgili,Spain,6275,800,1150,1575,350,1050,1350,170
Universitat De Barcelona,Spain,6275,625,1000,1575,625,1100,1350,171
Universitas Islam Negeri Raden Intan Lampung,Indonesia,6250,950,1450,1125,650,1250,825,172
Ozyegin University,Turkey,6250,775,1300,1200,600,1175,1200,173
"Royal Holloway, University of London",UK,6250,675,1125,1275,650,1475,1050,174
Miami University,USA,6250,1225,1000,1200,375,1100,1350,175
Universidad De Santander,Colombia,6225,850,1350,1275,600,1150,1000,176
Chang Jung Christian University,Chinese Taipei,6225,775,1175,1425,500,975,1375,177
Mangalore University,India,6175,975,1400,825,675,1175,1125,178
Siberian Federal University,Russia,6175,975,1375,750,500,1225,1350,179
Suranaree University of Technology,Thailand,6175,1250,1175,825,750,975,1200,180
National Chin-Yi University of Technology,Chinese Taipei,6175,625,1050,1200,600,1050,1650,181
Maejo University,Thailand,6175,1350,1050,825,600,1250,1100,182
UiTM SHAH ALAM,Malaysia,6175,700,875,1500,1000,750,1350,183
Stockholm School of Economics,Sweden,6150,500,1225,1350,725,1300,1050,184
UniversitÃ di Trieste,Italy,6150,525,1075,1800,725,1000,1025,185
National Pingtung University,Chinese Taipei,6150,925,1000,1125,575,1375,1150,186
Phetchaburi Rajabhat University,Thailand,6150,800,875,1200,775,1200,1300,187
Fo Guang University,Chinese Taipei,6150,950,875,1350,750,1250,975,188
Universitas Muhammadiyah Yogyakarta,Indonesia,6125,725,1450,975,775,1150,1050,189
Ben-Gurion University of the Negev,Israel,6125,575,1225,1275,825,800,1425,190
Universidad Autonoma Metropolitana,Mexico,6125,875,1050,1200,750,825,1425,191
University of Cyprus,Republic of Cyprus,6125,875,975,1425,800,1150,900,192
Hochschule Fur Nachhaltige Entwicklung Eberswalde,Germany,6100,750,1450,975,475,1075,1375,193
Universidad de JaÃ©n,Spain,6100,675,1325,1050,625,1150,1275,194
Universidade de Vigo,Spain,6100,850,1250,1275,625,1125,975,195
Universidad De Antioquia,Colombia,6100,550,1250,1125,750,1125,1300,196
Rajamangala University of Technology Thanyaburi (RMUTT),Thailand,6100,700,1150,1125,675,1275,1175,197
University of Guilan,Iran,6100,1125,1100,750,500,1125,1500,198
Universiy of Kufa,Iraq,6100,950,1100,1125,825,925,1175,199
Tunghai University,Chinese Taipei,6100,925,1075,1050,750,1275,1025,200
Providence University,Chinese Taipei,6100,975,975,1200,575,1175,1200,201
University of Debrecen,Hungary,6100,600,775,1500,525,1400,1300,202
Universidad De Castilla La Mancha,Spain,6075,825,1375,1050,450,950,1425,203
Universidad Icesi,Colombia,6075,850,1225,975,575,1250,1200,204
Universita degli Studi di Bari Aldo Moro,Italy,6075,750,1125,1125,725,1200,1150,205
Escuela Superior PolitÃ©cnica De Chimborazo,Ecuador,6075,925,875,1275,500,1225,1275,206
University of Isfahan,Iran,6075,1225,825,975,700,1300,1050,207
Sumy State University,Ukraine,6050,950,1450,750,600,1100,1200,208
Universidad de Manizales,Colombia,6050,925,1350,1350,400,1050,975,209
University of Maribor,Slovenia,6050,575,1275,1200,450,1150,1400,210
Universidad Iberoamericana Puebla,Mexico,6050,925,1175,1125,800,975,1050,211
Swedish University of Agricultural Sciences,Sweden,6050,875,1050,1125,350,925,1725,212
Universitas Multimedia Nusantara,Indonesia,6025,575,1500,1200,900,950,900,213
Tel Aviv University,Israel,6000,350,1550,1050,550,1175,1325,214
Stavropol State Agrarian University,Russia,6000,300,1450,1200,650,1200,1200,215
Al-Farabi Kazakh National University,Kazakhstan,6000,1050,1300,600,500,975,1575,216
Escuela Superior Politecnica del Litoral,Ecuador,6000,925,825,1275,650,1250,1075,217
Universitat de Vic - Universitat Central de Catalunya,Spain,5975,525,1550,1275,625,975,1025,218
Universidad Autonoma De Yucatan,Mexico,5975,675,1500,900,775,625,1500,219
Cyprus International University,Turkey,5975,850,1400,975,575,1200,975,220
Tra Vinh University,Vietnam,5975,900,1250,825,750,1250,1000,221
Benha University,Egypt,5950,1025,1275,975,525,950,1200,222
Voronezh State University,Russia,5950,650,1025,1275,500,1225,1275,223
Irkutsk State Agrarian University named after A.A. Ezhevsky,Russia,5950,950,1000,675,525,1350,1450,224
Universidad Santiago de Cali,Colombia,5925,650,1500,1350,750,550,1125,225
Universitat Jaume I,Spain,5925,850,1100,1125,725,1125,1000,226
Aksaray University,Turkey,5925,900,1025,1575,150,1225,1050,227
Pontificia Universidade Catolica Do Rio De Janeiro Puc-rio,Brazil,5925,950,725,1125,625,1450,1050,228
Katholische Universitat Eichstatt-ingolstadt,Germany,5900,850,1500,1050,100,1200,1200,229
Universidade de Aveiro,Portugal,5900,550,1450,1200,525,1075,1100,230
University of San Francisco,USA,5900,575,1175,1275,575,1050,1250,231
De La Salle University Manila,Philippines,5900,650,1125,1350,550,925,1300,232
Mahasarakham University,Thailand,5900,1025,900,900,500,1225,1350,233
University of Ontario Institute of Technology,Canada,5875,875,1300,1200,850,625,1025,234
"Instituto Federal de EducaÃ§Ã£o, CiÃªncia e Tecnologia do Sul de Minas Gerais",Brazil,5875,825,1225,975,675,1125,1050,235
Srinakharinwirot University,Thailand,5875,775,1150,975,575,1500,900,236
University of Agriculture Faisalabad,Pakistan,5875,900,1050,675,750,1200,1300,237
Universidade Federal De Mato Grosso Do Sul,Brazil,5875,425,1000,1500,850,1125,975,238
Jordan University of Science and Technology,Jordan,5875,1250,900,825,750,1425,725,239
Birzeit University,Palestine,5850,800,1450,900,575,875,1250,240
International University of Business Agriculture and Technology,Bangladesh,5825,600,1325,975,600,1200,1125,241
American University of Beirut,Lebanon,5825,675,1150,1125,700,1025,1150,242
S R M University (Institute of Science and Technology),India,5825,550,975,1200,900,1250,950,243
EÃ¶tvÃ¶s LorÃ¡nd University Budapest,Hungary,5825,925,800,1425,350,1025,1300,244
Universidad de Valladolid,Spain,5800,800,1525,825,475,1125,1050,245
Al-Zaytoonah University of Jordan (zuj),Jordan,5800,925,1325,825,600,1075,1050,246
Gdansk University of Technology,Poland,5800,925,1250,1350,150,1100,1025,247
Wilfrid Laurier University,Canada,5800,375,1125,1350,350,950,1650,248
Universidad EIA,Colombia,5800,775,1025,1200,700,1100,1000,249
Universitas Sumatera Utara,Indonesia,5800,800,925,1275,775,1075,950,250
University of Petra,Jordan,5775,725,1225,1050,950,825,1000,251
Universidad Pontificia Bolivariana,Colombia,5750,675,1225,1050,425,1100,1275,252
Kalasalingam University,India,5750,875,1025,900,450,1300,1200,253
Zonguldak Bulent Ecevit University,Turkey,5750,975,975,975,450,1400,975,254
Airlangga University,Indonesia,5750,875,875,900,650,1325,1125,255
Al-Ahliyya Amman University,Jordan,5725,625,1350,975,800,1175,800,256
Brawijaya University,Indonesia,5725,575,1250,900,600,950,1450,257
Universita degli Studi di Ferrara,Italy,5725,475,1050,1500,400,925,1375,258
Ege University,Turkey,5725,875,975,1050,500,1275,1050,259
Universidade do Vale do Itajai UNIVALI,Brazil,5700,975,1075,1125,375,975,1175,260
UniversitÃ degli Studi di Perugia,Italy,5700,775,925,1275,700,975,1050,261
Northeastern University,Thailand,5700,1100,900,675,650,1225,1150,262
Yildiz Technical University,Turkey,5675,875,1100,900,500,1250,1050,263
Universidad del Valle,Colombia,5675,1000,775,1200,450,1075,1175,264
Chiba University,Japan,5675,975,725,1125,450,975,1425,265
Institucion Universitaria Politecnico Grancolombiano,Colombia,5650,725,1325,1125,625,950,900,266
Metropolia University of Applied Sciences,Finland,5650,375,1225,1425,650,925,1050,267
Universidad Internacional del Ecuador,Ecuador,5650,1275,800,1500,725,825,525,268
National Institute of Development Administration,Thailand,5650,825,725,975,525,1250,1350,269
University of Ioannina,Greece,5625,1275,1250,1200,300,750,850,270
Mehran University of Engineering & Technology,Pakistan,5625,1050,1100,675,425,1100,1275,271
University of Kelaniya,Sri Lanka,5625,675,1000,1350,700,875,1025,272
Indian Institute of Information Technology and Management Gwalior,India,5625,775,950,1200,475,1125,1100,273
Technische UniversitÃ¤t Kaiserslautern (TUK),Germany,5625,775,775,1650,350,1175,900,274
Politeknik Merlimau Melaka,Malaysia,5625,900,750,1425,600,900,1050,275
Universidad CatÃ³lica De Oriente,Colombia,5625,1000,675,1050,650,875,1375,276
Loyola Marymount University,USA,5600,650,1200,1125,725,925,975,277
Universidad de IbaguÃ©,Colombia,5600,1000,1125,1125,625,925,800,278
Minin University,Russia,5600,750,1025,1275,450,1300,800,279
East Stroudsburg University,USA,5600,1275,825,1200,700,850,750,280
Universiti Kebangsaan Malaysia,Malaysia,5600,1100,600,1050,525,1125,1200,281
Hitit University,Turkey,5575,900,1175,1350,200,1325,625,282
Universidad Autonoma de Chiapas,Mexico,5575,1325,800,1050,450,875,1075,283
Western Kentucky University,USA,5525,625,1150,1125,600,1075,950,284
Universita degli Studi di Brescia,Italy,5525,450,1100,1350,250,1400,975,285
University of Lucerne,Switzerland,5500,300,1200,1350,700,1300,650,286
University of Alabama Birmingham,USA,5500,675,1025,900,650,1050,1200,287
Universidad de Ciencias Aplicadas y Ambientales UDCA,Colombia,5500,725,750,1350,775,650,1250,288
Universidad Autonoma Del Estado De Mexico,Mexico,5500,700,675,1350,625,1025,1125,289
Akdeniz University,Turkey,5500,1050,675,1125,450,1225,975,290
ISCTE Instituto Universitario de Lisboa,Portugal,5475,350,1200,1350,350,1100,1125,291
Universita degli Studi della Tuscia,Italy,5475,975,1100,900,350,1175,975,292
Cukurova University,Turkey,5475,1325,925,450,250,1350,1175,293
University of Sharjah,United Arab Emirates,5475,850,900,975,925,925,900,294
Pir Mehr Ali Shah Arid Agriculture University Rawalpindi,Pakistan,5475,925,675,675,800,1250,1150,295
Ming Chi University of Technology,Chinese Taipei,5475,1200,625,1275,500,800,1075,296
British Columbia Institute of Technology,Canada,5450,300,1600,1500,625,850,575,297
Orel State University named after I.S.Turgenev,Russia,5450,550,1175,750,725,1000,1250,298
Chiang Mai University,Thailand,5450,775,1150,675,525,1200,1125,299
Universidad de Las Palmas de Gran Canaria,Spain,5450,375,1125,1200,775,775,1200,300
Universidad Santo Tomas,Colombia,5425,450,1425,900,425,1000,1225,301
S. Toraighyrov Pavlodar State lJniversity,Kazakhstan,5425,1100,1250,375,300,1175,1225,302
Universitas Medan Area,Indonesia,5425,775,1075,975,450,1025,1125,303
Atyrau State University,Kazakhstan,5400,750,1350,450,575,1250,1025,304
Afyon Kocatepe University,Turkey,5400,775,1225,1050,100,1525,725,305
Universidad Militar Nueva Granada,Colombia,5400,425,1100,975,550,975,1375,306
Pontificia Universidade Catolica Do Rio Grande Do Sul Pucrs,Brazil,5400,1050,1050,900,575,850,975,307
HungKuang University,Chinese Taipei,5375,375,1325,975,650,1125,925,308
Northwest Missouri State University / Missouri Arboretum,USA,5375,975,1200,1200,725,625,650,309
Universidad Del Cauca,Colombia,5375,675,1075,975,550,1275,825,310
"Muahmmad Nawaz Shareef University of Agriculture, Multan",Pakistan,5375,825,1025,900,450,975,1200,311
University of Illinois Springfield,USA,5375,975,850,1350,600,1000,600,312
Universidade Federal Do TriÃ¢ngulo Mineiro UFTM,Brazil,5375,875,800,1425,475,825,975,313
University of Hradec Kralove,Czech Republic,5350,575,1125,1200,350,1350,750,314
University of Baghdad,Iraq,5350,1100,725,600,500,1325,1100,315
Babes Bolyai University,Romania,5350,825,725,750,300,1600,1150,316
Russian State Agrarian University - Moscow Timiryazev Agricultural Academy,Russia,5350,1250,325,675,550,1300,1250,317
Universidad Pontificia Comillas,Spain,5325,275,1100,1125,650,950,1225,318
Universita degli Studi di Padova,Italy,5325,800,1100,1125,400,1025,875,319
University of Jordan,Jordan,5325,900,1100,750,450,950,1175,320
"Guru Jambheshwar University of Science and Technology,Hisar, Haryana",India,5325,1100,900,825,650,1250,600,321
Alexandria University,Egypt,5325,1025,650,750,525,1100,1275,322
Aix Marseille University,France,5300,500,1150,1050,350,850,1400,323
Sabanci University,Turkey,5300,1050,1050,1200,625,625,750,324
University of Malta,Malta,5275,375,1325,1350,375,800,1050,325
Universidad Nacional Abierta y a Distancia Colombia,Colombia,5275,375,1200,975,500,900,1325,326
The University of Lahore,Pakistan,5275,575,1050,750,550,1225,1125,327
Universidad De Medellin,Colombia,5275,825,975,825,500,1175,975,328
Universita della Calabria,Italy,5275,1000,900,1200,250,1050,875,329
University College of Agroscience Malaysia,Malaysia,5275,1175,575,675,650,1075,1125,330
"University of South Asia, Lahore, Pakistan",Pakistan,5250,650,1300,675,475,1200,950,331
Tomsk Polytechnic University,Russia,5250,925,1250,750,250,950,1125,332
Al-Aqsa University,Palestine,5250,525,1125,825,550,1100,1125,333
Nakhon Si Thammarat Rajabhat University,Thailand,5250,875,1100,900,600,775,1000,334
Thammasat University,Thailand,5250,875,1075,975,475,1050,800,335
Thaksin University,Thailand,5250,650,1050,750,850,1050,900,336
University of Texas Rio Grande Valley,USA,5250,350,1025,750,825,875,1425,337
Shinawatra University,Thailand,5250,1075,875,1050,500,1075,675,338
Pontificia Universidad Catolica De Chile,Chile,5250,675,875,900,500,1175,1125,339
Universidade Federal de Itajuba,Brazil,5250,950,850,900,525,1250,775,340
Ondokuz Mayis University,Turkey,5250,925,800,900,575,1125,925,341
Qassim University,Saudi Arabia,5250,750,600,900,950,1125,925,342
Universitas Lampung,Indonesia,5225,700,1275,900,525,850,975,343
Kazakh National Agrarian University,Kazakhstan,5225,725,1225,900,250,1175,950,344
An-Najah National University,Palestine,5225,675,875,1050,850,1000,775,345
Oranim College of Education,Israel,5225,1200,700,1200,550,700,875,346
Olds College,Canada,5200,775,1000,1425,650,600,750,347
Bartin University,Turkey,5200,850,875,975,500,1100,900,348
Universidade Federal do Rio Grande do Sul - UFRGS,Brazil,5200,1025,875,900,425,1075,900,349
Universidad De Guadalajara,Mexico,5175,675,1225,750,300,950,1275,350
Instituto Politecnico De Viana Do Castelo,Portugal,5175,975,1100,825,450,975,850,351
Estonian University of Life Sciences,Estonia,5175,825,450,1050,400,950,1500,352
Universita Degli Studi Roma Tre,Italy,5150,525,1350,900,350,1025,1000,353
Universita degli Studi di Roma La Sapienza,Italy,5150,775,1225,900,475,1100,675,354
Yogyakarta State University,Indonesia,5150,425,1150,900,450,1325,900,355
Universidad AutÃ³noma Del Estado De Hidalgo,Mexico,5150,600,1100,1050,500,625,1275,356
Universidad de Zaragoza,Spain,5150,600,1075,975,400,1050,1050,357
Alzahra University,Iran,5150,550,975,1050,250,1200,1125,358
Hashemite University,Jordan,5150,625,950,900,750,875,1050,359
Pontificia Universidad CatÃ³lica Del PerÃº,Peru,5150,575,875,1350,100,775,1475,360
Universidade Federal de Santa Catarina,Brazil,5150,750,800,1350,300,825,1125,361
Universite De Rennes 1,France,5150,725,600,1200,100,900,1625,362
Petrozavodsk State University,Russia,5125,925,1175,450,350,1150,1075,363
University of Anbar,Iraq,5125,1050,1000,450,700,1025,900,364
Perm State University,Russia,5125,675,900,1125,500,1175,750,365
Gandhi Institute of Technology and Management,India,5125,825,875,675,575,950,1225,366
SSM Institute of Engineering and Technology,India,5125,950,750,600,600,1175,1050,367
Ankara University,Turkey,5125,1200,700,675,525,925,1100,368
Pontificia Universidad Javeriana Cali,Colombia,5125,525,550,1275,575,1225,975,369
Universidade De Santiago De Compostela,Spain,5100,375,1350,900,300,775,1400,370
Universidad Tecnica Federico Santa Maria,Chile,5100,500,1225,750,550,850,1225,371
Universidad de Salamanca,Spain,5100,500,1175,900,425,1000,1100,372
Universita IUAV di Venezia,Italy,5100,500,950,975,575,1000,1100,373
National University of Uzbekistan / Ozbekiston Milliy Univesiteti,Uzbekistan,5100,650,650,900,450,1500,950,374
University Politechnica of Bucharest,Romania,5075,875,1225,675,250,725,1325,375
Universidad Centroamericana Jose Simeon Canas,El Salvador,5075,750,1100,975,625,600,1025,376
Universiti Malaysia Perlis,Malaysia,5075,625,825,825,700,1000,1100,377
National University of Sciences and Technology,Pakistan,5075,625,700,825,550,1325,1050,378
University of Hildesheim,Germany,5050,725,1225,1125,450,850,675,379
UniversitÃ degli Studi di Udine,Italy,5050,850,800,1125,550,725,1000,380
Chettinad Academy of Research and Education,India,5025,1100,1125,750,0,1175,875,381
National Institute of Technology Rourkela,India,5025,900,925,975,700,600,925,382
Valahia University of Targoviste,Romania,5000,775,1325,600,325,850,1125,383
Al-mustaqbal University College,Iraq,5000,800,1150,750,700,975,625,384
Universita Politecnica delle Marche,Italy,5000,250,1150,1050,1000,650,900,385
Don State Technical University,Russia,5000,800,1050,750,225,1425,750,386
Universidad Politecnica del Carchi,Ecuador,5000,1050,1000,900,0,1225,825,387
University of Warith Alanbiyaa,Iraq,5000,1000,850,825,425,850,1050,388
Ferdowsi University of Mashhad,Iran,5000,1075,775,600,300,1125,1125,389
Universidad Autonoma De Tamaulipas,Mexico,5000,525,725,900,350,925,1575,390
Walailak University,Thailand,4975,725,925,900,500,1000,925,391
Cappadocia University,Turkey,4975,650,650,1125,200,1275,1075,392
Hochschule Anhalt,Germany,4950,700,1400,1125,475,725,525,393
Shepherd University,USA,4950,1025,1300,825,425,750,625,394
Universidade Estadual De Londrina,Brazil,4950,925,1125,1050,425,750,675,395
National University of Science and Technology Misis (Moscow Institute of Steel and Alloys),Russia,4950,275,1100,675,475,1325,1100,396
Altai State University,Russia,4950,725,875,900,500,1050,900,397
Universidade Federal Fluminense,Brazil,4950,875,850,825,400,1000,1000,398
University of Veterinary and Pharmaceutical Sciences Brno,Czech Republic,4950,625,700,1500,550,1100,475,399
Shahrood University of Technology,Iran,4925,825,950,600,650,1000,900,400
Almaty University of Power Engineering and Telecommunications named after Gumarbek Daukeyev,Kazakhstan,4925,525,900,525,575,1150,1250,401
National Institute of Technology Hamirpur,India,4925,925,800,825,800,825,750,402
Universiti Malaysia Terengganu,Malaysia,4925,900,725,825,800,875,800,403
Shanghai Jian Qiao University,China,4900,750,1100,1050,400,1025,575,404
Senac ServiÃ§o Nacional De Aprendizagem Comercial Departamento Nacional,Brazil,4900,475,1050,1050,575,1025,725,405
University of Mauritius,Mauritius,4900,750,1000,675,450,1100,925,406
Universitas Riau,Indonesia,4900,675,900,825,300,1025,1175,407
University of Phayao,Thailand,4900,775,875,750,325,700,1475,408
Uman National University of Horticulture,Ukraine,4900,1050,825,600,475,875,1075,409
University of Bahrain,Bahrain,4900,600,700,825,450,1000,1325,410
Sukkur IBA University,Pakistan,4875,625,1225,600,600,1175,650,411
Derzhavin Tambov State University,Russia,4875,575,925,525,200,1350,1300,412
Volgograd State University,Russia,4850,500,1075,900,500,850,1025,413
Universidad de Pamplona,Colombia,4850,775,925,825,350,825,1150,414
Razi University Kermanshah,Iran,4850,975,925,675,600,775,900,415
Sri Sri University,India,4850,925,875,675,450,975,950,416
Hatyai University,Thailand,4850,1200,775,600,250,825,1200,417
Institute of Technology Bandung,Indonesia,4850,375,675,1125,625,1075,975,418
Poltava National Technical Yuri Kondratyuk University,Ukraine,4850,825,650,525,550,1000,1300,419
Pascual Bravo University,Colombia,4825,525,1300,1125,350,850,675,420
Karaganda State Technical University,Kazakhstan,4825,925,925,525,500,800,1150,421
Universitas Teuku Umar,Indonesia,4800,750,1075,975,450,775,775,422
Ternopil National Economy University,Ukraine,4800,650,1000,675,125,1075,1275,423
Saratov State University,Russia,4800,600,725,750,175,1125,1425,424
Instituto TecnolÃ³gico de Toluca,Mexico,4775,475,950,1050,500,650,1150,425
Universidad De Alicante,Spain,4775,725,900,975,625,750,800,426
University of Mohaghegh Ardabili,Iran,4775,700,750,825,450,925,1125,427
Universitas Bengkulu,Indonesia,4750,550,1100,975,325,525,1275,428
Universidad Nacional de San Martin Argentina,Argentina,4750,900,1075,375,200,1325,875,429
Universidade Federal Do Rio De Janeiro,Brazil,4750,1000,975,450,500,975,850,430
University of Arkansas at Little Rock,USA,4750,575,525,900,925,1225,600,431
Azerbaijan State University of Economics (UNEC),Azerbaijan,4725,475,975,1050,450,950,825,432
Institut Teknologi Sumatera,Indonesia,4725,850,900,750,575,875,775,433
"Islamic Azad University, Science and Research Branch (srbiau)",Iran,4725,1200,900,900,200,725,800,434
PontifÃ­cia Universidade CatÃ³lica Do ParanÃ¡,Brazil,4725,1250,725,975,425,750,600,435
Hasanuddin University,Indonesia,4700,825,1100,450,550,600,1175,436
Yeditepe University,Turkey,4700,725,1050,900,350,825,850,437
Saurashtra University,India,4700,975,1050,825,300,800,750,438
University of Tehran,Iran,4700,300,925,675,450,1250,1100,439
KREA University,India,4675,725,1225,975,550,600,600,440
Imam Abdulrahman Bin Faisal University,Saudi Arabia,4675,525,950,900,850,575,875,441
Universitas Bangka Belitung,Indonesia,4675,875,900,525,450,1000,925,442
King Mongkuts Institute of Technology Ladkrabang,Thailand,4675,900,750,450,450,1175,950,443
Universitas Halu Oleo,Indonesia,4675,1000,700,525,500,900,1050,444
Universitas Negeri Medan,Indonesia,4650,875,975,750,400,825,825,445
Azerbaijan University of Architecture and Construction,Azerbaijan,4650,750,950,825,400,1000,725,446
Voronezh State University of Forestry and Technologies named after G.F. Morozov,Russia,4650,1075,875,900,150,550,1100,447
Indian Institute of Management Ahmedabad,India,4650,975,675,825,575,1000,600,448
American University of Sharjah,United Arab Emirates,4650,375,600,900,350,1250,1175,449
UniversitÃ Degli Studi di Modena e Reggio Emilia,Italy,4650,600,575,1350,50,825,1250,450
Universitas Pancasila,Indonesia,4625,475,950,900,500,850,950,451
Indonesia University of Education,Indonesia,4625,400,925,750,225,1125,1200,452
Arak University,Iran,4625,775,925,450,500,1150,825,453
Universitas Syiah Kuala,Indonesia,4625,1150,800,675,75,900,1025,454
State University of Land Use Planning,Russia,4600,550,1175,600,150,925,1200,455
Andalas University,Indonesia,4600,1000,925,750,250,475,1200,456
Universidad del QuindÃ­o,Colombia,4600,625,900,750,475,1250,600,457
National Taipei University of Education,Chinese Taipei,4600,575,850,1275,500,725,675,458
Pranakhon Si Ayutthaya Rajabhat University,Thailand,4600,700,425,900,450,925,1200,459
Dokuz Eylul University,Turkey,4575,900,825,600,500,925,825,460
Al Muthanna University,Iraq,4575,525,675,600,550,975,1250,461
Ariel University,Israel,4550,425,950,1050,550,900,675,462
Universitas Islam Negeri Walisongo Semarang,Indonesia,4550,725,900,600,200,1000,1125,463
Universidad del Magdalena,Colombia,4550,900,850,450,600,850,900,464
Anadolu University,Turkey,4550,850,675,1500,350,800,375,465
European University Cyprus,Republic of Cyprus,4525,550,1200,975,350,825,625,466
Universitas Katolik Indonesia Atma Jaya,Indonesia,4525,750,1000,600,400,875,900,467
Inonu University Malatya,Turkey,4525,800,975,825,450,950,525,468
University of Al-Qadisiyah,Iraq,4525,750,950,600,550,875,800,469
Universitas Sam Ratulangi,Indonesia,4525,850,800,525,450,1000,900,470
Universiti Tun Hussein Onn Malaysia,Malaysia,4525,575,775,600,600,1100,875,471
International Islamic University Malaysia,Malaysia,4525,725,750,825,500,850,875,472
South Valley University,Egypt,4500,575,950,975,425,550,1025,473
PontifÃ­cia Universidade CatÃ³lica De Campinas,Brazil,4500,825,925,600,500,725,925,474
Indian Institute of Technology Roorkee,India,4500,725,900,600,150,1100,1025,475
Silpakorn University,Thailand,4500,675,850,750,400,925,900,476
Canadian Memorial Chiropractic College,Canada,4500,650,800,1275,550,900,325,477
"University of Central Punjab, Lahore",Pakistan,4500,675,750,900,450,875,850,478
Federal University of Alfenas,Brazil,4500,950,575,900,575,800,700,479
University of Oradea,Romania,4475,550,1150,1200,400,725,450,480
Universidad De Vina Del Mar,Chile,4475,500,1025,1050,450,925,525,481
Winthrop University,USA,4475,825,925,750,550,650,775,482
Kansas State University,USA,4475,675,650,825,500,1125,700,483
Sivas Cumhuriyet University,Turkey,4475,950,475,825,550,1050,625,484
Maykop State Technological University,Russia,4450,950,1325,675,450,600,450,485
Politecnico Di Bari,Italy,4450,300,1075,675,350,1050,1000,486
Universidad Tecnologica de Bolivar,Colombia,4450,900,1000,375,450,975,750,487
Universidad La Gran Colombia,Colombia,4450,1150,900,825,450,425,700,488
Bu Ali Sina University Hamedan,Iran,4450,900,725,675,350,1000,800,489
National Chiao Tung University,Chinese Taipei,4450,525,300,1200,600,700,1125,490
Budapest Business School,Hungary,4425,525,1250,825,600,625,600,491
TOBB University of Economy and Technology,Turkey,4425,650,1125,750,650,550,700,492
Universidad Austral De Chile,Chile,4425,600,1000,750,250,1000,825,493
Sergo Ordzhonikidze Russian State University For Geological Prospecting (MGRI),Russia,4425,700,875,675,375,1025,775,494
University of Agricultural Sciences and Veterinary Medicine of Cluj-Napoca,Romania,4425,1050,375,1200,200,1025,575,495
Istanbul Sabahattin Zaim University,Turkey,4400,525,1150,975,100,1125,525,496
Madonna University,USA,4400,1050,1025,975,300,600,450,497
Hasselt University,Belgium,4400,475,800,975,425,800,925,498
Kakatiya University,India,4400,675,750,600,525,950,900,499
University of Peradeniya,Sri Lanka,4400,825,650,675,500,1050,700,500
University of Wisconsin Parkside,USA,4400,950,375,900,525,975,675,501
Institute of Business Management,Pakistan,4375,375,1025,900,500,825,750,502
Bow Valley College,Canada,4375,325,1025,1200,375,775,675,503
Tokat Gaziosmanpasa University,Turkey,4375,825,850,675,400,1025,600,504
Unitec New Zealand,New Zealand,4375,825,750,750,425,675,950,505
Rajamangala University of Technology Isan,Thailand,4375,1025,500,600,500,875,875,506
Universidade Federal De Sao Carlos,Brazil,4375,1225,0,1125,250,275,1500,507
London Metropolitan University,UK,4350,75,1475,1425,250,550,575,508
University of Diyala,Iraq,4350,300,1275,675,450,1025,625,509
Iqra University,Pakistan,4350,250,1100,675,625,950,750,510
University of Sindh Jamshoro,Pakistan,4350,900,925,450,450,1025,600,511
Rostov State Trasport University,Russia,4350,750,775,525,425,1075,800,512
Bogazici University,Turkey,4350,875,675,675,350,800,975,513
Khwaja Fareed University of Engineering and Information Technology,Pakistan,4325,1100,1050,450,300,950,475,514
Voronezh State Technical University,Russia,4325,500,800,900,450,700,975,515
University of Kragujevac,Serbia,4325,550,800,600,425,900,1050,516
Shiraz University,Iran,4325,850,775,600,450,750,900,517
Mutah University,Jordan,4325,850,625,750,500,725,875,518
Russian State Pedagogical University AI Herzen,Russia,4300,500,825,1200,250,800,725,519
Rambhai Barni Rajabhat University,Thailand,4300,1025,750,450,325,600,1150,520
Skyline College,USA,4300,700,750,975,525,725,625,521
University of Tennessee Martin,USA,4300,1000,425,975,350,600,950,522
Ean University,Colombia,4275,150,950,975,450,725,1025,523
University of Jeddah,Saudi Arabia,4275,825,925,600,625,700,600,524
DÃ¼zce University,Turkey,4275,850,825,450,250,1125,775,525
Universitas Budi Luhur,Indonesia,4275,550,825,750,325,950,875,526
Universidad Catolica de Pereira,Colombia,4275,900,625,1050,325,675,700,527
Universitas Surabaya,Indonesia,4275,425,625,975,450,975,825,528
Universidade Federal Do Ceara,Brazil,4275,1050,300,675,325,800,1125,529
Islamic Azad University Khorasgan Isfahan,Iran,4250,625,1050,450,450,925,750,530
Universidad Popular De La Chontalpa,Mexico,4250,550,975,1050,325,550,800,531
Soochow University Taiwan,Chinese Taipei,4250,750,750,975,350,700,725,532
Polytechnic of Mersing,Malaysia,4250,550,725,825,525,950,675,533
Wasit University,Iraq,4225,1175,900,225,800,825,300,534
Amirkabir University of Technology,Iran,4225,450,875,900,375,850,775,535
Marmara University,Turkey,4225,575,575,900,100,1175,900,536
University of Macedonia,Greece,4200,300,1125,1200,200,700,675,537
Bharathiar University,India,4200,550,1125,450,325,900,850,538
Universidad Metropolitana Caracas,Venezuela,4200,900,925,600,475,550,750,539
Irkutsk National Research Technical University,Russia,4200,950,875,525,325,700,825,540
"Laucala Campus, University of the South Pacific",Fiji,4200,725,725,975,200,725,850,541
Narxoz University,Kazakhstan,4200,875,450,450,200,1250,975,542
Georgia College & State University,USA,4200,700,425,1050,600,775,650,543
University of Pardubice,Czech Republic,4175,475,950,900,425,675,750,544
Universitas Pembangunan Nasional Veteran Yogyakarta,Indonesia,4175,825,775,525,250,600,1200,545
Russian State University of Tourism and Service (moscow University of Service),Russia,4175,1075,700,675,350,1075,300,546
CCS Haryana Agricultural University,India,4175,775,700,675,500,525,1000,547
Universidad de Cordoba Colombia,Colombia,4175,800,625,600,200,850,1100,548
Universidad Industrial de Santander,Colombia,4175,650,550,825,350,1025,775,549
The University of The West Indies,Trinidad and Tobago,4150,625,950,525,400,675,975,550
Rider University,USA,4150,550,775,750,400,775,900,551
Jacksonville University,USA,4150,1225,650,675,250,700,650,552
Islamic University of Gaza,Palestine,4125,650,1350,450,125,850,700,553
NED University of Engineering & Technology,Pakistan,4125,550,900,450,750,675,800,554
Islamic University,Iraq,4100,475,1100,825,575,775,350,555
Valaya Alongkorn Rajabhat University Under the Royal Patronage,Thailand,4100,625,875,675,375,700,850,556
Universite De Sousse,Tunisia,4100,775,750,375,575,925,700,557
Ubon Ratchathani Rajabhat University,Thailand,4075,525,1175,675,250,400,1050,558
Akhmet Yassawi University,Kazakhstan,4075,600,1150,450,250,800,825,559
Universitas Mataram,Indonesia,4075,700,1100,900,200,500,675,560
NFC Institute of Engineering and Technology,Pakistan,4075,625,975,600,375,950,550,561
Immanuel Kant Baltic Federal University,Russia,4075,825,900,525,300,700,825,562
Penza State University,Russia,4075,675,850,300,300,1050,900,563
University of Balochistan,Pakistan,4075,650,825,525,375,725,975,564
Xavier University Ateneo De Cagayan,Philippines,4050,375,950,1050,500,600,575,565
Rubtsovsk Institute (branch) of Altai State University,Russia,4050,550,900,600,475,600,925,566
Mindanao State University Iligan Institute of Technology,Philippines,4050,650,850,600,75,1025,850,567
Universidad Tecnologica de Panama,Panama,4050,900,600,750,250,500,1050,568
Universidad Central De Venezuela,Venezuela,4050,800,575,375,350,700,1250,569
Universitas Terbuka,Indonesia,4050,850,500,750,525,950,475,570
Universitas Pattimura,Indonesia,4050,1125,125,450,450,400,1500,571
New Jersey City University,USA,4025,375,975,750,150,1175,600,572
West University of Timisoara,Romania,4025,575,925,450,250,1075,750,573
Ataturk University,Turkey,4025,950,900,975,0,900,300,574
Universidad Catolica Andres Bello,Venezuela,4025,800,800,825,375,325,900,575
Galatasaray University,Turkey,4025,300,650,1500,200,1075,300,576
Al-kitab University,Iraq,4025,775,600,300,525,550,1275,577
Kyrgyz Turkish Manas University,Kyrgyzstan,4025,875,150,675,200,800,1325,578
University of Sri Jayewardenepura,Sri Lanka,4000,525,1075,525,275,550,1050,579
Universidad Sergio Arboleda,Colombia,4000,200,800,975,450,925,650,580
Dibrugarh University,India,4000,1125,800,675,100,550,750,581
UniversitÃ Degli Studi Gabriele D'Annunzio Chieti e Pescara,Italy,4000,575,750,975,0,425,1275,582
Bashkir State University,Russia,4000,575,700,750,150,875,950,583
Tecnologico de Monterrey,Mexico,3975,375,1025,450,325,725,1075,584
Tomsk State University of Architecture and Building,Russia,3975,775,800,825,375,525,675,585
Slovak University of Agriculture in Nitra,Slovakia,3975,500,650,900,300,825,800,586
Sharif University of Technology,Iran,3975,325,625,450,250,1050,1275,587
Nakhon Ratchasima Rajabhat University,Thailand,3950,375,975,600,175,550,1275,588
Ateneo de Davao University,Philippines,3950,350,875,675,575,775,700,589
V. N. Karazin Kharkiv National University,Ukraine,3950,750,700,1125,100,650,625,590
Al-Furat Al-Awsat Technical University,Iraq,3950,775,525,450,425,875,900,591
Universitas Maritim Raja Ali Haji,Indonesia,3925,975,1325,525,300,250,550,592
Universidad Tecnica del Norte,Ecuador,3925,475,975,450,350,825,850,593
Baskent University,Turkey,3925,850,800,675,400,750,450,594
Taipei Medical University,Chinese Taipei,3925,325,650,900,450,925,675,595
SÃ¼leyman Demirel Ãœniversitesi,Turkey,3925,850,650,825,100,600,900,596
Universidad de La Laguna,Spain,3900,200,1000,600,350,700,1050,597
University of Engineering & Technology Lahore,Pakistan,3900,475,900,525,450,900,650,598
Benazir Bhutto Shaheed University of Technology & Skill Development,Pakistan,3900,925,850,450,350,750,575,599
Westminster College Fulton,USA,3900,575,750,600,450,725,800,600
Kadir Has University,Turkey,3900,950,650,375,225,975,725,601
Kostanay State Pedagogical University,Kazakhstan,3900,300,400,450,525,1175,1050,602
Juraj Dobrila University of Pula,Croatia,3875,700,925,975,200,475,600,603
State University of Maringa,Brazil,3875,775,375,825,350,475,1075,604
University of Miskolc,Hungary,3850,300,1025,450,100,700,1275,605
Universitat de les Illes Balears,Spain,3850,500,850,600,500,550,850,606
Kto Karatay University,Turkey,3850,325,825,525,275,1075,825,607
University of Malakand,Pakistan,3850,600,800,600,650,700,500,608
Bolu Abant Izzet Baysal University (BAIBU),Turkey,3850,800,575,975,200,625,675,609
Kohat University of Science & Technology,Pakistan,3825,1200,1025,375,200,675,350,610
"National Institute of Technology Karnataka, Surathkal",India,3825,725,850,750,350,700,450,611
Yazd University,Iran,3825,1125,500,675,350,875,300,612
Gorno Altaisk State University,Russia,3825,425,500,750,275,900,975,613
Universitas Esa Unggul,Indonesia,3800,600,650,525,425,775,825,614
Cankaya University,Turkey,3775,850,900,375,300,800,550,615
University of Tabriz,Iran,3775,1125,875,375,375,525,500,616
Eskisehir Technical University,Turkey,3775,800,650,900,300,725,400,617
Universitas Islam Negeri Maulana Malik Ibrahim Malang,Indonesia,3750,800,925,0,200,600,1225,618
Rezekne Academy of Technologies,Latvia,3750,450,850,975,325,475,675,619
Ni?de Ã–mer Halisdemir University,Turkey,3750,375,475,450,500,925,1025,620
University of 17 Agustus 1945 Surabaya,Indonesia,3725,375,1125,900,450,500,375,621
UniversitÃ degli Studi del Piemonte Orientale,Italy,3725,150,775,750,250,975,825,622
Middle Technical University (MTU),Iraq,3725,575,775,525,550,750,550,623
Universita degli Studi di Firenze,Italy,3725,500,425,1125,200,875,600,624
Pacific Union College,USA,3725,700,300,1125,675,150,775,625
Mustansiriyah University,Iraq,3700,750,875,375,325,575,800,626
Universitas Nasional,Indonesia,3700,725,825,600,50,300,1200,627
Kharkiv National University of Radio Electronics,Ukraine,3675,250,1000,600,150,925,750,628
Tadeusz Kosciuszko Cracow University of Technology,Poland,3675,525,900,675,100,650,825,629
Moscow State University of Civil Engineering,Russia,3675,850,650,375,50,900,850,630
Lobachevsky State University of Nizhny Novgorod,Russia,3675,300,350,450,450,700,1425,631
University of Crete,Greece,3625,725,800,675,0,725,700,632
Universidad De San Carlos De Guatemala,Guatemala,3625,600,650,750,75,1025,525,633
Rajamangala University of Technology Rattanakosin,Thailand,3625,650,550,375,375,850,825,634
Cyprus University of Technology,Republic of Cyprus,3575,450,900,600,225,400,1000,635
Applied Science University,Bahrain,3550,475,925,600,350,575,625,636
Bilkent University,Turkey,3550,775,225,675,300,1275,300,637
Namal Institute,Pakistan,3525,850,1050,75,0,950,600,638
Tver State University,Russia,3525,375,750,600,350,550,900,639
Daugavpils University,Latvia,3525,450,750,450,200,550,1125,640
Universidade Federal de Sao Paulo UNIFESP,Brazil,3525,250,625,750,450,525,925,641
IAIN Samarinda,Indonesia,3500,450,1375,0,550,300,825,642
Tanta University,Egypt,3500,200,700,300,225,900,1175,643
Universidad Catolica Del Norte,Chile,3500,275,575,525,150,1125,850,644
Imam Ja'afar Al-Sadiq University,Iraq,3475,450,825,75,500,725,900,645
Universita di Macerata (Universita degli Studi di Macerata),Italy,3475,250,800,675,0,750,1000,646
University of Alkafeel,Iraq,3450,825,1150,150,525,425,375,647
Astrakhan State Technical University,Russia,3450,825,575,300,250,500,1000,648
Universitas Negeri Manado,Indonesia,3425,525,950,0,300,450,1200,649
Universiti Sains Islam Malaysia,Malaysia,3425,800,250,375,200,825,975,650
University of Trnava,Slovakia,3400,475,1125,750,0,425,625,651
Shaheed Benazir Bhutto Women University Peshawar Pakistan,Pakistan,3375,750,825,375,0,1075,350,652
Azerbaijan State Agricultural University,Azerbaijan,3375,800,625,150,350,1150,300,653
Al-Kunooze University College,Iraq,3350,425,700,450,250,700,825,654
Saint-Peterburg State Forest Technical University,Russia,3325,425,975,525,250,375,775,655
"Instituto Federal de EducaÃ§Ã£o, CiÃªncia e Tecnologia do Rio Grande do Norte (IFRN)",Brazil,3325,800,825,225,450,350,675,656
Universitas Internasional Semen Indonesia,Indonesia,3325,800,525,450,250,550,750,657
Universitas Negeri Padang,Indonesia,3275,0,850,900,350,450,725,658
University of Peshawar,Pakistan,3275,575,575,450,200,800,675,659
UniversitÃ© de Monastir,Tunisia,3250,375,725,450,325,625,750,660
Universidad de los Hemisferios,Ecuador,3250,1250,700,225,0,675,400,661
Burapha University,Thailand,3250,975,125,450,175,850,675,662
Kazakhstan Engineering and Technological University,Kazakhstan,3225,225,950,450,250,450,900,663
Dow University of Health Sciences Karachi,Pakistan,3225,500,450,225,800,1175,75,664
Politeknik Negeri Jakarta,Indonesia,3200,650,950,75,675,525,325,665
Al-Kut University College,Iraq,3200,1150,325,450,425,475,375,666
I?d?r Ãœniversitesi,Turkey,3175,775,650,225,550,650,325,667
Universitas Negeri Surabaya,Indonesia,3175,1050,350,375,450,425,525,668
University of the Philippines Cebu,Philippines,3150,650,600,525,0,775,600,669
Al-iraqia University,Iraq,3100,350,925,0,250,875,700,670
Universidad Biblica de las Americas,USA,3100,475,750,525,350,550,450,671
Al-Karkh University of Science,Iraq,3100,800,700,150,100,450,900,672
Uzhhorod National University,Ukraine,3100,600,650,525,100,500,725,673
Universitas Muhammadiyah Prof Dr Hamka,Indonesia,3100,425,650,300,150,750,825,674
The National University of Ostroh Academy,Ukraine,3100,350,325,375,500,500,1050,675
Moscow State University of Food Production,Russia,3075,625,575,375,550,475,475,676
Kilis 7 Aralk University,Turkey,3075,525,450,675,150,800,475,677
"Balochistan University of Information Technology, Engineering & Management Sciences",Pakistan,3050,800,775,75,0,1025,375,678
Guru Nanak Dev Engineering College,India,3025,925,775,450,175,550,150,679
Zanjan University of Medical Sciences and Health Services,Iran,2975,300,525,525,250,800,575,680
University of Education Winneba,Ghana,2950,275,925,300,525,600,325,681
Saurashtra University,India,2950,1050,400,150,0,575,775,682
University At Bialystok,Poland,2925,325,675,525,450,325,625,683
North Ossetian State University,Russia,2900,775,650,225,0,575,675,684
Chuvash State Pedagogical University,Russia,2900,1075,625,375,0,400,425,685
Jawaharlal Institute of Postgraduate Medical Education & Research,India,2875,475,1075,300,125,750,150,686
University of Karachi,Pakistan,2875,525,675,600,325,425,325,687
Lahore University of Management Sciences,Pakistan,2850,375,975,375,325,475,325,688
University of Galati,Romania,2825,425,725,450,0,725,500,689
University of Tourism and Management in Skopje,Republic of Macedonia,2800,600,650,300,200,575,475,690
"Bahauddin Zakariya University, Multan Pakistan",Pakistan,2800,375,575,450,425,600,375,691
Southern Technical University,Iraq,2800,750,500,0,375,650,525,692
Izmir University of Economics,Turkey,2800,600,500,450,100,700,450,693
Swedish Defence University,Sweden,2775,75,675,600,300,750,375,694
Prince Sattam bin Abdulaziz University,Saudi Arabia,2775,525,650,0,500,875,225,695
Universiti Pendidikan Sultan Idris,Malaysia,2775,375,475,525,350,500,550,696
Al-Ayen University,Iraq,2725,325,875,150,0,525,850,697
Integral University,India,2725,375,650,150,150,725,675,698
Shaheed Benazir Bhutto University Shaheed Benazirabad Sindh,Pakistan,2725,650,650,75,0,1125,225,699
University of Mosul,Iraq,2700,900,650,75,0,700,375,700
Ivan Franko National University of Lviv,Ukraine,2700,900,650,150,0,475,525,701
Universidad AutÃ³noma De Coahuila,Mexico,2700,300,475,225,200,775,725,702
Yugra State University,Russia,2700,600,425,300,0,700,675,703
Amman Arab University,Jordan,2675,600,775,525,75,475,225,704
Universitas Kuningan,Indonesia,2675,425,650,300,200,275,825,705
Universitas PGRI Ronggolawe,Indonesia,2650,300,675,150,150,600,775,706
University of Manouba,Tunisia,2650,475,525,375,150,425,700,707
Telafer University,Iraq,2650,850,300,150,225,525,600,708
University of Fallujah,Iraq,2625,725,650,300,300,425,225,709
Universitas Muria Kudus,Indonesia,2625,850,400,375,50,250,700,710
University of Kerbala,Iraq,2600,650,600,375,0,750,225,711
Al-Mustafa University College,Iraq,2575,325,875,300,250,600,225,712
Karakoram International University,Pakistan,2550,400,675,150,150,625,550,713
University of Kirkuk,Iraq,2550,400,425,225,0,700,800,714
Universidad Autonoma De La Ciudad De Mexico,Mexico,2550,450,425,300,200,950,225,715
Al-Turath University College,Iraq,2525,625,925,0,50,425,500,716
Universitas Negeri Malang,Indonesia,2525,275,825,600,200,325,300,717
President University,Indonesia,2525,75,525,375,0,725,825,718
"Hazara University Mansehra, Khyber Pakhtunkhwa (KP) Pakistan",Pakistan,2500,400,650,0,0,750,700,719
Universitas Muhammadiyah Surakarta,Indonesia,2475,75,1175,0,100,850,275,720
Foundation University,Philippines,2475,150,1025,300,100,500,400,721
University of Kwazulu Natal,South Africa,2475,450,550,525,125,325,500,722
Universitas Samudera,Indonesia,2475,650,375,150,200,425,675,723
Al-Farabi University College,Iraq,2450,725,550,300,0,375,500,724
Al Akhawayn University in Ifrane,Morocco,2450,250,375,375,375,600,475,725
Universidad de Cartagena,Colombia,2425,75,475,300,75,950,550,726
Al-Ameed University,Iraq,2400,425,275,450,250,475,525,727
University of Thi-qar,Iraq,2375,525,750,375,0,425,300,728
Universitas Lambung Mangkurat,Indonesia,2375,575,650,225,0,300,625,729
Tomas Bata University,Czech Republic,2375,225,350,750,200,475,375,730
InstituiÃ§Ã£o Toledo De Ensino,Brazil,2350,225,850,75,400,0,800,731
Al-qalam University College,Iraq,2350,475,725,300,50,350,450,732
Rajabhat Maha Sarakham University,Thailand,2300,250,700,225,250,500,375,733
"Rubtsov industrial Institute (branch) of the Federal state budgetary educational institution of higher professional education "" Altai state technical University named after I. I. Polzunov""",Russia,2350,225,400,525,0,475,725,734
Sekolah Tinggi Manajemen Ipmi,Indonesia,2275,425,325,450,200,275,600,735
Ural State Forest Engineering University,Russia,2225,0,475,450,250,600,450,736
University of Dhaka,Bangladesh,2225,825,425,150,50,400,375,737
Vologda State University,Russia,2200,225,600,525,50,275,525,738
Bacha Khan University Charsadda,Pakistan,2175,275,575,150,75,500,600,739
Air University,Pakistan,2175,350,525,0,0,475,825,740
University of Basrah,Iraq,2175,375,500,525,0,550,225,741
Universite Abou Bekr Belkaid Tlemcen,Algeria,2150,275,450,0,0,675,750,742
Alsafwa University College,Iraq,2150,525,200,450,250,175,550,743
Technical And Vocational University,Iran,2125,450,775,75,200,475,150,744
Universidad Autonoma Del Caribe,Colombia,2125,525,225,525,325,0,525,745
Universitas Khairun,Indonesia,2100,350,750,525,200,100,175,746
Universitas Islam Negeri Sumatera Utara Medan,Indonesia,2100,200,725,375,125,375,300,747
Universitas Pendidikan Ganesha,Indonesia,2075,275,675,75,100,175,775,748
Sekolah Tinggi Teknik Malang,Indonesia,2025,150,1175,75,150,300,175,749
Universidad Central De Nicaragua,Nicaragua,2025,350,875,75,50,350,325,750
Politeknik Negeri Malang,Indonesia,2000,400,950,0,50,275,325,751
Institut Agama Islam Negeri Ponorogo,Indonesia,2000,525,675,75,0,725,0,752
"University of Baltistan, Skardu",Pakistan,1975,700,300,225,150,375,225,753
University of Mostar,Bosnia and Herzegovina,1950,300,225,600,0,600,225,754
Budapest Metropolitan University,Hungary,1925,525,500,375,0,400,125,755
Aga Khan University,Pakistan,1925,450,500,450,325,200,0,756
American University In Bulgaria,Bulgaria,1925,200,350,225,100,750,300,757
Ahl Al Bayt University,Iraq,1900,575,575,150,100,375,125,758
Northern Technical University,Iraq,1900,250,450,0,150,825,225,759
Medical University - Sofia,Bulgaria,1900,325,300,375,200,475,225,760
Jabir ibn Hayyan Medical University,Iraq,1775,625,500,225,0,425,0,761
Pakistan Institute of Fashion and Design,Pakistan,1700,375,425,300,250,200,150,762
Tamil Nadu Dr M G R Medical University,India,1650,75,600,375,350,250,0,763
Institut Kesenian Jakarta - LPKJ,Indonesia,1625,725,275,375,0,175,75,764
Ibn Sina University of Medical and Pharmaceutical Sciences,Iraq,1575,425,600,0,0,250,300,765
Universitas Kristen Indonesia,Indonesia,1575,850,425,0,0,75,225,766
Akademi Teknik Telekomunikasi Sandhy Putra Jakarta,Indonesia,1550,575,150,300,100,225,200,767
Russian State Social University,Russia,1475,475,150,225,0,0,625,768
Madenat Al-elem University College,Iraq,1300,600,600,0,0,100,0,769
BRI Instittute,Indonesia,1175,400,300,75,0,175,225,770
Prince of Songkla University Phuket Campus,Thailand,1175,1025,150,0,0,0,0,771
Virtual University of Pakistan,Pakistan,1125,75,150,0,0,725,175,772
University of Education,Pakistan,1100,550,150,0,0,325,75,773
Al-Qasim Green University,Iraq,1050,125,75,0,50,75,725,774
University of Applied Science and Technology,Iran,1025,75,150,450,50,300,0,775
Basrah University College,Iraq,975,125,350,0,0,350,150,776
"International Islamic University, Islamabad",Pakistan,900,225,300,0,75,150,150,777
Universidad Peruana Cayetano Heredia,Peru,875,150,175,300,0,100,150,778
Shah Abdul Latif University,Pakistan,825,400,50,0,0,150,225,779
University of Information Technology and Communications,Iraq,550,150,250,0,0,150,0,780
