﻿University,Country,Total Score,Setting & Infrastructure,Energy & Climate Change,Waste,Water,Transportation,Education & Research,Rank
Wageningen University & Research,Netherlands,9300,1325,1825,1800,1000,1600,1750,1.0
Nottingham Trent University,United Kingdom,9175,1300,1975,1800,850,1500,1750,2.0
University of Nottingham,United Kingdom,9175,1375,1700,1800,1000,1650,1650,3.0
University of Groningen,Netherlands,9160,1325,1635,1800,1000,1750,1650,4.0
"University of California, Davis",USA,9150,1375,1775,1800,1000,1450,1750,5.0
Umwelt-Campus Birkenfeld (Trier University of Applied Sciences),Germany,9125,1175,1975,1575,950,1700,1750,6.0
University College Cork,Ireland,9075,1250,1800,1725,1000,1600,1700,7.0
University of Connecticut,USA,9075,1400,1550,1725,1000,1650,1750,8.0
Universitat Bremen,Germany,9050,1300,1775,1650,900,1700,1725,9.0
Universidade de Sao Paulo USP,Brazil,9050,1400,1600,1725,950,1700,1675,10.0
Universita di Bologna,Italy,9050,1325,1550,1725,900,1800,1750,11.0
Leiden University,Netherlands,9025,925,1950,1800,1000,1750,1600,12.0
University of Southern Denmark,Denmark,9025,1100,1825,1800,1000,1600,1700,13.0
Dublin City University,Ireland,9005,1130,1875,1800,1000,1500,1700,14.0
Universidad Autónoma de Nuevo León,Mexico,8975,1375,1625,1725,850,1650,1750,15.0
Université de Sherbrooke,Canada,8965,1225,1765,1725,1000,1525,1725,16.0
Hame University of Applied Sciences,Finland,8950,1325,1700,1725,1000,1525,1675,17.0
Leuphana Universitat Luneburg,Germany,8900,1075,1875,1725,850,1650,1725,18.0
Luiss University,Italy,8875,1175,1925,1575,850,1650,1700,19.0
Politecnico di Torino,Italy,8875,800,1775,1800,1000,1700,1800,20.0
University of Pécs,Hungary,8830,1230,1675,1725,900,1600,1700,21.0
Universita degli Studi di Torino,Italy,8825,1175,1825,1575,900,1550,1800,22.0
University of Limerick,Ireland,8825,1300,1725,1650,900,1550,1700,23.0
Universitas Indonesia,Indonesia,8800,1175,1875,1575,950,1425,1800,24.0
Universiti Putra Malaysia,Malaysia,8800,1275,1700,1575,850,1625,1775,25.0
RUDN University,Russia,8785,1275,1610,1800,850,1650,1600,26.0
National Pingtung University of Science & Technology,Chinese Taipei,8775,1400,1575,1575,900,1600,1725,27.0
Universidad del Rosario,Colombia,8760,1135,1750,1725,900,1675,1575,28.0
Universitas Diponegoro,Indonesia,8750,1150,1725,1500,900,1675,1800,29.0
Universita degli Studi dell'Aquila,Italy,8750,1250,1650,1725,850,1500,1775,30.0
Universidad Complutense De Madrid,Spain,8725,1100,1900,1800,1000,1500,1425,31.0
Universidad de Alcalá,Spain,8700,1225,2025,1575,850,1475,1550,32.0
Weifang Institute of Technology,China,8700,1375,1850,1650,800,1600,1425,33.0
Universitas Gadjah Mada,Indonesia,8700,1300,1725,1425,850,1600,1800,34.0
IPB University,Indonesia,8685,1350,1460,1575,900,1625,1775,35.0
University of Warwick,United Kingdom,8675,1200,1700,1650,750,1625,1750,36.0
Universidade Federal de Lavras - UFLA,Brazil,8675,1400,1650,1500,950,1375,1800,37.0
King Abdulaziz University,Saudi Arabia,8660,1375,1635,1650,900,1425,1675,38.0
University of Eastern Finland,Finland,8650,925,1850,1800,1000,1400,1675,39.0
Kasetsart University,Thailand,8650,1175,1675,1575,900,1600,1725,40.0
Institut Teknologi Sepuluh Nopember,Indonesia,8650,1325,1600,1575,900,1450,1800,41.0
Universitas Negeri Semarang,Indonesia,8625,1250,1775,1500,900,1500,1700,42.0
Universitas Sebelas Maret,Indonesia,8625,1175,1725,1650,850,1425,1800,43.0
National Chi Nan University,Chinese Taipei,8600,1400,1625,1575,850,1525,1625,44.0
Czech University of Life Sciences Prague,Czech Republic,8600,1100,1600,1725,950,1450,1775,45.0
Mahidol University,Thailand,8585,1160,1600,1575,950,1675,1625,46.0
Istanbul Technical University,Turkey,8585,1275,1535,1575,900,1575,1725,47.0
Universidad Autónoma de Occidente,Colombia,8575,1175,1675,1800,1000,1300,1625,48.0
Carleton University,Canada,8575,1075,1625,1800,1000,1500,1575,49.0
Universiti Malaya,Malaysia,8560,1350,1235,1800,1000,1425,1750,50.0
Universitat Autònoma de Barcelona,Spain,8550,1100,1900,1725,850,1425,1550,51.0
Lincoln University,New Zealand,8550,1325,1425,1575,800,1700,1725,52.0
Universiti Malaysia Sabah (UMS),Malaysia,8535,1010,1825,1575,950,1525,1650,53.0
National Chin-Yi University of Technology,Chinese Taipei,8525,1125,1650,1800,1000,1300,1650,54.0
Riga Technical University,Latvia,8500,1000,1700,1575,900,1700,1625,55.0
Universidad De Santander,Colombia,8500,1350,1700,1350,850,1650,1600,56.0
Al-Balqa Applied University,Jordan,8475,1250,1850,1350,800,1600,1625,57.0
Benemérita Universidad Autónoma de Puebla,Mexico,8450,1050,1775,1725,1000,1350,1550,58.0
National Yunlin University of Science & Technology,Chinese Taipei,8450,1225,1550,1500,850,1575,1750,59.0
Universidad Nacional de Colombia,Colombia,8450,1150,1550,1725,1000,1525,1500,60.0
Universitas Islam Negeri Raden Intan Lampung,Indonesia,8375,1150,1875,1425,900,1475,1550,61.0
Universidad Tecnologica de Pereira,Colombia,8375,1100,1850,1575,950,1400,1500,62.0
King Mongkut's University of Technology Thonburi,Thailand,8375,1250,1675,1425,650,1700,1675,63.0
Chaoyang University of Technology,Chinese Taipei,8375,1225,1650,1500,850,1475,1675,64.0
Da-Yeh University,Chinese Taipei,8375,1250,1600,1425,950,1475,1675,65.0
University Of California San Diego,USA,8375,1175,1575,1500,950,1550,1625,66.0
National Taitung University,Chinese Taipei,8375,1300,1550,1500,900,1550,1575,67.0
Suranaree University of Technology,Thailand,8375,1325,1425,1650,850,1525,1600,68.0
Universidad De Antioquia,Colombia,8350,1175,1700,1425,900,1350,1800,69.0
"Instituto Federal de Educacao, Ciencia e Tecnologia do Sul de Minas Gerais",Brazil,8350,1225,1575,1650,900,1425,1575,70.0
Cyprus International University,Turkey,8350,1250,1575,1425,1000,1450,1650,71.0
Nanhua University Taiwan,Chinese Taipei,8335,1200,1310,1800,900,1525,1600,72.0
University of Szeged,Hungary,8330,1330,1475,1650,850,1550,1475,73.0
University of Campinas,Brazil,8325,1025,1475,1650,900,1600,1675,74.0
Universidad de Caldas,Colombia,8310,1085,1500,1725,900,1450,1650,75.0
Universidad de Granada,Spain,8300,975,1825,1500,850,1600,1550,76.0
Telkom University,Indonesia,8300,975,1700,1425,900,1525,1775,77.0
Siberian Federal University,Russia,8300,1275,1650,1350,850,1625,1550,78.0
Universidad Nacional Autónoma de México,Mexico,8300,1200,1375,1650,900,1450,1725,79.0
Shinshu University,Japan,8285,1160,1450,1725,700,1550,1700,80.0
University of Sharjah,United Arab Emirates,8285,1400,1385,1650,1000,1175,1675,81.0
Universidad Pontificia Bolivariana,Colombia,8275,1400,1725,1575,750,1550,1275,82.0
Airlangga University,Indonesia,8275,1275,1525,1350,800,1575,1750,83.0
Fundación Universidad del Norte Barranquilla,Colombia,8275,1175,1475,1725,1000,1325,1575,84.0
Politecnico Di Milano,Italy,8265,800,1365,1800,950,1650,1700,85.0
Erciyes University,Turkey,8260,1325,1535,1425,800,1600,1575,86.0
National Cheng Kung University,Chinese Taipei,8255,1205,1675,1500,700,1600,1575,87.0
Universidad Autonoma De Yucatan,Mexico,8250,1500,1825,1425,850,1150,1500,88.0
Universidad El Bosque,Colombia,8250,1100,1750,1425,950,1500,1525,89.0
University of A Coruña,Spain,8250,1075,1600,1725,900,1250,1700,90.0
Universiti Tunku Abdul Rahman,Malaysia,8250,1250,1550,1500,1000,1200,1750,91.0
Universitas Padjadjaran,Indonesia,8235,1175,1535,1575,750,1525,1675,92.0
Universidad de los Andes Colombia,Colombia,8235,1150,1500,1650,850,1410,1675,93.0
Ozyegin University,Turkey,8225,1000,1675,1500,800,1500,1750,94.0
Yildiz Technical University,Turkey,8225,1175,1625,1350,900,1625,1550,95.0
Universidade do Minho,Portugal,8225,1125,1525,1800,800,1300,1675,96.0
Omnes Education,France,8220,660,1750,1800,850,1510,1650,97.0
Chang Jung Christian University,Chinese Taipei,8210,1050,1385,1650,850,1550,1725,98.0
Università Degli Studi Gabriele D'Annunzio Chieti e Pescara,Italy,8210,1150,1260,1800,800,1500,1700,99.0
Universitas Islam Indonesia,Indonesia,8200,1150,1550,1500,950,1475,1575,100.0
Mahasarakham University,Thailand,8200,1300,1525,1275,800,1550,1750,101.0
Siam University,Thailand,8200,1125,1450,1425,850,1600,1750,102.0
Universiti Malaysia Pahang,Malaysia,8200,1225,1425,1425,900,1475,1750,103.0
Universitas Lampung,Indonesia,8175,1025,1725,1500,800,1375,1750,104.0
D. Serikbayev East Kazakhstan technical university,Kazakhstan,8175,1300,1700,1275,750,1500,1650,105.0
Yeditepe University,Turkey,8175,1200,1525,1650,800,1425,1575,106.0
University of Zanjan,Iran,8165,1230,1450,1500,1000,1335,1650,107.0
Ege University,Turkey,8150,1250,1550,1575,800,1425,1550,108.0
Hasanuddin University,Indonesia,8140,1325,1315,1350,900,1525,1725,109.0
Institut Teknologi Sumatera,Indonesia,8125,1275,1525,1350,850,1450,1675,110.0
Walailak University,Thailand,8125,1350,1475,1425,850,1650,1375,111.0
Tunghai University,Chinese Taipei,8125,1325,1425,1425,750,1575,1625,112.0
National Taipei University of Technology,Chinese Taipei,8120,975,1435,1800,660,1650,1600,113.0
Ton Duc Thang University,Vietnam,8100,1025,1600,1650,900,1400,1525,114.0
Masaryk University,Czech Republic,8100,1000,1500,1500,800,1650,1650,115.0
An-Najah National University,Palestine,8075,1075,1925,1050,900,1400,1725,116.0
Universidad Panamericana,Mexico,8075,1150,1800,1575,900,1200,1450,117.0
"ITESO, Universidad Jesuita de Guadalajara",Mexico,8070,1035,1800,1800,950,1160,1325,118.0
Mae Fah Luang University,Thailand,8060,1300,1360,1350,850,1550,1650,119.0
Glasgow Caledonian University,United Kingdom,8055,680,1750,1800,900,1650,1275,120.0
Manipal Academy of Higher Education,India,8050,1025,1525,1500,900,1625,1475,121.0
Brawijaya University,Indonesia,8035,1225,1735,1425,750,1350,1550,122.0
Universidad Icesi,Colombia,8025,1125,1775,1350,750,1400,1625,123.0
Rajamangala University of Technology Thanyaburi (RMUTT),Thailand,8025,1100,1625,1500,950,1450,1400,124.0
Universidad Rey Juan Carlos,Spain,8025,900,1450,1800,750,1400,1725,125.0
Yogyakarta State University,Indonesia,8000,1075,1850,1425,800,1425,1425,126.0
Università degli Studi di Genova,Italy,8000,1125,1725,1500,800,1450,1400,127.0
UiTM SHAH ALAM,Malaysia,7985,950,1285,1725,900,1325,1800,128.0
University of Passau,Germany,7980,905,1750,1650,800,1600,1275,129.0
Universitas Muhammadiyah Yogyakarta,Indonesia,7975,1150,1775,1275,750,1425,1600,130.0
Universita degli Studi di Padova,Italy,7975,1150,1625,1650,800,1050,1700,131.0
Universiti Pendidikan Sultan Idris,Malaysia,7975,1250,1575,1350,750,1575,1475,132.0
American University of Beirut (AUB),Lebanon,7975,1250,1550,1350,750,1450,1625,133.0
American University in Cairo,Egypt,7965,940,1425,1575,950,1400,1675,134.0
Middle East Technical University,Turkey,7950,1400,1225,1350,700,1475,1800,135.0
Universidad Autónoma de Madrid,Spain,7935,1125,1500,1725,750,1160,1675,136.0
Gdansk University of Technology,Poland,7935,1175,1485,1500,600,1550,1625,137.0
Tra Vinh University,Vietnam,7925,1125,1450,1275,800,1650,1625,138.0
Universidade Federal De Mato Grosso Do Sul,Brazil,7925,1250,1400,1425,800,1325,1725,139.0
Universitas Sultan Ageng Tirtayasa,Indonesia,7900,1075,1575,1275,850,1475,1650,140.0
Universitas Sriwijaya,Indonesia,7875,1225,1700,1350,700,1325,1575,141.0
Universiti Teknikal Malaysia Melaka,Malaysia,7875,1250,1400,1125,800,1575,1725,142.0
Tzu Chi University,Chinese Taipei,7865,1300,1365,1575,800,1375,1450,143.0
Immanuel Kant Baltic Federal University,Russia,7850,1225,1800,1425,600,1300,1500,144.0
Universidad Iberoamericana Puebla,Mexico,7850,900,1725,1575,850,1225,1575,145.0
University Of Anbar,Iraq,7850,1150,1700,1200,700,1525,1575,146.0
Universidad Politecnica de Valencia,Spain,7850,825,1625,1650,750,1325,1675,147.0
Universitas Multimedia Nusantara,Indonesia,7850,1125,1600,1425,950,1275,1475,148.0
Universita Politecnica delle Marche,Italy,7850,1275,1600,1350,850,1250,1525,149.0
Al-Mustaqbal University College,Iraq,7850,1200,1550,1425,800,1575,1300,150.0
Universitas Teuku Umar,Indonesia,7850,1225,1475,1350,750,1450,1600,151.0
Mangalore University,India,7850,1325,1400,1275,800,1525,1525,152.0
Qassim University,Saudi Arabia,7845,1060,1135,1725,1000,1300,1625,153.0
Dhurakij Pundit University,Thailand,7835,960,1575,1575,750,1375,1600,154.0
Universitas Sumatera Utara,Indonesia,7835,1125,1235,1500,900,1400,1675,155.0
Kashan University of Medical Sciences and Health Services,Iran,7825,1225,1650,1500,850,1525,1075,156.0
Maejo University,Thailand,7825,1250,1450,1200,750,1500,1675,157.0
Universidad EAFIT,Colombia,7810,935,1575,1575,850,1300,1575,158.0
Bartin University,Turkey,7810,1150,1360,1350,800,1525,1625,159.0
Perm National Research Polytechnic University,Russia,7800,1400,1775,1275,550,1425,1375,160.0
National Pingtung University,Chinese Taipei,7800,1175,1375,1275,750,1600,1625,161.0
Aksaray University,Turkey,7800,1250,1275,1575,700,1425,1575,162.0
University of Kashan,Iran,7795,895,1950,1350,850,1525,1225,163.0
University of Babylon,Iraq,7785,1375,1525,1350,900,1335,1300,164.0
Universiti Tun Hussein Onn Malaysia,Malaysia,7785,1050,1335,1275,900,1450,1775,165.0
University of Phayao,Thailand,7775,1150,1550,1275,800,1475,1525,166.0
S R M University (Institute of Science and Technology),India,7775,1025,1475,1650,900,1400,1325,167.0
Al Ain University,United Arab Emirates,7775,1300,1350,1650,800,1200,1475,168.0
University of Mohaghegh Ardabili,Iran,7770,1250,1110,1350,950,1435,1675,169.0
Universidad CES,Colombia,7755,1055,1700,1275,950,1100,1675,170.0
Università degli Studi di Salerno,Italy,7750,1075,1750,1725,500,1225,1475,171.0
Universitas Medan Area,Indonesia,7750,1025,1700,1200,700,1475,1650,172.0
Universidade de Aveiro,Portugal,7750,950,1625,1575,750,1225,1625,173.0
Pir Mehr Ali Shah Arid Agriculture University Rawalpindi,Pakistan,7750,1275,1625,975,850,1475,1550,174.0
Universidad Miguel Hernandez de Elche,Spain,7750,1125,1600,1575,550,1500,1400,175.0
King Mongkut's Institute of Technology Ladkrabang,Thailand,7750,1175,1400,1425,700,1500,1550,176.0
Universiti Sains Malaysia,Malaysia,7735,1225,1700,1350,710,1150,1600,177.0
Jordan University of Science and Technology,Jordan,7725,1175,1575,1200,950,1425,1400,178.0
Universiti Malaysia Terengganu (UMT),Malaysia,7725,1040,1385,1200,950,1500,1650,179.0
Chettinad Academy of Research and Education,India,7700,1125,1850,1200,650,1525,1350,180.0
Al-Zaytoonah University of Jordan (zuj),Jordan,7700,1150,1650,1275,800,1550,1275,181.0
Universitas Muhammadiyah Malang,Indonesia,7700,1050,1575,1200,750,1375,1750,182.0
National University of Sciences and Technology,Pakistan,7700,1225,1350,1200,800,1375,1750,183.0
Universitat De Girona,Spain,7675,950,1800,1575,500,1275,1575,184.0
Tokat Gaziosmanpasa University,Turkey,7675,1200,1625,1275,750,1625,1200,185.0
Sakarya University,Turkey,7675,1225,1525,1125,850,1400,1550,186.0
Pontificia Universidad Javeriana-Bogota,Colombia,7675,975,1475,1275,950,1450,1550,187.0
Alzahra University,Iran,7670,985,1260,1500,750,1450,1725,188.0
Sunway University,Malaysia,7665,840,1575,1125,800,1650,1675,189.0
Pontificia Universidad Catolica De Chile,Chile,7665,1055,1285,1425,700,1600,1600,190.0
Daffodil International University,Bangladesh,7660,975,1435,1275,800,1525,1650,191.0
Khwaja Fareed University of Engineering and Information Technology,Pakistan,7650,1325,1750,975,650,1525,1425,192.0
Hungkuang University,Chinese Taipei,7650,1075,1500,1350,800,1500,1425,193.0
Universidad Autonoma Metropolitana,Mexico,7650,925,1275,1575,900,1300,1675,194.0
Razi University Kermanshah,Iran,7635,1150,1310,1200,850,1525,1600,195.0
San Jose State University,USA,7630,1005,1350,1500,950,1300,1525,196.0
Izmir Institute of Technology,Turkey,7630,1080,1275,1500,750,1550,1475,197.0
Centro Universitário Facens,Brazil,7625,950,1800,1275,800,1250,1550,198.0
Baskent University,Turkey,7625,1225,1625,1350,650,1375,1400,199.0
Universidad Iberoamericana Torreón,Mexico,7625,1150,1425,1575,950,1075,1450,200.0
Universidad de Oviedo,Spain,7615,1055,1560,1500,750,1175,1575,201.0
Escuela Superior Politecnica del Litoral,Ecuador,7605,1090,1065,1425,900,1525,1600,202.0
"Muhammad Nawaz Shareef University of Agriculture, Multan Pakistan",Pakistan,7600,1200,1500,1275,700,1475,1450,203.0
Irkutsk National Research Technical University,Russia,7600,1200,1475,1050,550,1575,1750,204.0
National Institute of Technology Silchar,India,7600,1050,1325,1350,850,1500,1525,205.0
University of Sopron,Hungary,7575,935,1490,1200,850,1500,1600,206.0
Dokuz Eylul University,Turkey,7575,1250,1300,1200,750,1575,1500,207.0
Inonu University Malatya,Turkey,7550,1175,1575,1050,750,1450,1550,208.0
Valaya Alongkorn Rajabhat University Under the Royal Patronage,Thailand,7550,1175,1550,1050,750,1450,1575,209.0
Providence University,Chinese Taipei,7550,1075,1475,1350,750,1525,1375,210.0
Universita degli Studi di Milano La Statale,Italy,7550,1075,1450,1800,600,1250,1375,211.0
Russian State Agrarian University - Moscow Timiryazev Agricultural Academy,Russia,7550,1350,850,1200,800,1575,1775,212.0
Afyon Kocatepe University,Turkey,7545,980,1440,1725,650,1575,1175,213.0
Fo Guang University,Chinese Taipei,7535,1200,1110,1650,900,1250,1425,214.0
Jadara University,Jordan,7525,1225,1375,1350,850,1500,1225,215.0
Universidad de Sonora,Mexico,7525,1200,1300,1425,800,1375,1425,216.0
National Chung Hsing University,Chinese Taipei,7525,1205,1285,1725,710,975,1625,217.0
Universita degli Studi di Bari Aldo Moro,Italy,7525,975,1075,1650,1000,1300,1525,218.0
Università di Trieste,Italy,7520,915,1295,1800,950,1060,1500,219.0
Phetchaburi Rajabhat University,Thailand,7500,1100,1115,1575,800,1335,1575,220.0
Maynooth University,Ireland,7485,910,1600,1800,750,1125,1300,221.0
Volgograd State University,Russia,7485,1125,1385,1350,650,1650,1325,222.0
National Taipei University,Chinese Taipei,7485,975,1350,1425,850,1235,1650,223.0
Ukrainian National Forestry University,Ukraine,7485,1100,1200,1350,560,1550,1725,224.0
Università degli Studi di Firenze,Italy,7485,1175,1060,1650,700,1250,1650,225.0
Loughborough University,United Kingdom,7450,975,1700,1575,550,1200,1450,226.0
Hochschule Anhalt,Germany,7450,1125,1325,1575,700,1550,1175,227.0
Babes Bolyai University,Romania,7445,1030,1340,1275,650,1650,1500,228.0
Eötvös Loránd University Budapest,Hungary,7440,900,1165,1650,800,1400,1525,229.0
National Chiayi University,Chinese Taipei,7435,1300,1260,1200,800,1375,1500,230.0
Naresuan University,Thailand,7430,1030,1100,1425,850,1450,1575,231.0
Tecnologico de Monterrey,Mexico,7425,950,1400,1275,900,1175,1725,232.0
Centro Universitario do Rio Grande do Norte UNI-RN,Brazil,7410,1125,1435,1425,950,1000,1475,233.0
Slovak University of Agriculture in Nitra,Slovakia,7400,1000,1275,1275,850,1400,1600,234.0
Universiti Teknologi Malaysia,Malaysia,7395,1200,1110,1425,360,1550,1750,235.0
Holy Spirit University of Kaslik (USEK),Lebanon,7390,880,1650,1500,560,1225,1575,236.0
American University of the Middle East (AUM),Kuwait,7385,975,1085,1350,850,1500,1625,237.0
University of Camerino,Italy,7375,1300,1300,1500,700,1400,1175,238.0
Universidad del Valle,Colombia,7360,1225,1285,1275,800,1300,1475,239.0
Universidade Federal de Itajuba,Brazil,7350,950,1450,1350,800,1300,1500,240.0
University of Kelaniya,Sri Lanka,7350,900,1350,1500,700,1275,1625,241.0
Universitas Negeri Surabaya,Indonesia,7335,1025,1650,1200,800,985,1675,242.0
Università Degli Studi di Modena e Reggio Emilia,Italy,7330,1055,1125,1725,400,1550,1475,243.0
Universitas Budi Luhur,Indonesia,7325,875,1500,1425,800,1425,1300,244.0
King Mongkut's University of Technology North Bangkok,Thailand,7325,950,1500,1275,750,1500,1350,245.0
Acharya Nagarjuna University,India,7325,1225,1475,1050,750,1500,1325,246.0
University of Baghdad,Iraq,7325,1175,1400,1125,800,1425,1400,247.0
Ming Chi University of Technology,Chinese Taipei,7325,1175,1150,1575,900,1275,1250,248.0
Trakya University,Turkey,7320,1225,1085,1500,550,1435,1525,249.0
Sri Sri University,India,7300,1300,1425,1200,750,1400,1225,250.0
The University of Lahore,Pakistan,7285,960,1525,1050,800,1500,1450,251.0
Universidade do Vale do Taquari - UNIVATES,Brazil,7275,1025,1475,1275,850,1250,1400,252.0
University of Milano-Bicocca,Italy,7260,660,1250,1650,750,1525,1425,253.0
International University of Business Agriculture and Technology,Bangladesh,7245,910,1435,1050,700,1625,1525,254.0
Universitas Pancasila,Indonesia,7235,885,1625,1125,600,1375,1625,255.0
Universidad de Salamanca,Spain,7230,930,1500,1125,800,1250,1625,256.0
Universita degli Studi di Ferrara,Italy,7230,1030,1175,1725,700,1250,1350,257.0
Nitte (Deemed to be University),India,7225,1150,1325,975,700,1475,1600,258.0
Bilecik Şeyh Edebali University,Turkey,7225,1050,1250,1350,550,1450,1575,259.0
M. Auezov South Kazakhstan State University,Kazakhstan,7210,1125,1310,1275,600,1450,1450,260.0
Universitas Islam Negeri Sultan Thaha Saifuddin Jambi,Indonesia,7210,1100,1310,1125,750,1250,1675,261.0
University of Colombo,Sri Lanka,7200,1125,1400,1050,700,1500,1425,262.0
Universitas Halu Oleo,Indonesia,7200,850,1350,1425,700,1250,1625,263.0
"California State University, Sacramento",USA,7185,760,1525,1575,650,1225,1450,264.0
University of Navarra,Spain,7185,1060,1325,1650,600,1300,1250,265.0
University of Debrecen,Hungary,7185,925,885,1575,550,1700,1550,266.0
Universidad EIA,Colombia,7175,1000,1500,1575,800,1000,1300,267.0
University of Petra,Jordan,7175,850,1425,1275,950,1300,1375,268.0
Universitat Rovira i Virgili,Spain,7155,880,1450,1725,600,1100,1400,269.0
Cairo University,Egypt,7150,1075,1275,1200,650,1300,1650,270.0
Universitas Islam Negeri Walisongo Semarang,Indonesia,7135,800,1510,1200,750,1425,1450,271.0
Universidade Federal do Rio Grande do Sul - UFRGS,Brazil,7130,1055,1500,1350,550,1375,1300,272.0
Kutahya Dumlupinar University,Turkey,7125,1175,1400,975,650,1425,1500,273.0
De La Salle University - Dasmarinas,Philippines,7100,900,1525,1275,700,1225,1475,274.0
Benha University,Egypt,7085,835,1775,1050,700,1175,1550,275.0
Kafrelsheikh University,Egypt,7085,735,1625,1275,850,1175,1425,276.0
CETYS University (Centro de Ensenanza Tecnica y Superior),Mexico,7085,1125,1425,1275,1000,885,1375,277.0
Moscow State University of Food Production,Russia,7080,1005,1225,1125,750,1375,1600,278.0
Universidad de Bogota Jorge Tadeo Lozano,Colombia,7075,950,1750,1050,550,1400,1375,279.0
Universidad Politécnica Estatal del Carchi,Ecuador,7075,1225,1575,1125,550,1425,1175,280.0
Thaksin University,Thailand,7070,1085,1235,1275,800,1300,1375,281.0
University of Malakand,Pakistan,7055,1030,1550,975,650,1250,1600,282.0
Alexandria University,Egypt,7045,870,1525,1125,900,1275,1350,283.0
The National University of Ostroh Academy,Ukraine,7045,1100,1185,1575,360,1650,1175,284.0
Pontificia Universidad Javeriana Cali,Colombia,7035,860,1525,1275,800,1050,1525,285.0
Kutahya Health Sciences University,Turkey,7035,1125,1185,1200,700,1375,1450,286.0
Hochschule Weihenstephan-triesdorf,Germany,7035,1100,1035,1725,350,1350,1475,287.0
Universitas Negeri Malang,Indonesia,7025,900,1725,825,700,1400,1475,288.0
SSM Institute of Engineering and Technology,India,7010,960,1575,825,750,1475,1425,289.0
Universitas Esa Unggul,Indonesia,7005,780,1350,1275,700,1150,1750,290.0
University Of Information Technology And Management In Rzeszow,Poland,7000,1025,1475,1575,300,1275,1350,291.0
Università Ca' Foscari Venezia,Italy,7000,815,1335,1350,500,1450,1550,292.0
King Faisal University,Saudi Arabia,7000,1125,1200,1125,700,1325,1525,293.0
Centro Universitário da Fundação Hermínio Ometto,Brazil,6995,900,1550,1575,760,810,1400,294.0
University of Ioannina,Greece,6990,1105,925,1800,700,1335,1125,295.0
University of Peradeniya,Sri Lanka,6985,1200,1275,1050,750,1285,1425,296.0
"University of Central Punjab,Lahore, Pakistan",Pakistan,6975,1175,1500,975,550,1275,1500,297.0
Hasan Kalyoncu University,Turkey,6975,1100,1425,1200,750,1300,1200,298.0
"Adam Mickiewicz University, Poznan",Poland,6975,840,1385,1350,650,1275,1475,299.0
Universidade de Vigo,Spain,6975,1075,1290,1425,800,1060,1325,300.0
Universitat Internacional de Catalunya,Spain,6970,695,1700,1725,550,1200,1100,301.0
De La Salle University Manila,Philippines,6970,810,1235,1500,650,1350,1425,302.0
Universiti Malaysia Perlis,Malaysia,6965,1030,1425,1425,650,885,1550,303.0
Pontifícia Universidade Católica de Campinas,Brazil,6960,1100,1325,1575,650,985,1325,304.0
Soochow University Taiwan,Chinese Taipei,6955,955,1325,1425,650,1100,1500,305.0
Northeastern University,Thailand,6950,1000,1450,1125,700,1475,1200,306.0
Iqra University,Pakistan,6950,1150,1400,1125,550,1400,1325,307.0
Ubon Ratchathani University,Thailand,6950,1250,1175,1050,750,1150,1575,308.0
Rajamangala University of Technology Isan,Thailand,6950,1175,1000,1275,500,1350,1650,309.0
Universidad Militar Nueva Granada,Colombia,6935,1025,1510,975,550,1425,1450,310.0
Imam Abdulrahman Bin Faisal University,Saudi Arabia,6935,1000,960,1500,800,1250,1425,311.0
University of Agriculture Faisalabad,Pakistan,6930,1180,1150,975,600,1300,1725,312.0
Universidad Tecnica Federico Santa Maria,Chile,6925,775,1600,1200,650,1400,1300,313.0
Saveetha Institute of Medical and Technical Sciences,India,6925,900,1375,1050,700,1350,1550,314.0
Arab American University,Palestine,6910,875,1700,1200,660,950,1525,315.0
Ain Shams University,Egypt,6910,765,1510,1275,550,1160,1650,316.0
Tarlac Agricultural University,Philippines,6910,1185,1275,1050,450,1275,1675,317.0
State Islamic University Syarif Hidayatullah Jakarta,Indonesia,6910,1050,1210,1425,650,1150,1425,318.0
National University of Kaohsiung,Chinese Taipei,6900,1225,1300,750,750,1600,1275,319.0
Indian Institute of Technology Roorkee,India,6895,1155,1000,975,950,1450,1365,320.0
Università degli Studi della Tuscia,Italy,6885,1225,1300,1125,650,1235,1350,321.0
Politeknik Merlimau Melaka,Malaysia,6865,930,1285,1425,700,1300,1225,322.0
Mugla Sitki Kocman University,Turkey,6860,960,1375,1350,400,1275,1500,323.0
Ataturk University,Turkey,6860,1200,1135,975,700,1425,1425,324.0
Al-Furat Al-Awsat Technical University,Iraq,6855,875,1440,1050,700,1625,1165,325.0
Universidad Tecnologica ECOTEC,Ecuador,6850,975,1475,1275,500,1325,1300,326.0
Jizzakh Polytechnic Institute,Uzbekistan,6850,950,1350,1350,750,1200,1250,327.0
October 6 University,Egypt,6850,840,1335,1050,700,1325,1600,328.0
Hitit University,Turkey,6840,915,1525,1500,600,1425,875,329.0
University of Basrah ; University of Basra ; University:BASRAH,Iraq,6835,1075,1610,900,600,1325,1325,330.0
Allama Iqbal Open University,Pakistan,6825,1225,1575,900,550,1150,1425,331.0
Sabanci University,Turkey,6825,1225,1300,1500,750,1025,1025,332.0
Yenepoya University,India,6825,1150,1225,1125,800,1300,1225,333.0
Teesside University,United Kingdom,6820,495,1775,1500,700,1075,1275,334.0
Istanbul Sabahattin Zaim University,Turkey,6820,760,1175,1800,360,1200,1525,335.0
Universidad de Ciencias Aplicadas y Ambientales UDCA,Colombia,6820,975,935,1725,1000,910,1275,336.0
Universiti Selangor (Unisel),Malaysia,6820,1125,860,1200,560,1575,1500,337.0
Sumy State University,Ukraine,6810,1000,1310,1050,700,1375,1375,338.0
British Columbia Institute of Technology,Canada,6810,685,1300,1425,850,1050,1500,339.0
GITAM : Gandhi Institute of Technology And Management,India,6805,930,1400,1125,700,1275,1375,340.0
Capital University Of Science And Technology,Pakistan,6800,1075,1550,1200,550,1050,1375,341.0
Universidade Federal do Triângulo Mineiro,Brazil,6800,1200,1025,1275,600,1000,1700,342.0
Asia University Taiwan,Chinese Taipei,6795,935,1275,1575,810,1025,1175,343.0
Universidad Metropolitana Caracas,Venezuela,6795,1100,1235,1200,850,1010,1400,344.0
Universiti Sultan Zainal Abidin,Malaysia,6795,1100,1185,825,700,1485,1500,345.0
Universitas Sam Ratulangi,Indonesia,6795,925,1135,1350,460,1325,1600,346.0
Bhagat Phool Singh Mahila Vishwavidyalaya,India,6790,1130,1225,1650,700,1260,825,347.0
Kastamonu University,Turkey,6770,1375,935,1200,500,1085,1675,348.0
Firat University,Turkey,6760,1175,1450,975,660,1225,1275,349.0
Phranakhon Si Ayutthaya Rajabhat University,Thailand,6760,925,1110,1425,450,1450,1400,350.0
Batangas State University,Philippines,6760,975,1010,1425,500,1250,1600,351.0
Cappadocia University,Turkey,6755,815,1265,1350,500,1475,1350,352.0
University of Technology Sarawak,Malaysia,6750,950,1200,1125,800,1375,1300,353.0
Khon Kaen University,Thailand,6750,1300,1175,1200,750,1275,1050,354.0
Sohag University,Egypt,6745,1150,1360,1050,550,1235,1400,355.0
Mariano Marcos State University,Philippines,6740,1005,1560,1050,350,1175,1600,356.0
Bursa Uludag University,Turkey,6740,1230,900,1275,310,1275,1750,357.0
Instituto Tecnologico Metropolitano,Colombia,6735,860,1550,975,700,1350,1300,358.0
Gorgan University Of Agricultural Sciences And Natural Resources,Iran,6735,1125,1460,675,600,1425,1450,359.0
University of Isfahan,Iran,6735,1350,1450,1050,560,1275,1050,360.0
"Hazara University Mansehra, Khyber Pakhtunkhwa (KP) Pakistan",Pakistan,6725,975,1525,975,700,1325,1225,361.0
Universidade De Passo Fundo,Brazil,6725,1075,1175,1350,800,925,1400,362.0
University of Bahrain,Bahrain,6725,1275,925,1050,900,900,1675,363.0
Universidad De Guadalajara,Mexico,6710,785,1425,975,600,1350,1575,364.0
Tashkent State University of Economics,Uzbekistan,6700,840,1550,975,750,1360,1225,365.0
Costa Rica Institute of Technology,Costa Rica,6700,890,975,1575,560,1350,1350,366.0
Kalasalingam Academy of Research and Education,India,6700,975,950,1350,750,1675,1000,367.0
National Chung Cheng University,Chinese Taipei,6695,805,1040,1500,1000,1075,1275,368.0
Voronezh State University,Russia,6690,780,1300,1350,460,1300,1500,369.0
Lunghwa University of Science and Technology,Chinese Taipei,6685,585,1700,1350,800,1050,1200,370.0
Universidad de Zaragoza,Spain,6685,510,1525,1275,550,1125,1700,371.0
Universidad Santo Tomas,Colombia,6685,750,1160,1350,650,1150,1625,372.0
University of Western Macedonia,Greece,6685,1100,1125,1650,350,935,1525,373.0
Beni-Suef University,Egypt,6675,815,1625,1275,700,1010,1250,374.0
Universidade De Santiago De Compostela,Spain,6665,780,1450,1500,260,1000,1675,375.0
Universitas Syiah Kuala,Indonesia,6660,1200,1160,900,650,1400,1350,376.0
Universita IUAV di Venezia,Italy,6655,720,1400,1425,700,960,1450,377.0
Ferdowsi University of Mashhad,Iran,6635,875,1175,1200,560,1350,1475,378.0
Universidad de Jaén,Spain,6630,880,1250,1125,700,1300,1375,379.0
Srinakharinwirot University,Thailand,6620,1000,835,1275,660,1550,1300,380.0
Hebrew University Of Jerusalem,Israel,6615,1000,1140,1125,600,1425,1325,381.0
Düzce University,Turkey,6610,1125,1235,1050,350,1275,1575,382.0
"Mehran University of Engineering & Technology, Jamshoro",Pakistan,6610,935,1200,1050,650,1275,1500,383.0
University at Albany,USA,6605,945,1160,1275,750,1000,1475,384.0
Bashkir State Agrarian University,Russia,6600,1200,1400,975,600,1225,1200,385.0
Escuela Superior Politecnica de Chimborazo,Ecuador,6600,1050,1225,1425,600,1125,1175,386.0
University of West Attica,Greece,6595,900,1500,1425,210,1260,1300,387.0
Yazd University,Iran,6590,730,1260,1125,600,1425,1450,388.0
Senac University Center,Brazil,6585,910,1050,1500,900,1075,1150,389.0
Iscte - Instituto Universitário de Lisboa,Portugal,6580,555,1525,1500,500,1175,1325,390.0
The University of Faisalabad,Pakistan,6575,950,1675,750,800,1425,975,391.0
Universita Degli Studi Di Cagliari,Italy,6575,1025,700,1500,650,1125,1575,392.0
"George Emil Palade University of Medicine, Pharmacy, Science, and Technology of Targu Mures",Romania,6570,1000,1360,1500,160,1225,1325,393.0
Universidad Catolica De Manizales,Colombia,6570,935,1160,1200,650,1275,1350,394.0
Mersin University,Turkey,6565,1130,860,1425,550,1150,1450,395.0
University of Al-Qadisiyah,Iraq,6560,1125,1375,1500,700,1085,775,396.0
Misr University for Science and Technology,Egypt,6555,835,1485,1125,550,1110,1450,397.0
Semmelweis University,Hungary,6555,670,1175,1500,650,1600,960,398.0
Lviv Polytechnic National University,Ukraine,6525,775,1300,1050,350,1450,1600,399.0
NOVA University Lisbon,Portugal,6510,925,1325,1200,450,1060,1550,400.0
Altai State University,Russia,6510,1050,1260,1200,550,1300,1150,401.0
Azarbaijan Shahid Madani University,Iran,6510,790,845,1125,950,1400,1400,402.0
Ziauddin University,Pakistan,6485,1000,1575,750,800,1235,1125,403.0
Silpakorn University,Thailand,6485,950,1400,1050,460,1300,1325,404.0
Universidade Federal De Sao Carlos,Brazil,6485,835,1165,1200,510,1125,1650,405.0
Kun Shan University,Chinese Taipei,6480,830,1450,825,700,1225,1450,406.0
Applied Science University,Bahrain,6475,1000,1500,1050,700,1050,1175,407.0
Islamic University of Gaza,Palestine,6475,900,1375,975,650,1175,1400,408.0
Birzeit University,Palestine,6470,835,1625,1200,750,885,1175,409.0
University of Sri Jayewardenepura,Sri Lanka,6465,825,1515,975,500,1175,1475,410.0
Alrafidain University College,Iraq,6460,610,1475,1050,850,1050,1425,411.0
Universidade de Sorocaba,Brazil,6460,985,1325,975,750,1300,1125,412.0
Universitas Katolik Indonesia Atma Jaya,Indonesia,6460,1175,1035,600,700,1425,1525,413.0
Universidad Autonoma Del Estado De Mexico,Mexico,6455,1080,1275,1200,550,1100,1250,414.0
University of Okara,Pakistan,6450,1325,1450,900,650,1075,1050,415.0
Non-profit JSC Almaty University of Power Engineering and Telecommunications named after Gumarbek Daukeyev,Kazakhstan,6445,735,1335,1200,500,1125,1550,416.0
University of Bengkulu,Indonesia,6440,655,1500,1125,600,1035,1525,417.0
South Eastern University of Sri Lanka,Sri Lanka,6435,1100,1000,1050,710,1350,1225,418.0
Süleyman Demirel University,Turkey,6425,1105,1275,1650,310,1225,860,419.0
Perm State University,Russia,6425,900,1175,1125,650,1325,1250,420.0
Universitas Ahmad Dahlan,Indonesia,6420,1100,1070,1200,800,1000,1250,421.0
Liepaja University,Latvia,6415,635,1415,1575,300,1400,1090,422.0
Minin University,Russia,6405,725,1160,1575,310,1725,910,423.0
Universidad de Alicante,Spain,6405,780,1140,1650,750,885,1200,424.0
Universitas Teknokrat Indonesia,Indonesia,6385,760,1425,1050,600,1025,1525,425.0
Cukurova University,Turkey,6380,1305,1075,600,550,1375,1475,426.0
Universiti Malaysia Kelantan (UMK),Malaysia,6380,1130,550,1350,650,1450,1250,427.0
Mustansiriyah University,Iraq,6375,950,1500,900,600,1200,1225,428.0
University of Sumer,Iraq,6375,840,1435,975,550,1225,1350,429.0
Gunadarma University,Indonesia,6370,975,1160,1050,500,1185,1500,430.0
Selcuk University,Turkey,6365,940,1275,1125,500,1200,1325,431.0
University Lucian Blaga of Sibiu,Romania,6365,1130,710,1425,550,1400,1150,432.0
Damietta University,Egypt,6360,790,1210,1200,600,1060,1500,433.0
Universitas Riau,Indonesia,6360,1175,1125,975,750,1010,1325,434.0
Mendel University in Brno,Czech Republic,6360,1065,885,1050,600,1360,1400,435.0
Al-Kitab University,Iraq,6350,880,1285,825,750,1160,1450,436.0
Universidad Publica De Navarra,Spain,6345,860,1135,1500,350,1000,1500,437.0
Hakim Sabzevari University,Iran,6340,1055,800,1050,710,1400,1325,438.0
Universidad Tecnica del Norte,Ecuador,6335,1200,1300,975,460,1175,1225,439.0
Zonguldak Bulent Ecevit University,Turkey,6335,975,1000,1275,510,1500,1075,440.0
Al Istiqlal University,Palestine,6330,1155,1050,900,800,1125,1300,441.0
Niğde Ömer Halisdemir University,Turkey,6325,925,1325,1425,550,1075,1025,442.0
Universiti Kebangsaan Malaysia,Malaysia,6325,1050,1025,975,550,1375,1350,443.0
Al-Farabi Kazakh National University,Kazakhstan,6325,980,970,975,600,1225,1575,444.0
Polytechnic of Mersing,Malaysia,6320,1250,985,1050,650,1035,1350,445.0
Universidad de Valladolid,Spain,6315,805,1475,1200,460,1000,1375,446.0
Universidad de Costa Rica,Costa Rica,6310,710,1265,1200,650,1235,1250,447.0
Universitas Islam Negeri Raden Fatah,Indonesia,6310,1075,1235,750,750,1200,1300,448.0
Universidad De Castilla La Mancha,Spain,6300,900,1475,1200,550,1000,1175,449.0
University of Samarra,Iraq,6300,875,1325,1275,650,1125,1050,450.0
The Institute of Telecommunications and Informatics of Turkmenistan,Turkmenistan,6300,935,1140,1125,750,1125,1225,451.0
The Catholic University of America,USA,6290,945,1110,1275,700,1225,1035,452.0
Universidad Del Cauca,Colombia,6290,855,850,1275,560,1375,1375,453.0
KaragandaTechnical University,Kazakhstan,6285,1000,1400,825,460,1125,1475,454.0
Amirkabir University of Technology,Iran,6285,685,1150,750,750,1550,1400,455.0
Tashkent State University Of Law,Uzbekistan,6285,1175,1110,1125,600,1150,1125,456.0
Universidad Iberoamericana Ciudad de México,Mexico,6270,595,1300,1500,900,950,1025,457.0
Al-Muthanna University,Iraq,6270,775,1235,975,600,1285,1400,458.0
Universidade Estadual de Maringá,Brazil,6270,1060,1025,825,800,1150,1410,459.0
University of Arkansas at Little Rock,USA,6270,950,885,1500,1000,1050,885,460.0
Universita Degli Studi Della Basilicata,Italy,6265,1125,1115,1275,300,1150,1300,461.0
Indian Institute of Management Indore,India,6260,835,1175,1275,750,1250,975,462.0
Gaziantep University,Turkey,6235,855,1040,1425,550,1275,1090,463.0
"Chitkara University, Punjab",India,6225,760,1000,1275,950,1150,1090,464.0
I-Shou University,Chinese Taipei,6220,950,1335,1275,850,985,825,465.0
Osmaniye Korkut Ata University,Turkey,6220,835,1200,1125,550,1285,1225,466.0
Universita della Calabria,Italy,6220,1150,900,1425,310,1060,1375,467.0
Earlham College,USA,6215,1065,525,1425,750,1150,1300,468.0
Ondokuz Mayis University,Turkey,6210,1250,785,900,750,1285,1240,469.0
Universidade Federal de Santa Maria,Brazil,6170,875,1170,1050,850,1200,1025,470.0
Universidad Catolica Andres Bello,Venezuela,6160,850,1525,975,700,935,1175,471.0
University of Maribor,Slovenia,6150,650,1350,1125,750,900,1375,472.0
University of Kerbala,Iraq,6135,950,1110,900,650,1150,1375,473.0
Yasouj University,Iran,6135,1000,750,1050,560,1425,1350,474.0
Tarbiat Modares University,Iran,6130,920,750,1350,700,1275,1135,475.0
Huachiew Chalermprakiet University,Thailand,6125,925,1450,1200,400,1050,1100,476.0
Irkutsk State Agrarian University named after A.A. Ezhevsky,Russia,6125,1075,1000,750,450,1450,1400,477.0
Universitàdegli Studi di Perugia,Italy,6125,840,750,1350,510,1350,1325,478.0
Universitat de Valencia,Spain,6120,575,1225,1275,510,1100,1435,479.0
Sndt Women's University,India,6110,875,1600,1200,500,1010,925,480.0
Hacettepe University,Turkey,6110,1175,875,900,210,1425,1525,481.0
Juraj Dobrila University of Pula,Croatia,6105,780,1225,1500,350,1275,975,482.0
Loei Rajabhat University,Thailand,6105,955,1000,900,650,1400,1200,483.0
Politeknik Sultan Idris Shah,Malaysia,6100,875,1150,975,550,1100,1450,484.0
Tanta University,Egypt,6090,770,1450,825,210,1410,1425,485.0
Ghulam Ishaq Khan Institute of Engineering Sciences and Technology,Pakistan,6090,930,985,975,650,1250,1300,486.0
Al Aqsa University,Palestine,6085,785,1350,825,650,1375,1100,487.0
University of Thi-qar,Iraq,6075,925,990,975,410,1475,1300,488.0
Sukhothai Thammathirat Open University,Thailand,6070,910,1075,1050,750,1175,1110,489.0
Prince of Songkla University,Thailand,6065,1030,960,900,750,1100,1325,490.0
Tashkent State Technical Universitiy Named After Islam Karimov,Uzbekistan,6060,975,1250,1050,600,1225,960,491.0
Universiti Sains Islam Malaysia,Malaysia,6055,845,1110,900,500,1275,1425,492.0
Universitat de Vic - Universitat Central de Catalunya,Spain,6050,615,1260,1500,310,1450,915,493.0
Arak University,Iran,6050,860,1240,750,800,1500,900,494.0
Pibulsongkram Rajabhat University,Thailand,6050,1075,1200,750,700,1325,1000,495.0
National Institute of Development Administration,Thailand,6045,950,860,1200,560,1075,1400,496.0
Islamic University,Iraq,6035,875,1350,975,600,1275,960,497.0
Sukkur IBA University,Pakistan,6025,825,1475,825,400,1375,1125,498.0
Tel Aviv University,Israel,6025,690,1350,1350,360,1275,1000,499.0
Universidad Nacional Abierta y a Distancia Colombia,Colombia,6020,595,1125,1200,750,1100,1250,500.0
University of AlKafeel,Iraq,6015,630,1400,825,550,1235,1375,501.0
Atyrau University,Kazakhstan,6010,875,1160,750,700,1525,1000,502.0
Guru Ghasidas Vishwavidyalaya,India,6010,1085,1150,675,700,1250,1150,503.0
University of Warith Al-Anbiyaa,Iraq,6010,975,1100,1050,650,1110,1125,504.0
Centro Federal de Educação Tecnológica Celso Suckow da Fonseca - CEFET/RJ,Brazil,6005,635,1135,1275,650,1010,1300,505.0
Seinäjoki University of Applied Sciences,Finland,6005,830,950,1200,600,1100,1325,506.0
Alisher Navo'i Tashkent State University of Uzbek Language and Literature,Uzbekistan,6000,850,1375,675,650,1125,1325,507.0
Avantika University,India,6000,1090,1050,1050,650,1300,860,508.0
National Dong Hwa University,Chinese Taipei,6000,1150,625,1425,450,975,1375,509.0
Ryazan State Medical University,Russia,5995,1125,1060,1050,110,1100,1550,510.0
Jamia Millia Islamia,India,5985,950,1185,900,650,1075,1225,511.0
University of Mosul,Iraq,5975,1100,1050,900,650,1225,1050,512.0
Universita degli Studi di Parma,Italy,5975,885,790,1425,400,1300,1175,513.0
Rajamangala University of Technology Suvarnabhumi,Thailand,5970,1060,1000,1350,700,810,1050,514.0
University of Oradea,Romania,5950,850,1400,975,550,1125,1050,515.0
Middle East University (MEU),Jordan,5950,875,1350,900,700,1175,950,516.0
Petrozavodsk State University,Russia,5910,850,1125,975,260,1375,1325,517.0
Universitas 'Aisyiyah Yogyakarta,Indonesia,5910,950,1035,975,500,1150,1300,518.0
University of Pannonia,Hungary,5905,805,1325,1125,450,900,1300,519.0
Hawassa University,Ethiopia,5905,905,1100,450,550,1400,1500,520.0
Arak University of Technology,Iran,5895,685,1285,975,500,1325,1125,521.0
Instituto Politecnico De Lisboa,Portugal,5895,510,1160,1425,550,1125,1125,522.0
Universita degli Studi del Piemonte Orientale,Italy,5875,825,1025,1350,550,1025,1100,523.0
Igdir Universitesi,Turkey,5875,775,965,975,750,1185,1225,524.0
University of Jordan,Jordan,5860,860,1250,675,550,1150,1375,525.0
FURG - Universidade Federal do Rio Grande,Brazil,5860,990,635,1500,600,885,1250,526.0
University of Management and Technology,Pakistan,5855,885,1260,750,400,985,1575,527.0
University of Gdansk,Poland,5855,860,1185,1275,500,535,1500,528.0
Università Degli Studi di Bergamo,Italy,5835,590,1575,1350,260,985,1075,529.0
Akdeniz University,Turkey,5835,1100,575,1275,310,1275,1300,530.0
New Jersey City University,USA,5830,725,1345,1200,310,1275,975,531.0
University of Lucerne,Switzerland,5825,890,1050,1425,410,1350,700,532.0
Bilkent University,Turkey,5815,1080,485,1425,450,1275,1100,533.0
Hatyai University,Thailand,5810,1175,1025,975,550,785,1300,534.0
Institución Universitaria Politecnico Grancolombiano,Colombia,5805,685,1360,1200,800,850,910,535.0
University of Wah,Pakistan,5805,830,1325,900,500,900,1350,536.0
Universitas Pendidikan Muhammadiyah Sorong,Indonesia,5805,1100,985,975,660,935,1150,537.0
Nakhon Si Thammarat Rajabhat University,Thailand,5800,940,935,1125,700,1050,1050,538.0
Mardin Artuklu Üniversitesi,Turkey,5795,1010,885,1125,400,1160,1215,539.0
Universitas Muhammadiyah Prof Dr Hamka,Indonesia,5785,840,1235,975,360,1150,1225,540.0
Budapest Business School,Hungary,5770,650,1225,975,560,960,1400,541.0
Bursa Technical University,Turkey,5755,705,1200,975,550,1100,1225,542.0
Institut Bio Scientia Internasional Indonesia,Indonesia,5750,590,1110,1050,900,975,1125,543.0
Orel State University named after I.S.Turgenev,Russia,5745,800,985,750,550,1110,1550,544.0
Institute of Business Management,Pakistan,5740,480,1200,1200,610,1350,900,545.0
Palacky University Olomouc,Czech Republic,5735,690,1060,1125,600,1150,1110,546.0
Atilim University,Turkey,5730,955,1100,1275,500,960,940,547.0
Universidad Nacional Del Litoral,Argentina,5730,1135,1025,900,310,1110,1250,548.0
Universidad del Magdalena,Colombia,5725,950,1125,675,600,950,1425,549.0
Universitas Pendidikan Indonesia,Indonesia,5725,900,1040,600,700,1085,1400,550.0
Politeknik Seberang Perai,Malaysia,5725,1065,760,1350,750,1100,700,551.0
Kazakh National Agrarian Research University,Kazakhstan,5720,830,1175,1050,350,1200,1115,552.0
Bukhara State University,Uzbekistan,5720,935,985,900,700,1150,1050,553.0
Minia University,Egypt,5715,825,1190,600,500,1325,1275,554.0
Pontificia Universidad Catolica Del Perú,Peru,5675,640,1175,1125,160,1075,1500,555.0
Universidad Católica Andrés Bello Extensión Guayana,Venezuela,5675,1100,800,975,550,1100,1150,556.0
Pontificia Universidade Catolica Do Rio De Janeiro Puc-rio,Brazil,5670,910,475,1050,460,1425,1350,557.0
University of 17 Agustus 1945 Surabaya,Indonesia,5665,880,1025,975,510,1100,1175,558.0
Universidade Federal Fluminense,Brazil,5655,960,600,900,410,1375,1410,559.0
Novosibirsk State University Of Economics And Management,Russia,5645,615,835,1575,610,860,1150,560.0
Chung Hua University,Chinese Taipei,5635,925,1075,1425,550,885,775,561.0
Universitas Pattimura,Indonesia,5625,975,1250,750,650,1075,925,562.0
Federal University of Alfenas,Brazil,5625,885,965,1050,600,1050,1075,563.0
Piri Reis University,Turkey,5605,625,1220,1350,700,1075,635,564.0
Pascual Bravo University,Colombia,5600,850,1100,1125,410,1125,990,565.0
Open University of Sri Lanka,Sri Lanka,5600,950,1050,750,350,1250,1250,566.0
Bataan Peninsula State University,Philippines,5595,595,1225,825,350,1250,1350,567.0
Government College Women University Faisalabad Pakistan,Pakistan,5585,750,1475,600,550,1060,1150,568.0
Universidad Autonoma De San Luis Potosi,Mexico,5570,695,975,900,450,1025,1525,569.0
Mykolas Romeris University,Lithuania,5560,775,1150,825,560,1050,1200,570.0
State University of Land Use Planning,Russia,5560,790,985,675,350,1310,1450,571.0
Institut Teknologi Nasional Bandung,Indonesia,5555,635,1045,675,450,1225,1525,572.0
Samara State Technical University,Russia,5555,745,575,975,400,1160,1700,573.0
Universidad de Pamplona,Colombia,5545,1010,950,1200,260,1125,1000,574.0
Domus Academy,Italy,5545,585,850,1200,460,1450,1000,575.0
Universitas Katolik Parahyangan,Indonesia,5540,980,1050,975,510,1350,675,576.0
Corvinus University of Budapest,Hungary,5535,665,785,1350,260,1225,1250,577.0
Kohat University of Science & Technology,Pakistan,5530,1050,1010,825,600,985,1060,578.0
Minhaj University Lahore,Pakistan,5525,930,910,975,800,1035,875,579.0
University of Diyala,Iraq,5515,605,1250,825,600,1160,1075,580.0
Stavropol State Agrarian University,Russia,5515,1010,755,675,350,1000,1725,581.0
University of Hradec Kralove,Czech Republic,5510,815,1210,1275,410,950,850,582.0
Universitas Terbuka,Indonesia,5510,925,1000,975,360,975,1275,583.0
The Islamia University of Bahawalpur,Pakistan,5505,930,1100,825,550,1100,1000,584.0
Bashkir State University,Russia,5505,820,935,975,600,1200,975,585.0
"Laucala Campus, University of the South Pacific",Fiji,5495,850,1135,975,600,985,950,586.0
Voronezh State University of Forestry and Technologies named after G.F. Morozov,Russia,5495,890,1085,900,260,1185,1175,587.0
University of Kirkuk,Iraq,5485,560,1275,675,550,1150,1275,588.0
Universidad Autónoma de Querétaro,Mexico,5485,785,950,1050,550,1125,1025,589.0
Universitaria Agustiniana,Colombia,5480,730,1425,1350,700,300,975,590.0
Al-Nahrain University,Iraq,5475,655,1110,825,600,1060,1225,591.0
Izmir Bakircay University,Turkey,5470,925,1425,900,210,710,1300,592.0
Babol Noshirvani University of Technology,Iran,5455,835,960,1275,510,1025,850,593.0
Uman National University of Horticulture,Ukraine,5445,700,1250,975,510,975,1035,594.0
Politeknik Mukah,Malaysia,5440,845,685,1125,700,1000,1085,595.0
Shahid Rajaee Teacher Training University,Iran,5415,730,1350,675,410,1025,1225,596.0
Persian Gulf University,Iran,5415,1030,850,900,600,860,1175,597.0
University of Mazandaran,Iran,5405,835,1235,750,550,1035,1000,598.0
Universidade Federal Do Rio De Janeiro,Brazil,5405,720,625,900,600,1135,1425,599.0
TOBB University of Economy and Technology,Turkey,5405,935,585,1050,510,1100,1225,600.0
Western Caspian University,Azerbaijan,5385,325,1275,900,550,960,1375,601.0
Universidad de Cordoba,Colombia,5385,950,550,1425,360,1100,1000,602.0
TIIAME National Research University,Uzbekistan,5375,750,1100,600,550,1050,1325,603.0
President University,Indonesia,5375,550,825,975,600,1100,1325,604.0
Hindustan Institute of Technology & Science,India,5370,660,1200,900,560,1100,950,605.0
Kakatiya University,India,5370,835,885,900,600,1175,975,606.0
"Guru Jambheshwar University of Science and Technology,Hisar, Haryana",India,5365,830,1075,825,650,1010,975,607.0
Universidad Autónoma Del Estado De Hidalgo,Mexico,5360,515,1225,1050,310,910,1350,608.0
Benazir Bhutto Shaheed University of Technology & Skill Development,Pakistan,5360,900,1150,675,410,1275,950,609.0
Amman Arab University,Jordan,5360,840,1135,900,550,710,1225,610.0
Sergo Ordzhonikidze Russian State University For Geological Prospecting (MGRI),Russia,5345,975,1085,675,310,1325,975,611.0
POLITEKNIK KUCHING SARAWAK,Malaysia,5345,910,825,900,360,1450,900,612.0
Antalya Bilim Üniversitesi,Turkey,5335,950,810,900,550,1175,950,613.0
Universidade Estadual do Norte do Paraná - UENP,Brazil,5335,1040,775,1125,310,735,1350,614.0
Universidad de La Sabana,Colombia,5330,910,985,1050,600,860,925,615.0
Institut Teknologi Telkom Jakarta,Indonesia,5320,710,1135,975,450,1225,825,616.0
Tashkent State Agrarian University,Uzbekistan,5310,975,1175,300,560,1325,975,617.0
Al-Azhar University,Egypt,5305,740,1190,600,250,1100,1425,618.0
Suratthani Rajabhat University,Thailand,5305,950,910,975,360,975,1135,619.0
Universidad Iberoamericana León,Mexico,5295,880,1165,825,450,1025,950,620.0
PERIYAR MANIAMMAI INSTITUTE OF SCIENCE AND TECHNOLOGY,India,5290,980,1160,750,700,1110,590,621.0
King Khalid University,Saudi Arabia,5285,950,1160,600,450,1175,950,622.0
University of Kurdistan,Iran,5285,900,1025,600,310,1225,1225,623.0
The Hang Seng University of Hong Kong,Hong Kong,5280,510,1160,900,460,1350,900,624.0
Azerbaijan University of Architecture and Construction,Azerbaijan,5280,710,935,825,750,760,1300,625.0
Air University Islamabad,Pakistan,5275,700,1050,675,500,1175,1175,626.0
Kadir Has University,Turkey,5275,690,700,900,160,1475,1350,627.0
Eskisehir Technical University,Turkey,5265,820,535,1500,550,775,1085,628.0
Western Kentucky University,USA,5260,615,1025,1500,360,885,875,629.0
Northern Technical University,Iraq,5250,1075,875,675,350,1000,1275,630.0
Universidade Federal de Santa Catarina (UFSC),Brazil,5245,815,725,1350,310,860,1185,631.0
Estonian University of Life Sciences,Estonia,5245,820,390,1200,410,850,1575,632.0
Universidad Tecnologica de Bolivar,Colombia,5235,715,1010,825,500,985,1200,633.0
Bayburt University,Turkey,5230,880,1065,750,350,1110,1075,634.0
Andijan Machine-Building Institute,Uzbekistan,5225,850,825,600,650,1150,1150,635.0
Gazi University,Turkey,5220,900,1050,675,310,1185,1100,636.0
Oguz han Engineering and Technology University of Turkmenistan,Turkmenistan,5220,1000,995,450,400,1400,975,637.0
Tashkent University Of Information Technologies,Uzbekistan,5220,1025,900,1200,250,1210,635,638.0
Universitas Udayana,Indonesia,5215,1000,1190,975,450,600,1000,639.0
Urmia University,Iran,5215,930,1050,675,460,975,1125,640.0
National University of Uzbekistan named after Mirzo Ulugbek,Uzbekistan,5215,855,1025,600,310,1175,1250,641.0
Ferghana Medical Institute of Public Health,Uzbekistan,5205,605,1100,825,500,1050,1125,642.0
University of Sadat City,Egypt,5205,535,885,900,650,885,1350,643.0
Tver State Technical University,Russia,5200,930,1185,675,200,1085,1125,644.0
Instituto Politecnico do Cavado e do Ave,Portugal,5200,755,1060,900,510,1025,950,645.0
Universitas Negeri Manado,Indonesia,5200,1200,940,750,350,810,1150,646.0
Manisa Celal Bayar University,Turkey,5195,750,1035,975,450,1085,900,647.0
Van Yuzuncu Yil University,Turkey,5180,895,1025,900,310,1175,875,648.0
Valahia University of Targoviste,Romania,5175,905,1450,750,210,735,1125,649.0
Mindanao State University Iligan Institute of Technology,Philippines,5160,660,1140,675,160,1225,1300,650.0
Universidad de Vina Del Mar,Chile,5160,860,1115,975,600,835,775,651.0
National University of Science and Technology,Iraq,5160,750,825,1050,660,925,950,652.0
Andalas University,Indonesia,5160,1075,750,1425,200,685,1025,653.0
Rajamangala University of Technology Rattanakosin,Thailand,5160,775,535,975,700,975,1200,654.0
University of Sialkot,Pakistan,5150,1150,1250,675,600,925,550,655.0
Islamic university of Lebanon,Lebanon,5145,1025,1250,600,310,985,975,656.0
Universite De Sousse,Tunisia,5140,785,1160,600,560,885,1150,657.0
Management and Science University,Malaysia,5140,605,950,900,450,835,1400,658.0
Universidad Catolica De Cordoba,Argentina,5135,1125,1150,1050,150,785,875,659.0
Universidad La Gran Colombia,Colombia,5135,950,800,900,450,910,1125,660.0
Universitas Negeri Padang,Indonesia,5130,620,1125,975,310,750,1350,661.0
North-eastern Federal University,Russia,5125,880,885,1125,50,410,1775,662.0
Mizoram University,India,5120,890,1160,825,460,960,825,663.0
Xavier University Ateneo De Cagayan,Philippines,5115,730,475,1200,600,1060,1050,664.0
Universidad Hemisferios,Ecuador,5095,1225,750,825,210,835,1250,665.0
Universidad de Manizales,Colombia,5090,500,1185,975,460,1010,960,666.0
Universitas Jember,Indonesia,5090,1005,1075,675,400,885,1050,667.0
Derzhavin Tambov State University,Russia,5090,545,960,900,360,1350,975,668.0
Burapha University,Thailand,5090,800,865,750,600,925,1150,669.0
Artvin Çoruh University,Turkey,5090,1050,845,1425,60,735,975,670.0
University of Tehran,Iran,5090,755,775,900,510,1150,1000,671.0
Karamanoğlu Mehmetbey Üniversity,Turkey,5085,935,865,1125,310,925,925,672.0
Universidad Católica De Oriente,Colombia,5080,820,1050,1050,510,700,950,673.0
Indian Institute of Technology Bhubaneswar,India,5080,1200,860,975,510,860,675,674.0
University of Hormozgan,Iran,5080,1060,660,750,500,1010,1100,675.0
"University of Technology, Iraq",Iraq,5075,685,1250,675,500,1175,790,676.0
University Oil Gas Ploiesti,Romania,5070,610,1175,600,510,950,1225,677.0
Państwowa Akademia Nauk Stosowanych w Nysie,Poland,5065,440,1090,1200,210,900,1225,678.0
International Sakharov Environmental Institute of Belarusian State University,Belarus,5065,715,915,600,160,1375,1300,679.0
Yanka Kupala State University of Grodno,Belarus,5065,665,550,1350,300,1025,1175,680.0
Omsk State Agrarian University,Russia,5065,840,450,975,300,1100,1400,681.0
Al-zahrawi University College,Iraq,5060,950,1215,975,460,735,725,682.0
Universidad Santiago de Cali,Colombia,5060,600,1175,1275,760,575,675,683.0
UIN Salatiga,Indonesia,5045,825,1145,825,450,1135,665,684.0
Adiyaman University,Turkey,5040,935,1110,975,210,760,1050,685.0
Universidade Federal Do Ceara,Brazil,5040,1025,730,675,460,925,1225,686.0
"The University of Agriculture, Peshawar - Pakistan",Pakistan,5025,1015,1125,525,210,1200,950,687.0
University of Ruhuna,Sri Lanka,5025,955,700,900,310,1060,1100,688.0
Universidade Estadual De Londrina,Brazil,5020,885,990,975,410,900,860,689.0
Universitas Bangka Belitung,Indonesia,5020,860,965,600,360,1160,1075,690.0
Universitas Samudra,Indonesia,5010,1000,1010,525,450,875,1150,691.0
Dicle University,Turkey,5010,935,550,1125,500,1225,675,692.0
The Women University Multan,Pakistan,5005,1055,1250,375,350,1100,875,693.0
Atma Jaya Yogyakarta University,Indonesia,5005,650,785,1275,510,760,1025,694.0
"University of Engineering and Technology, Taxila",Pakistan,5005,805,775,450,250,1375,1350,695.0
Al-Farahidi University,Iraq,4990,1005,1225,525,500,760,975,696.0
University of Al-Ameed,Iraq,4975,675,1250,900,600,850,700,697.0
Ahvaz Jundishapur University of Medical Sciences,Iran,4975,705,685,975,360,1275,975,698.0
Ulyanovsk State Technical University,Russia,4975,1105,660,750,210,1100,1150,699.0
Global Humanistic University,Curacao,4970,750,900,1200,360,810,950,700.0
Al-Esraa University College,Iraq,4965,505,1100,675,750,885,1050,701.0
Universitas Trisakti,Indonesia,4960,665,1035,825,500,685,1250,702.0
Universidad Autónoma De Coahuila,Mexico,4955,595,1165,525,260,885,1525,703.0
Nakhon Pathom Rajabhat University,Thailand,4950,705,1035,750,400,960,1100,704.0
KOLEJ KOMUNITI SELAYANG,Malaysia,4950,655,985,600,210,1200,1300,705.0
Universitas Tarumanagara,Indonesia,4940,880,675,1200,450,685,1050,706.0
Technical University of Košice,Slovakia,4935,740,1275,525,360,685,1350,707.0
Universidad de San Buenaventura Cali,Colombia,4930,810,1185,825,900,835,375,708.0
Bolu Abant Izzet Baysal University (BAIBU),Turkey,4930,880,575,900,500,785,1290,709.0
Kyrgyz Turkish Manas University,Kyrgyzstan,4875,990,800,675,210,1075,1125,710.0
The Maria Grzegorzewska University,Poland,4875,615,535,1050,500,900,1275,711.0
Integral University,India,4870,585,425,1350,850,685,975,712.0
Universitas Kristen Krida Wacana,Indonesia,4865,755,1060,750,500,950,850,713.0
National University of Science and Technology MISIS,Russia,4860,415,935,750,360,1200,1200,714.0
Advanced Studies In Basic Sciences,Iran,4855,960,885,450,460,1325,775,715.0
Universidad Centroamericana Jose Simeon Canas,El Salvador,4850,830,1200,975,410,560,875,716.0
Escuela Agricola Panamericana Zamorano,Honduras,4850,715,575,975,410,1250,925,717.0
West Ukrainian National University,Ukraine,4845,550,935,675,360,1075,1250,718.0
Universidad Pontificia Comillas,Spain,4835,675,1150,1125,550,285,1050,719.0
University of Warmia and Mazury in Olsztyn,Poland,4830,900,435,1200,60,885,1350,720.0
Universitas Islam Sultan Agung,Indonesia,4825,1125,525,525,450,1225,975,721.0
Universidad Autonoma De Tamaulipas,Mexico,4820,590,960,600,410,885,1375,722.0
Yala Rajabhat University,Thailand,4820,555,630,900,750,1010,975,723.0
Zanjan University of Medical Sciences and Health Services,Iran,4800,755,1035,525,700,1010,775,724.0
Bharathiar University,India,4800,800,915,525,360,1125,1075,725.0
Sri Padmavati Mahila Visvavidyalayam (Women's University),India,4800,1025,775,375,150,1175,1300,726.0
Bezmialem Vakıf University,Turkey,4800,880,525,900,110,1325,1060,727.0
Institut Ilmu Kesehatan Bhakti Wiyata Kediri,Indonesia,4785,425,1260,900,450,1100,650,728.0
Sharif University of Technology,Iran,4785,450,825,825,360,1200,1125,729.0
Rubtsovsk Institute (branch) of Altai State University,Russia,4770,825,1035,750,260,1050,850,730.0
The Institute of Engineering-technical and transport communications of Turkmenistan,Turkmenistan,4770,765,210,1050,260,1525,960,731.0
National Skills University Islamabad,Pakistan,4765,875,835,900,360,910,885,732.0
Universidad Bernardo O'Higgins,Chile,4740,820,1110,375,360,725,1350,733.0
Saratov State University,Russia,4720,645,775,750,200,1125,1225,734.0
Peruvian University Cayetano Heredia,Peru,4715,695,1050,825,260,760,1125,735.0
Universitas Bosowa,Indonesia,4710,880,845,975,310,800,900,736.0
Istanbul Gelisim University,Turkey,4700,790,1150,750,450,910,650,737.0
Abai Kazakh National Pedagogical University,Kazakhstan,4695,645,740,300,450,1435,1125,738.0
Middle Technical University (MTU),Iraq,4685,690,1175,600,210,1210,800,739.0
Galatasaray University,Turkey,4680,545,910,1275,210,1350,390,740.0
Universitas Bakrie,Indonesia,4680,495,810,675,500,1050,1150,741.0
Tambov State Technical University,Russia,4680,880,700,750,200,575,1575,742.0
Don State Technical University,Russia,4675,830,885,525,260,1425,750,743.0
Indian Institute of Management Bangalore,India,4665,790,865,975,700,785,550,744.0
Tyumen Industrial University,Russia,4640,520,735,900,450,860,1175,745.0
Government College Women University Sialkot,Pakistan,4635,775,860,825,450,650,1075,746.0
Karadeniz Technical University,Turkey,4630,800,835,825,450,960,760,747.0
Tomas Bata University,Czech Republic,4620,700,710,1200,350,710,950,748.0
Universitas Jambi,Indonesia,4610,900,775,525,450,560,1400,749.0
Universidad Popular De La Chontalpa,Mexico,4605,735,1175,975,450,410,860,750.0
Politeknik Negeri Malang,Indonesia,4600,570,1085,600,310,735,1300,751.0
Universidad Nacional de San Martin Argentina,Argentina,4595,660,860,600,250,1175,1050,752.0
Universitas Dinamika,Indonesia,4595,925,600,975,560,700,835,753.0
Marmara University,Turkey,4585,790,660,900,110,1185,940,754.0
Sivas Cumhuriyet University,Turkey,4575,915,425,750,400,735,1350,755.0
University of Education,Pakistan,4570,935,900,450,400,635,1250,756.0
Bansomdejchaopraya Rajabhat University,Thailand,4570,575,860,675,160,1175,1125,757.0
Ateneo de Davao University,Philippines,4570,610,850,900,410,1050,750,758.0
Universitas Surabaya,Indonesia,4565,905,575,975,450,810,850,759.0
BINUS University,Indonesia,4565,705,385,900,600,1050,925,760.0
University of Miskolc,Hungary,4555,1105,640,1275,60,860,615,761.0
MIT World Peace University,India,4550,1005,700,900,210,635,1100,762.0
Sumy National Agrarian University,Ukraine,4545,1025,835,525,210,850,1100,763.0
National Institute of Technology Hamirpur,India,4545,885,460,825,600,975,800,764.0
Colegio de Estudios Superiores de Administracion CESA,Colombia,4540,495,885,525,360,1150,1125,765.0
Saint-Petersburg State Forest Technical University named after S.M. Kirov,Russia,4540,850,770,600,210,960,1150,766.0
Imam Ja'afar Al-Sadiq University,Iraq,4510,775,1000,600,500,810,825,767.0
Universitas Negeri Medan,Indonesia,4505,675,960,825,360,835,850,768.0
Can Tho University,Vietnam,4505,810,900,525,310,685,1275,769.0
Mazaya University College,Iraq,4505,565,740,750,350,1000,1100,770.0
Ağrı İbrahim Çeçen Üniversitesi,Turkey,4505,915,715,525,410,1250,690,771.0
Al-Turath University College,Iraq,4490,420,1135,675,400,835,1025,772.0
Al-Maarif University College,Iraq,4485,760,1190,600,300,435,1200,773.0
University of Balochistan,Pakistan,4485,565,1060,750,360,1000,750,774.0
Shahrood University of Technology,Iran,4485,775,775,750,560,1000,625,775.0
Kyiv National University of Technologies and Design,Ukraine,4485,840,710,600,250,785,1300,776.0
Payame Noor University,Iran,4455,460,1035,675,460,1175,650,777.0
Songkhla Rajabhat University,Thailand,4455,805,575,525,500,1250,800,778.0
Lahore Garrison Univeristy,Pakistan,4450,375,695,1200,460,685,1035,779.0
KOLEJ KOMUNITI JASIN (KKJS),Malaysia,4440,750,960,750,210,835,935,780.0
Imam Al-Kadhum College,Iraq,4430,670,975,600,300,1085,800,781.0
Phuket Rajabhat University,Thailand,4420,700,510,600,450,785,1375,782.0
Federal University of Goiás,Brazil,4415,995,685,975,410,560,790,783.0
Scuola Superiore Sant'anna,Italy,4410,430,560,1350,160,635,1275,784.0
NFC Institute of Engineering and Technology,Pakistan,4405,760,1050,450,460,910,775,785.0
Sari Agricultural Sciences And Natural Resources University,Iran,4395,975,475,375,410,885,1275,786.0
Anadolu University,Turkey,4380,820,845,1275,350,625,465,787.0
Universitas Pembangunan Nasional Veteran Yogyakarta,Indonesia,4375,545,860,675,210,935,1150,788.0
Usak University,Turkey,4370,720,675,525,400,1100,950,789.0
Universidad De San Carlos De Guatemala,Guatemala,4360,885,575,900,110,1100,790,790.0
Shaheed Benazir Bhutto Women University Peshawar Pakistan,Pakistan,4355,765,1010,525,160,1285,610,791.0
Wasit University,Iraq,4350,850,1100,450,450,1025,475,792.0
Universitas Tanjungpura,Indonesia,4345,785,800,450,400,635,1175,793.0
Platov South-Russian State Polytechnic University (NPI),Russia,4330,670,790,1050,210,560,1050,794.0
"Islamia College Peshawar, Pakistan",Pakistan,4315,805,985,750,550,700,525,795.0
Universitas Lancang Kuning,Indonesia,4315,715,975,675,450,700,800,796.0
Universitas Hang Tuah,Indonesia,4315,905,625,750,310,525,1200,797.0
Universidade do Vale do Itajai UNIVALI,Brazil,4310,915,525,975,160,510,1225,798.0
Lagos State University,Nigeria,4295,725,885,375,360,950,1000,799.0
University of South Africa,South Africa,4290,950,560,975,160,910,735,800.0
Istanbul Atlas University,Turkey,4285,465,910,825,410,1035,640,801.0
University of Telafer,Iraq,4285,975,700,150,700,510,1250,802.0
Tomsk State University,Russia,4285,1150,425,600,110,775,1225,803.0
Manila Central University,Philippines,4285,840,385,1350,600,835,275,804.0
Technical University Of Cluj Napoca,Romania,4275,615,975,675,110,810,1090,805.0
Universitas Islam Negeri Alauddin Makassar,Indonesia,4275,780,810,600,300,785,1000,806.0
"University of Sargodha, Sargodha",Pakistan,4265,930,575,300,10,1150,1300,807.0
Dunarea de Jos University of Galati,Romania,4250,930,575,450,260,710,1325,808.0
Universitas Muhammadiyah Surakarta,Indonesia,4245,750,810,750,210,725,1000,809.0
Maranhao State University,Brazil,4245,925,425,1125,160,435,1175,810.0
Madenat Alelem University College,Iraq,4240,780,775,675,550,835,625,811.0
Catholic University In Erbil,Iraq,4235,765,900,900,310,510,850,812.0
National University of Computer & Emerging Sciences,Pakistan,4215,685,1350,300,10,810,1060,813.0
Al-nisour University College,Iraq,4205,800,460,525,460,785,1175,814.0
Ilam university,Iran,4200,875,890,525,550,910,450,815.0
Roi Et Rajabhat University,Thailand,4200,830,485,600,700,1135,450,816.0
Universidade Federal do Oeste do Pará - Ufopa,Brazil,4195,910,1040,375,160,560,1150,817.0
"National University of Science and Technology, Oman",Oman,4190,535,685,450,360,810,1350,818.0
Politeknik Banting Selangor (PBS),Malaysia,4190,730,675,525,450,910,900,819.0
Madonna University,USA,4185,825,1050,750,350,510,700,820.0
Uzhhorod National University,Ukraine,4180,770,975,525,210,610,1090,821.0
UIN Sultan Aji Muhammad Idris Samarinda,Indonesia,4175,605,1025,750,460,985,350,822.0
Russian-Armenian University,Armenia,4170,760,825,300,400,660,1225,823.0
Universidad Tecnologica de Panama,Panama,4165,810,710,600,310,485,1250,824.0
Taif University,Saudi Arabia,4165,970,500,675,160,1185,675,825.0
Institut Teknologi Telkom Surabaya,Indonesia,4160,825,985,450,400,600,900,826.0
Alnoor University College,Iraq,4145,710,760,675,400,660,940,827.0
Al al-Bayt University,Jordan,4145,1075,750,825,460,485,550,828.0
Al-Mustafa University College,Iraq,4140,585,935,1050,310,685,575,829.0
Cag University,Turkey,4125,1065,240,600,110,810,1300,830.0
Muban Chombueng Rajabhat University,Thailand,4115,560,695,450,160,975,1275,831.0
Voronezh State Technical University,Russia,4100,550,815,675,310,835,915,832.0
"National University ""Yuri Kondratyuk Poltava polytechnic""",Ukraine,4095,640,845,450,400,885,875,833.0
Universidad Catolica San Antonio De Murcia,Spain,4095,665,760,1125,160,560,825,834.0
West University of Timisoara,Romania,4090,605,800,525,210,900,1050,835.0
The Ghazi University,Pakistan,4080,725,960,150,260,960,1025,836.0
"Northern University, Nowshera",Pakistan,4075,975,1090,375,210,925,500,837.0
Mohammed V University In Rabat,Morocco,4075,465,1015,450,260,735,1150,838.0
Universitas Kuningan,Indonesia,4045,1025,585,750,160,575,950,839.0
Al Taff University College,Iraq,4045,710,575,675,450,735,900,840.0
Penza State University,Russia,4040,1105,475,525,10,800,1125,841.0
Kharazmi University,Iran,4035,740,810,825,360,1050,250,842.0
University of Gujrat,Pakistan,4030,1025,985,375,160,385,1100,843.0
Università Telematica E-campus,Italy,4025,835,410,1200,10,885,685,844.0
Institut Teknologi Telkom Purwokerto,Indonesia,4015,395,860,1050,400,485,825,845.0
Al-Zahraa University for Women,Iraq,4005,495,810,525,500,875,800,846.0
Kemerovo State University,Russia,4000,440,575,525,350,510,1600,847.0
Universidad de la Costa,Colombia,3995,375,675,825,360,510,1250,848.0
Universidad Autónoma de Chiapas,Mexico,3990,635,715,600,500,1375,165,849.0
King Edward Medical University,Pakistan,3990,715,575,450,400,910,940,850.0
Palestine Polytechnic University,Palestine,3975,505,1450,375,100,560,985,851.0
Università di Foggia,Italy,3975,480,740,1500,210,210,835,852.0
Southern Technical University,Iraq,3970,875,910,600,260,935,390,853.0
"Cardinal Stefan Wyszynski University in Warsaw, Poland",Poland,3960,625,950,450,210,800,925,854.0
Instituiçío Toledo de Ensino,Brazil,3955,550,935,750,210,710,800,855.0
Erzurum Technical University,Turkey,3940,930,835,525,110,800,740,856.0
Dow University of Health Sciences Karachi,Pakistan,3930,580,550,525,500,1075,700,857.0
Dijlah University College,Iraq,3920,660,475,675,450,910,750,858.0
Namal Institute,Pakistan,3910,815,1085,75,100,1110,725,859.0
University of Peshawar,Pakistan,3910,875,650,375,160,850,1000,860.0
Al-Hadba University College,Iraq,3910,500,560,1350,200,275,1025,861.0
University of Birjand,Iran,3880,370,715,525,410,950,910,862.0
Budapest Metropolitan University,Hungary,3880,575,625,900,110,1160,510,863.0
Universidad Tecnológica de México - Campus Atizapán,Mexico,3880,600,270,1125,300,810,775,864.0
South Valley University,Egypt,3875,965,950,525,250,435,750,865.0
Azerbaijan State University of Economics (UNEC),Azerbaijan,3855,910,860,300,300,735,750,866.0
Hilla University College,Iraq,3855,450,720,525,350,685,1125,867.0
Universidad del Valle de Mexico - Campus Tlalpan,Mexico,3855,455,560,750,400,825,865,868.0
University of Dubai,United Arab Emirates,3840,455,875,675,600,610,625,869.0
Universitas Muhammadiyah Parepare,Indonesia,3840,710,495,675,110,825,1025,870.0
Tomsk State University of Architecture and Building,Russia,3835,700,425,825,360,775,750,871.0
Abbottabad University of Science and Technology,Pakistan,3830,800,1010,600,210,560,650,872.0
The Government Sadiq College Women University Bahawalpur,Pakistan,3830,600,620,975,350,1035,250,873.0
Universitas Maritim Raja Ali Haji (UMRAH),Indonesia,3825,815,1050,0,10,750,1200,874.0
Meybod University,Iran,3820,525,885,525,310,1125,450,875.0
National Aviation University,Ukraine,3820,1060,640,600,160,960,400,876.0
Technical and Vocational University,Iran,3800,305,1085,525,450,735,700,877.0
Rezekne Academy of Technologies,Latvia,3800,880,935,450,60,725,750,878.0
Cihan University Sulaimaniya,Iraq,3800,715,835,450,210,950,640,879.0
University of Sistan and Baluchestan,Iran,3760,660,900,300,400,825,675,880.0
Sri Ramachandra Institute of Higher Education and Research (SRIHER),India,3760,925,450,600,450,835,500,881.0
Eskisehir Osmangazi University,Turkey,3755,710,485,525,110,825,1100,882.0
Universita di Macerata (Universita degli Studi di Macerata),Italy,3750,495,800,900,10,560,985,883.0
Aqaba University of Technology,Jordan,3750,840,550,450,360,950,600,884.0
University of Sindh Jamshoro,Pakistan,3730,840,910,450,260,735,535,885.0
National University of Pharmacy,Ukraine,3715,735,735,600,210,635,800,886.0
Al-Karkh University of Science,Iraq,3705,680,775,975,160,625,490,887.0
Fatima Jinnah Women University,Pakistan,3695,445,675,75,250,975,1275,888.0
Universitas Papua,Indonesia,3675,830,535,375,60,1000,875,889.0
Karabuk University,Turkey,3670,885,1350,300,300,460,375,890.0
"Vignan's Foundation for Science, Technology and Research",India,3665,595,585,450,550,885,600,891.0
Women University Mardan,Pakistan,3655,720,740,525,360,660,650,892.0
Kermanshah University of Technology,Iran,3630,760,900,525,510,510,425,893.0
King Saud bin Abdulaziz University for Health Sciences,Saudi Arabia,3630,810,610,225,800,585,600,894.0
Ariel University,Israel,3600,490,475,525,360,575,1175,895.0
Associação Caruaruense de Ensino Superior e Técnico - Asces-unita,Brazil,3590,720,650,375,210,785,850,896.0
Almaty Technological University,Kazakhstan,3585,305,835,1050,10,800,585,897.0
Al-Kut University College,Iraq,3570,480,540,450,300,975,825,898.0
Kharkiv National University of Radio Electronics,Ukraine,3565,385,885,600,160,685,850,899.0
Wroclaw Medical University,Poland,3545,765,990,75,250,900,565,900.0
Ivan Franko National University of Lviv,Ukraine,3530,910,600,300,260,710,750,901.0
"National Institute of Fashion Technology, Bhubaneswar",India,3525,755,810,375,210,725,650,902.0
University Of Medicine And Pharmacy Grigore T Popa,Romania,3510,290,1010,450,200,560,1000,903.0
Armenian State University of Economics,Armenia,3500,715,525,150,250,1010,850,904.0
Alsafwa University College,Iraq,3485,535,590,525,260,700,875,905.0
Moscow State University of Civil Engineering,Russia,3485,930,585,300,110,435,1125,906.0
Universitas Wiraraja,Indonesia,3480,610,885,525,210,325,925,907.0
Universitas Bina Sarana Informatika,Indonesia,3465,585,935,300,410,410,825,908.0
Al Amara University College,Iraq,3465,430,800,600,350,385,900,909.0
Ardakan University,Iran,3460,640,675,375,260,610,900,910.0
Medical University - Sofia,Bulgaria,3440,570,925,675,350,535,385,911.0
Sawa University,Iraq,3430,385,685,525,360,800,675,912.0
Almaty Management University,Kazakhstan,3420,865,960,300,10,560,725,913.0
Bingöl University,Turkey,3420,810,800,450,60,735,565,914.0
Universidade Federal de Sao Paulo,Brazil,3415,550,445,675,110,485,1150,915.0
Universidade Lusofona,Portugal,3405,195,690,1050,260,110,1100,916.0
Universitas Internasional Semen Indonesia,Indonesia,3405,775,585,525,260,535,725,917.0
Almaaqal University,Iraq,3385,290,700,600,410,950,435,918.0
Cankaya University,Turkey,3380,785,250,600,160,735,850,919.0
Universidad de Panama,Panama,3375,580,500,600,210,560,925,920.0
Institut Informatika dan Bisnis Darmajaya,Indonesia,3370,440,785,600,360,560,625,921.0
Denau Institute of Entrepreneurship and Pedagogy,Uzbekistan,3355,750,835,225,310,560,675,922.0
North-Caucasus Federal University,Russia,3355,885,375,450,110,635,900,923.0
Bukhara State Medical Institute named after Abu Ali ibn Sino,Uzbekistan,3345,800,525,225,360,450,985,924.0
Ukhta State Technical University,Russia,3340,395,660,900,200,735,450,925.0
Universidad de Cartagena,Colombia,3340,645,485,375,10,1250,575,926.0
Universidad Biblica De Las Americas,USA,3335,600,775,375,260,675,650,927.0
Al-Bayan University,Iraq,3325,590,400,375,350,685,925,928.0
Arabian Gulf University,Bahrain,3320,525,910,525,250,310,800,929.0
"Islamic Azad University, Science and Research Branch (srbiau)",Iran,3310,735,745,525,210,460,635,930.0
KREA University,India,3310,315,235,450,460,1050,800,931.0
Tadeusz Kosciuszko Cracow University of Technology,Poland,3305,520,890,450,310,610,525,932.0
Institut Agama Islam Negeri Langsa,Indonesia,3285,765,600,450,160,850,460,933.0
Indus University,Pakistan,3260,440,1050,525,410,110,725,934.0
Egyptian Russian University,Egypt,3255,495,710,750,400,435,465,935.0
Sekolah Tinggi Manajemen Ipmi,Indonesia,3255,470,675,450,200,385,1075,936.0
Kirikkale University,Turkey,3240,840,325,450,310,875,440,937.0
Prince Sattam bin Abdulaziz University,Saudi Arabia,3195,700,545,300,350,750,550,938.0
Kherson State Maritime Academy,Ukraine,3195,460,400,975,100,585,675,939.0
Tver State University,Russia,3190,560,760,225,310,510,825,940.0
Universidad Catolica Del Norte,Chile,3190,460,460,450,110,835,875,941.0
Universitas Pendidikan Ganesha,Indonesia,3170,490,860,375,360,435,650,942.0
Ninevah University,Iraq,3155,620,1075,300,200,710,250,943.0
National University Of Science & Technology,Zimbabwe,3150,635,660,225,60,1060,510,944.0
University of Fallujah,Iraq,3150,500,200,600,260,900,690,945.0
Zhetysu university named after I. Zhansugurov,Kazakhstan,3125,615,525,300,210,575,900,946.0
Universidad de La Laguna,Spain,3120,525,700,825,10,235,825,947.0
University Of Zilina,Slovakia,3120,865,485,150,60,535,1025,948.0
University of The State Fiscal Service of Ukraine,Ukraine,3115,980,150,375,10,600,1000,949.0
"Islamic Azad University, Najafabad Branch",Iran,3110,570,405,300,210,975,650,950.0
Pantheon-Assas University Paris II,France,3085,380,750,525,60,760,610,951.0
Kabardino-Balkarian State University named after H.M. Berbekov,Russia,3030,950,385,0,10,160,1525,952.0
STIE Muhammadiyah Jakarta,Indonesia,3020,290,810,675,310,210,725,953.0
Nakhon Ratchasima Rajabhat University,Thailand,3020,515,660,600,110,285,850,954.0
Universitas Teknologi Sumbawa,Indonesia,3015,830,665,300,160,485,575,955.0
Ankara University,Turkey,3005,935,550,75,10,660,775,956.0
Muhammad Nawaz Sharif University Of Engineering & Technology,Pakistan,2990,495,835,150,300,735,475,957.0
Universitas Sanata Dharma,Indonesia,2985,540,750,375,310,660,350,958.0
Kharkiv National Automobile And Highway University,Ukraine,2985,630,535,300,210,750,560,959.0
Akfa University,Uzbekistan,2975,665,735,75,250,675,575,960.0
Universitas Dumoga Kotamobagu,Indonesia,2965,460,810,525,160,485,525,961.0
Buriram Rajabhat University,Thailand,2965,395,595,450,200,850,475,962.0
Universitas Pakuan,Indonesia,2955,575,160,0,160,1010,1050,963.0
"KOLEJ KOMUNITI BUKIT BERUANG, MELAKA, MALAYSIA",Malaysia,2950,470,685,300,110,750,635,964.0
Politeknik Nilai,Malaysia,2940,735,260,450,160,500,835,965.0
Shahid Beheshti Univresity,Iran,2895,760,390,375,510,410,450,966.0
Universal Business School,India,2885,940,720,300,10,500,415,967.0
Daneshpajoohan Pishro Higher Education Institute (DHEI),Iran,2875,355,610,75,10,875,950,968.0
Poltekkes Kemenkes Tanjungkarang,Indonesia,2875,480,410,600,200,560,625,969.0
Phetchabun Rajabhat University,Thailand,2855,375,375,450,210,610,835,970.0
"International Islamic University, Islamabad",Pakistan,2830,765,685,0,10,885,485,971.0
Universitas Pembangunan Jaya,Indonesia,2820,690,510,300,210,110,1000,972.0
Universitat De Les Illes Balears (UIB),Spain,2775,430,375,675,110,660,525,973.0
Politeknik Manufaktur Astra,Indonesia,2755,515,790,375,300,275,500,974.0
Universitas Islam Negeri Fatmawati Sukarno Bengkulu,Indonesia,2750,535,660,525,210,335,485,975.0
University of Manouba,Tunisia,2745,590,485,375,110,385,800,976.0
University of Mashreq,Iraq,2730,570,675,375,160,610,340,977.0
Karshi State University,Uzbekistan,2710,640,675,225,10,735,425,978.0
Vistula University,Poland,2705,475,635,525,10,385,675,979.0
Chirchik State Pedagogical Institute,Uzbekistan,2695,415,735,300,160,610,475,980.0
Universitas Katolik Widya Mandala Surabaya,Indonesia,2690,485,760,450,110,460,425,981.0
Ashur University College,Iraq,2690,285,595,825,200,385,400,982.0
Ion Mincu University of Architecture and Urbanism,Romania,2690,315,395,450,10,360,1160,983.0
Gilgamesh Ahliya University,Iraq,2665,560,685,375,210,510,325,984.0
Bilad Al Rafidain University College,Iraq,2660,555,600,375,360,335,435,985.0
University of Education Winneba,Ghana,2650,375,765,450,210,400,450,986.0
L.N. Gumilyov Eurasian National University,Kazakhstan,2645,700,225,0,10,660,1050,987.0
Hawler Medical University,Iraq,2630,445,550,375,210,600,450,988.0
Jabir ibn Hayyan Medical University,Iraq,2625,470,625,450,60,485,535,989.0
Al-Ayen University,Iraq,2605,415,745,75,210,410,750,990.0
Université de Monastir,Tunisia,2550,280,575,375,160,485,675,991.0
"Instituto Federal de Educacao, Ciencia e Tecnologia de Sao Paulo - IFSP",Brazil,2490,630,690,0,110,660,400,992.0
South Ural State University,Russia,2490,455,625,150,110,410,740,993.0
Al-Mansour University College,Iraq,2480,400,635,450,160,335,500,994.0
Ufa State Aviation Technical University,Russia,2475,605,575,225,110,260,700,995.0
Fazaia Bilquis College of Education for Women,Pakistan,2460,515,575,375,210,160,625,996.0
"Bahauddin Zakariya University, Multan Pakistan",Pakistan,2460,580,485,300,10,560,525,997.0
"Central University Of Technology, Free State",South Africa,2455,200,675,225,260,710,385,998.0
Idlib University,Syria,2440,110,495,450,200,710,475,999.0
Kilis 7 Aralk University,Turkey,2420,835,150,300,260,535,340,1000.0
Politeknik Teknologi Kimia Industri - Medan,Indonesia,2410,480,660,375,360,385,150,1001.0
Institut Teknologi Kalimantan,Indonesia,2380,770,550,225,200,210,425,1002.0
University of Mostar,Bosnia and Herzegovina,2375,335,485,450,310,485,310,1003.0
Universidad Privada Dr. Rafael Belloso Chacin,Venezuela,2370,160,650,375,160,600,425,1004.0
Ibn Sina University of Medical and Pharmaceutical Sciences,Iraq,2360,280,660,375,60,385,600,1005.0
Universitas YARSI,Indonesia,2340,435,310,525,10,10,1050,1006.0
Al Hikma University College,Iraq,2265,595,900,375,10,260,125,1007.0
Navoi state university of mining and technologies,Uzbekistan,2250,560,770,75,160,235,450,1008.0
University of Kwazulu Natal,South Africa,2250,585,310,375,10,660,310,1009.0
Universitas Klabat,Indonesia,2245,540,410,375,110,585,225,1010.0
K. N. Toosi University of Technology,Iran,2235,545,580,225,110,410,365,1011.0
Edo State University Uzairue,Nigeria,2230,540,595,525,260,285,25,1012.0
Al-iraqia University,Iraq,2215,545,560,75,60,500,475,1013.0
Universitas Dhyana Pura,Indonesia,2175,660,495,75,110,410,425,1014.0
Universitas Hamzanwadi,Indonesia,2160,415,585,225,10,635,290,1015.0
Universitas Muria Kudus,Indonesia,2155,475,760,225,60,160,475,1016.0
Universitas Pendidikan Nasional,Indonesia,2125,470,785,75,10,60,725,1017.0
Tikrit University,Iraq,2120,500,425,225,160,660,150,1018.0
Astrakhan State University,Russia,2100,405,500,0,10,635,550,1019.0
Universidad Autonoma De Nayarit,Mexico,2080,500,575,0,10,460,535,1020.0
Universitas Islam Negeri Maulana Malik Ibrahim Malang,Indonesia,2065,225,595,375,110,485,275,1021.0
Al-Manara College of Medical Sciences,Iraq,2050,500,415,0,10,350,775,1022.0
Konya Technical University,Turkey,2035,455,575,75,310,385,235,1023.0
Faculdade Santo Agostinho (Unidade Itabuna-Bahia),Brazil,2020,385,265,675,260,310,125,1024.0
Shatt Al-Arab  University College,Iraq,2015,470,475,225,110,210,525,1025.0
Universitas Nusa Mandiri,Indonesia,2010,340,300,225,10,110,1025,1026.0
Al-Hadi University Collage,Iraq,1990,365,565,375,160,285,240,1027.0
Universitas Al Azhar Indonesia,Indonesia,1950,145,585,75,10,235,900,1028.0
Lighthouse Academy,Syria,1850,250,265,225,60,725,325,1029.0
Moscow University for the Humanities,Russia,1830,915,195,450,10,235,25,1030.0
Universidade do Estado do Amazonas,Brazil,1825,400,705,300,260,10,150,1031.0
University of Information Technology and Communications,Iraq,1775,320,600,225,210,260,160,1032.0
Universitas Galuh,Indonesia,1760,570,385,75,10,260,460,1033.0
Institut Agama Islam Negeri Ponorogo,Indonesia,1735,505,485,75,10,485,175,1034.0
North-west Institute of Management of the Russian Presidential Academy of National Economy and Public Administration,Russia,1675,420,335,75,10,560,275,1035.0
Al-Qasim Green University,Iraq,1640,285,310,0,60,160,825,1036.0
Tashkent Medical Academy,Uzbekistan,1585,685,405,0,10,360,125,1037.0
Universitas Sains dan Teknologi Komputer (Universitas STEKOM),Indonesia,1495,190,760,150,160,210,25,1038.0
Al-Zaytoonah International University,Syria,1360,200,185,75,100,385,415,1039.0
Tashkent Institute Of Finance,Uzbekistan,1280,400,370,75,10,360,65,1040.0
University of Parna Raya,Indonesia,1270,140,525,225,10,260,110,1041.0
Sekolah Tinggi Ilmu Ekonomi Kesuma Negara,Indonesia,1230,60,650,75,10,410,25,1042.0
"Tecnológico Nacional de México, Campus Hermosillo",Mexico,1205,390,60,75,60,210,410,1043.0
Sekolah Tinggi Teknologi Bandung,Indonesia,1175,455,350,75,10,135,150,1044.0
Mari Private University,Syria,1005,125,60,75,10,535,200,1045.0
Universidad Francisco de Paula Santander Ocaña,Colombia,890,785,60,0,10,10,25,1046.0
University of Al-hamdaniya,Iraq,795,100,400,0,110,60,125,1047.0
Sekolah Tinggi Ilmu Ekonomi Eben Haezer Manado,Indonesia,690,150,195,75,110,10,150,1048.0
Basrah University College,Iraq,555,150,60,0,10,285,50,1049.0
STIE Indonesia Banking School,Indonesia,475,290,60,0,0,10,115,1050.0
